[2026-04-28 10:33:04] [WARNING] PERF {"operation":"allegro.service.maintenance.refreshTokens","duration_ms":677.6100000000000136424205265939235687255859375,"account":"","refreshed_count":5}
[2026-04-28 10:34:05] [WARNING] PERF {"operation":"allegro.service.maintenance.refreshTokens","duration_ms":689.4099999999999681676854379475116729736328125,"account":"","refreshed_count":5}
[2026-04-28 10:34:05] [WARNING] PERF {"operation":"allegro.service.maintenance.refreshTokens","duration_ms":674.51999999999998181010596454143524169921875,"account":"","refreshed_count":5}
[2026-04-28 10:35:08] [WARNING] PERF {"operation":"allegro.service.maintenance.refreshTokens","duration_ms":700.049999999999954525264911353588104248046875,"account":"","refreshed_count":5}
[2026-04-28 10:36:05] [WARNING] PERF {"operation":"allegro.service.maintenance.refreshTokens","duration_ms":675.5,"account":"","refreshed_count":5}
[2026-04-28 10:36:05] [WARNING] PERF {"operation":"allegro.service.maintenance.refreshTokens","duration_ms":673.6100000000000136424205265939235687255859375,"account":"","refreshed_count":5}
[2026-04-28 10:37:04] [WARNING] PERF {"operation":"allegro.service.maintenance.refreshTokens","duration_ms":714.779999999999972715158946812152862548828125,"account":"","refreshed_count":5}
[2026-04-28 10:37:40] [WARNING] PERF {"operation":"allegro.service.maintenance.syncBatchItem","duration_ms":215437.640000000013969838619232177734375,"account":"dosztosz"}
[2026-04-28 10:38:04] [WARNING] PERF {"operation":"allegro.service.maintenance.refreshTokens","duration_ms":634.9600000000000363797880709171295166015625,"account":"","refreshed_count":5}
[2026-04-28 10:38:04] [WARNING] PERF {"operation":"allegro.service.maintenance.refreshTokens","duration_ms":639.9099999999999681676854379475116729736328125,"account":"","refreshed_count":5}
[2026-04-28 10:38:17] [WARNING] PERF {"operation":"allegro.service.maintenance.syncBatchItem","duration_ms":36136.5,"account":"etujah"}
[2026-04-28 10:38:17] [WARNING] PERF {"operation":"allegro.service.maintenance.total","duration_ms":252252.85000000000582076609134674072265625,"account":"","queue_limit":100,"sync_enabled":1,"compact_offers":0}
[2026-04-28 10:38:17] [WARNING] PERF {"operation":"allegro.controller.maintenance","duration_ms":252253.0599999999976716935634613037109375,"account":"","queue_limit":100,"sync":1,"queue_done":0,"queue_retry":0,"queue_error":0}
[2026-04-28 10:39:03] [WARNING] PERF {"operation":"allegro.service.maintenance.refreshTokens","duration_ms":549.9600000000000363797880709171295166015625,"account":"","refreshed_count":5}
[2026-04-28 10:40:10] [WARNING] PERF {"operation":"allegro.service.maintenance.refreshTokens","duration_ms":561.1599999999999681676854379475116729736328125,"account":"","refreshed_count":5}
[2026-04-28 10:40:11] [WARNING] PERF {"operation":"allegro.service.maintenance.refreshTokens","duration_ms":620.4600000000000363797880709171295166015625,"account":"","refreshed_count":5}
[2026-04-28 10:40:16] [WARNING] PERF {"operation":"allegro.service.previewAutoEndOffers.storage","duration_ms":5622.7200000000002546585164964199066162109375,"account_id":null,"limit":2000,"scan_limit":10000,"scanned_rows":1882}
[2026-04-28 10:40:16] [WARNING] PERF {"operation":"allegro.service.previewAutoEndOffers.total","duration_ms":5623.1300000000001091393642127513885498046875,"account":"","limit":2000,"scan_limit":10000,"matched_offer_count":0,"end_offer_count":0,"blocked_count":0}
[2026-04-28 10:40:16] [WARNING] PERF {"operation":"allegro.service.autoEndOffers.total","duration_ms":5623.260000000000218278728425502777099609375,"account":"","eligible_to_end":0,"queued_now":0,"already_queued":0}
[2026-04-28 10:40:16] [WARNING] PERF {"operation":"allegro.controller.autoEndOffers","duration_ms":6269.8699999999998908606357872486114501953125,"account":"","limit":2000,"scan_limit":10000,"matched_offer_count":0,"end_offer_count":0,"queued_now_count":0}
[2026-04-28 10:42:04] [WARNING] PERF {"operation":"allegro.service.maintenance.refreshTokens","duration_ms":540.9099999999999681676854379475116729736328125,"account":"","refreshed_count":5}
[2026-04-28 10:42:04] [WARNING] PERF {"operation":"allegro.service.maintenance.refreshTokens","duration_ms":585.1499999999999772626324556767940521240234375,"account":"","refreshed_count":5}
[2026-04-28 10:42:57] [WARNING] PERF {"operation":"allegro.service.maintenance.syncBatchItem","duration_ms":293153.5900000000256113708019256591796875,"account":"altreo-studio"}
[2026-04-28 10:43:04] [WARNING] PERF {"operation":"allegro.service.maintenance.refreshTokens","duration_ms":536.6599999999999681676854379475116729736328125,"account":"","refreshed_count":5}
[2026-04-28 10:44:04] [WARNING] PERF {"operation":"allegro.service.maintenance.refreshTokens","duration_ms":535.8799999999999954525264911353588104248046875,"account":"","refreshed_count":5}
[2026-04-28 10:44:04] [WARNING] PERF {"operation":"allegro.service.maintenance.refreshTokens","duration_ms":550.950000000000045474735088646411895751953125,"account":"","refreshed_count":5}
[2026-04-28 10:45:07] [WARNING] PERF {"operation":"allegro.service.maintenance.refreshTokens","duration_ms":543.220000000000027284841053187847137451171875,"account":"","refreshed_count":5}
[2026-04-28 10:46:03] [WARNING] PERF {"operation":"allegro.service.maintenance.refreshTokens","duration_ms":540.0800000000000409272615797817707061767578125,"account":"","refreshed_count":5}
[2026-04-28 10:47:03] [WARNING] PERF {"operation":"allegro.service.maintenance.refreshTokens","duration_ms":584.1200000000000045474735088646411895751953125,"account":"","refreshed_count":5}
[2026-04-28 10:47:55] [WARNING] PERF {"operation":"allegro.service.maintenance.syncBatchItem","duration_ms":230834.5599999999976716935634613037109375,"account":"altreo-studio"}
[2026-04-28 10:48:05] [WARNING] PERF {"operation":"allegro.service.maintenance.refreshTokens","duration_ms":525.490000000000009094947017729282379150390625,"account":"","refreshed_count":5}
[2026-04-28 10:48:05] [WARNING] PERF {"operation":"allegro.service.maintenance.refreshTokens","duration_ms":588.720000000000027284841053187847137451171875,"account":"","refreshed_count":5}
[2026-04-28 10:50:10] [WARNING] PERF {"operation":"allegro.service.maintenance.refreshTokens","duration_ms":508.92000000000001591615728102624416351318359375,"account":"","refreshed_count":5}
[2026-04-28 10:50:10] [WARNING] PERF {"operation":"allegro.service.maintenance.refreshTokens","duration_ms":590.25,"account":"","refreshed_count":5}
[2026-04-28 10:50:15] [WARNING] PERF {"operation":"allegro.service.previewAutoEndOffers.storage","duration_ms":5359.1400000000003274180926382541656494140625,"account_id":null,"limit":2000,"scan_limit":10000,"scanned_rows":1882}
[2026-04-28 10:50:15] [WARNING] PERF {"operation":"allegro.service.previewAutoEndOffers.total","duration_ms":5359.5299999999997453414835035800933837890625,"account":"","limit":2000,"scan_limit":10000,"matched_offer_count":0,"end_offer_count":0,"blocked_count":0}
[2026-04-28 10:50:15] [WARNING] PERF {"operation":"allegro.service.autoEndOffers.total","duration_ms":5359.649999999999636202119290828704833984375,"account":"","eligible_to_end":0,"queued_now":0,"already_queued":0}
[2026-04-28 10:50:15] [WARNING] PERF {"operation":"allegro.controller.autoEndOffers","duration_ms":5574.2200000000002546585164964199066162109375,"account":"","limit":2000,"scan_limit":10000,"matched_offer_count":0,"end_offer_count":0,"queued_now_count":0}
[2026-04-28 10:51:04] [WARNING] PERF {"operation":"allegro.service.maintenance.refreshTokens","duration_ms":531.799999999999954525264911353588104248046875,"account":"","refreshed_count":5}
[2026-04-28 10:53:10] [WARNING] PERF {"operation":"allegro.service.maintenance.syncBatchItem","duration_ms":180608.48999999999068677425384521484375,"account":"dosztosz"}
[2026-04-28 10:53:41] [WARNING] PERF {"operation":"allegro.service.maintenance.syncBatchItem","duration_ms":30938.86999999999898136593401432037353515625,"account":"etujah"}
[2026-04-28 10:53:41] [WARNING] PERF {"operation":"allegro.service.maintenance.total","duration_ms":212143.17000000001280568540096282958984375,"account":"","queue_limit":100,"sync_enabled":1,"compact_offers":0}
[2026-04-28 10:53:41] [WARNING] PERF {"operation":"allegro.controller.maintenance","duration_ms":212143.359999999986030161380767822265625,"account":"","queue_limit":100,"sync":1,"queue_done":0,"queue_retry":0,"queue_error":0}
[2026-04-28 10:56:04] [WARNING] PERF {"operation":"allegro.service.maintenance.refreshTokens","duration_ms":584.6399999999999863575794734060764312744140625,"account":"","refreshed_count":5}
[2026-04-28 10:56:04] [WARNING] PERF {"operation":"allegro.service.maintenance.refreshTokens","duration_ms":574.25,"account":"","refreshed_count":5}
[2026-04-28 10:57:04] [WARNING] PERF {"operation":"allegro.service.maintenance.refreshTokens","duration_ms":528.1100000000000136424205265939235687255859375,"account":"","refreshed_count":5}
[2026-04-28 10:58:04] [WARNING] PERF {"operation":"allegro.service.maintenance.refreshTokens","duration_ms":515.490000000000009094947017729282379150390625,"account":"","refreshed_count":5}
[2026-04-28 10:58:04] [WARNING] PERF {"operation":"allegro.service.maintenance.refreshTokens","duration_ms":548.6499999999999772626324556767940521240234375,"account":"","refreshed_count":5}
[2026-04-28 10:58:58] [WARNING] PERF {"operation":"allegro.service.maintenance.syncBatchItem","duration_ms":293363.349999999976716935634613037109375,"account":"altreo-studio"}
[2026-04-28 11:00:15] [WARNING] PERF {"operation":"allegro.service.maintenance.refreshTokens","duration_ms":795.6100000000000136424205265939235687255859375,"account":"","refreshed_count":5}
[2026-04-28 11:00:15] [WARNING] PERF {"operation":"allegro.service.maintenance.refreshTokens","duration_ms":926.720000000000027284841053187847137451171875,"account":"","refreshed_count":5}
[2026-04-28 11:00:22] [WARNING] PERF {"operation":"allegro.service.previewAutoEndOffers.storage","duration_ms":7538.27000000000043655745685100555419921875,"account_id":null,"limit":2000,"scan_limit":10000,"scanned_rows":1882}
[2026-04-28 11:00:22] [WARNING] PERF {"operation":"allegro.service.previewAutoEndOffers.total","duration_ms":7538.5699999999997089616954326629638671875,"account":"","limit":2000,"scan_limit":10000,"matched_offer_count":0,"end_offer_count":0,"blocked_count":0}
[2026-04-28 11:00:22] [WARNING] PERF {"operation":"allegro.service.autoEndOffers.total","duration_ms":7538.6899999999995998223312199115753173828125,"account":"","eligible_to_end":0,"queued_now":0,"already_queued":0}
[2026-04-28 11:00:22] [WARNING] PERF {"operation":"allegro.controller.autoEndOffers","duration_ms":7821.3100000000004001776687800884246826171875,"account":"","limit":2000,"scan_limit":10000,"matched_offer_count":0,"end_offer_count":0,"queued_now_count":0}
[2026-04-28 11:01:04] [WARNING] PERF {"operation":"allegro.service.maintenance.refreshTokens","duration_ms":503.98000000000001818989403545856475830078125,"account":"","refreshed_count":5}
[2026-04-28 11:02:05] [WARNING] PERF {"operation":"allegro.service.maintenance.refreshTokens","duration_ms":647.4600000000000363797880709171295166015625,"account":"","refreshed_count":5}
[2026-04-28 11:02:05] [WARNING] PERF {"operation":"allegro.service.maintenance.refreshTokens","duration_ms":606.8400000000000318323145620524883270263671875,"account":"","refreshed_count":5}
[2026-04-28 11:03:04] [WARNING] PERF {"operation":"allegro.service.maintenance.refreshTokens","duration_ms":551.26999999999998181010596454143524169921875,"account":"","refreshed_count":5}
[2026-04-28 11:04:04] [WARNING] PERF {"operation":"allegro.service.maintenance.refreshTokens","duration_ms":646.7899999999999636202119290828704833984375,"account":"","refreshed_count":5}
[2026-04-28 11:04:04] [WARNING] PERF {"operation":"allegro.service.maintenance.refreshTokens","duration_ms":641.2100000000000363797880709171295166015625,"account":"","refreshed_count":5}
[2026-04-28 11:05:08] [WARNING] PERF {"operation":"allegro.service.maintenance.refreshTokens","duration_ms":547.6799999999999499777914024889469146728515625,"account":"","refreshed_count":5}
[2026-04-28 11:07:04] [WARNING] PERF {"operation":"allegro.service.maintenance.refreshTokens","duration_ms":577.8999999999999772626324556767940521240234375,"account":"","refreshed_count":5}
[2026-04-28 11:08:04] [WARNING] PERF {"operation":"allegro.service.maintenance.refreshTokens","duration_ms":567.8999999999999772626324556767940521240234375,"account":"","refreshed_count":5}
[2026-04-28 11:08:04] [WARNING] PERF {"operation":"allegro.service.maintenance.refreshTokens","duration_ms":624.1499999999999772626324556767940521240234375,"account":"","refreshed_count":5}
[2026-04-28 11:09:03] [WARNING] PERF {"operation":"allegro.service.maintenance.refreshTokens","duration_ms":532.4600000000000363797880709171295166015625,"account":"","refreshed_count":5}
[2026-04-28 11:10:09] [WARNING] PERF {"operation":"allegro.service.maintenance.refreshTokens","duration_ms":525.549999999999954525264911353588104248046875,"account":"","refreshed_count":5}
[2026-04-28 11:10:09] [WARNING] PERF {"operation":"allegro.service.maintenance.refreshTokens","duration_ms":676.5399999999999636202119290828704833984375,"account":"","refreshed_count":5}
[2026-04-28 11:10:13] [WARNING] PERF {"operation":"allegro.service.previewAutoEndOffers.storage","duration_ms":5078.3800000000001091393642127513885498046875,"account_id":null,"limit":2000,"scan_limit":10000,"scanned_rows":1882}
[2026-04-28 11:10:13] [WARNING] PERF {"operation":"allegro.service.previewAutoEndOffers.total","duration_ms":5078.760000000000218278728425502777099609375,"account":"","limit":2000,"scan_limit":10000,"matched_offer_count":0,"end_offer_count":0,"blocked_count":0}
[2026-04-28 11:10:13] [WARNING] PERF {"operation":"allegro.service.autoEndOffers.total","duration_ms":5078.8800000000001091393642127513885498046875,"account":"","eligible_to_end":0,"queued_now":0,"already_queued":0}
[2026-04-28 11:10:13] [WARNING] PERF {"operation":"allegro.controller.autoEndOffers","duration_ms":5377.6400000000003274180926382541656494140625,"account":"","limit":2000,"scan_limit":10000,"matched_offer_count":0,"end_offer_count":0,"queued_now_count":0}
[2026-04-28 11:11:04] [WARNING] PERF {"operation":"allegro.service.maintenance.refreshTokens","duration_ms":500.32999999999998408384271897375583648681640625,"account":"","refreshed_count":5}
[2026-04-28 11:14:05] [WARNING] PERF {"operation":"allegro.service.maintenance.refreshTokens","duration_ms":605.01999999999998181010596454143524169921875,"account":"","refreshed_count":5}
[2026-04-28 11:14:05] [WARNING] PERF {"operation":"allegro.service.maintenance.refreshTokens","duration_ms":708.2100000000000363797880709171295166015625,"account":"","refreshed_count":5}
[2026-04-28 11:15:07] [WARNING] PERF {"operation":"allegro.service.maintenance.refreshTokens","duration_ms":506.43000000000000682121026329696178436279296875,"account":"","refreshed_count":5}
[2026-04-28 11:16:04] [WARNING] PERF {"operation":"allegro.service.maintenance.refreshTokens","duration_ms":649.0399999999999636202119290828704833984375,"account":"","refreshed_count":5}
[2026-04-28 11:16:04] [WARNING] PERF {"operation":"allegro.service.maintenance.refreshTokens","duration_ms":652.6000000000000227373675443232059478759765625,"account":"","refreshed_count":5}
[2026-04-28 11:17:04] [WARNING] PERF {"operation":"allegro.service.maintenance.refreshTokens","duration_ms":724.279999999999972715158946812152862548828125,"account":"","refreshed_count":5}
[2026-04-28 11:18:05] [WARNING] PERF {"operation":"allegro.service.maintenance.refreshTokens","duration_ms":555.3200000000000500222085975110530853271484375,"account":"","refreshed_count":5}
[2026-04-28 11:18:05] [WARNING] PERF {"operation":"allegro.service.maintenance.refreshTokens","duration_ms":602.7100000000000363797880709171295166015625,"account":"","refreshed_count":5}
[2026-04-28 11:19:03] [WARNING] PERF {"operation":"allegro.service.maintenance.refreshTokens","duration_ms":631.05999999999994543031789362430572509765625,"account":"","refreshed_count":5}
[2026-04-28 11:20:09] [WARNING] PERF {"operation":"allegro.service.maintenance.refreshTokens","duration_ms":666.8799999999999954525264911353588104248046875,"account":"","refreshed_count":5}
[2026-04-28 11:20:09] [WARNING] PERF {"operation":"allegro.service.maintenance.refreshTokens","duration_ms":815.0900000000000318323145620524883270263671875,"account":"","refreshed_count":5}
[2026-04-28 11:20:13] [WARNING] PERF {"operation":"allegro.service.previewAutoEndOffers.storage","duration_ms":5429.5299999999997453414835035800933837890625,"account_id":null,"limit":2000,"scan_limit":10000,"scanned_rows":1882}
[2026-04-28 11:20:13] [WARNING] PERF {"operation":"allegro.service.previewAutoEndOffers.total","duration_ms":5430.4600000000000363797880709171295166015625,"account":"","limit":2000,"scan_limit":10000,"matched_offer_count":0,"end_offer_count":0,"blocked_count":0}
[2026-04-28 11:20:13] [WARNING] PERF {"operation":"allegro.service.autoEndOffers.total","duration_ms":5430.579999999999927240423858165740966796875,"account":"","eligible_to_end":0,"queued_now":0,"already_queued":0}
[2026-04-28 11:20:14] [WARNING] PERF {"operation":"allegro.controller.autoEndOffers","duration_ms":5640.8900000000003274180926382541656494140625,"account":"","limit":2000,"scan_limit":10000,"matched_offer_count":0,"end_offer_count":0,"queued_now_count":0}
[2026-04-28 11:21:04] [WARNING] PERF {"operation":"allegro.service.maintenance.refreshTokens","duration_ms":692.220000000000027284841053187847137451171875,"account":"","refreshed_count":5}
[2026-04-28 11:22:04] [WARNING] PERF {"operation":"allegro.service.maintenance.refreshTokens","duration_ms":620.4099999999999681676854379475116729736328125,"account":"","refreshed_count":5}
[2026-04-28 11:22:04] [WARNING] PERF {"operation":"allegro.service.maintenance.refreshTokens","duration_ms":695.73000000000001818989403545856475830078125,"account":"","refreshed_count":5}
[2026-04-28 11:23:03] [WARNING] PERF {"operation":"allegro.service.maintenance.refreshTokens","duration_ms":696.30999999999994543031789362430572509765625,"account":"","refreshed_count":5}
[2026-04-28 11:24:05] [WARNING] PERF {"operation":"allegro.service.maintenance.refreshTokens","duration_ms":693.80999999999994543031789362430572509765625,"account":"","refreshed_count":5}
[2026-04-28 11:24:05] [WARNING] PERF {"operation":"allegro.service.maintenance.refreshTokens","duration_ms":691.75,"account":"","refreshed_count":5}
[2026-04-28 11:25:08] [WARNING] PERF {"operation":"allegro.service.maintenance.refreshTokens","duration_ms":896,"account":"","refreshed_count":5}
[2026-04-28 11:26:04] [WARNING] PERF {"operation":"allegro.service.maintenance.refreshTokens","duration_ms":750.049999999999954525264911353588104248046875,"account":"","refreshed_count":5}
[2026-04-28 11:26:04] [WARNING] PERF {"operation":"allegro.service.maintenance.refreshTokens","duration_ms":825.8799999999999954525264911353588104248046875,"account":"","refreshed_count":5}
[2026-04-28 11:27:04] [WARNING] PERF {"operation":"allegro.service.maintenance.refreshTokens","duration_ms":689.3899999999999863575794734060764312744140625,"account":"","refreshed_count":5}
[2026-04-28 11:28:05] [WARNING] PERF {"operation":"allegro.service.maintenance.refreshTokens","duration_ms":611.970000000000027284841053187847137451171875,"account":"","refreshed_count":5}
[2026-04-28 11:28:05] [WARNING] PERF {"operation":"allegro.service.maintenance.refreshTokens","duration_ms":691.3200000000000500222085975110530853271484375,"account":"","refreshed_count":5}
[2026-04-28 11:29:03] [WARNING] PERF {"operation":"allegro.service.maintenance.refreshTokens","duration_ms":650.740000000000009094947017729282379150390625,"account":"","refreshed_count":5}
[2026-04-28 11:30:10] [WARNING] PERF {"operation":"allegro.service.maintenance.refreshTokens","duration_ms":688.009999999999990905052982270717620849609375,"account":"","refreshed_count":5}
[2026-04-28 11:30:10] [WARNING] PERF {"operation":"allegro.service.maintenance.refreshTokens","duration_ms":630.0800000000000409272615797817707061767578125,"account":"","refreshed_count":5}
[2026-04-28 11:30:14] [WARNING] PERF {"operation":"allegro.service.previewAutoEndOffers.storage","duration_ms":5131.4399999999995998223312199115753173828125,"account_id":null,"limit":2000,"scan_limit":10000,"scanned_rows":1882}
[2026-04-28 11:30:14] [WARNING] PERF {"operation":"allegro.service.previewAutoEndOffers.total","duration_ms":5131.760000000000218278728425502777099609375,"account":"","limit":2000,"scan_limit":10000,"matched_offer_count":0,"end_offer_count":0,"blocked_count":0}
[2026-04-28 11:30:14] [WARNING] PERF {"operation":"allegro.service.autoEndOffers.total","duration_ms":5131.8599999999996725819073617458343505859375,"account":"","eligible_to_end":0,"queued_now":0,"already_queued":0}
[2026-04-28 11:30:14] [WARNING] PERF {"operation":"allegro.controller.autoEndOffers","duration_ms":5508.6800000000002910383045673370361328125,"account":"","limit":2000,"scan_limit":10000,"matched_offer_count":0,"end_offer_count":0,"queued_now_count":0}
[2026-04-28 11:31:03] [WARNING] PERF {"operation":"allegro.service.maintenance.refreshTokens","duration_ms":625.5700000000000500222085975110530853271484375,"account":"","refreshed_count":5}
[2026-04-28 11:32:04] [WARNING] PERF {"operation":"allegro.service.maintenance.refreshTokens","duration_ms":590.76999999999998181010596454143524169921875,"account":"","refreshed_count":5}
[2026-04-28 11:32:04] [WARNING] PERF {"operation":"allegro.service.maintenance.refreshTokens","duration_ms":633.3500000000000227373675443232059478759765625,"account":"","refreshed_count":5}
[2026-04-28 11:33:04] [WARNING] PERF {"operation":"allegro.service.maintenance.refreshTokens","duration_ms":554.3700000000000045474735088646411895751953125,"account":"","refreshed_count":5}
[2026-04-28 11:35:07] [WARNING] PERF {"operation":"allegro.service.maintenance.refreshTokens","duration_ms":593.44000000000005456968210637569427490234375,"account":"","refreshed_count":5}
[2026-04-28 11:36:04] [WARNING] PERF {"operation":"allegro.service.maintenance.refreshTokens","duration_ms":505.45999999999997953636921010911464691162109375,"account":"","refreshed_count":5}
[2026-04-28 11:36:04] [WARNING] PERF {"operation":"allegro.service.maintenance.refreshTokens","duration_ms":526.8899999999999863575794734060764312744140625,"account":"","refreshed_count":5}
[2026-04-28 11:37:04] [WARNING] PERF {"operation":"allegro.service.maintenance.refreshTokens","duration_ms":578.549999999999954525264911353588104248046875,"account":"","refreshed_count":5}
[2026-04-28 11:38:04] [WARNING] PERF {"operation":"allegro.service.maintenance.refreshTokens","duration_ms":510.470000000000027284841053187847137451171875,"account":"","refreshed_count":5}
[2026-04-28 11:38:04] [WARNING] PERF {"operation":"allegro.service.maintenance.refreshTokens","duration_ms":510.06000000000000227373675443232059478759765625,"account":"","refreshed_count":5}
[2026-04-28 11:39:04] [WARNING] PERF {"operation":"allegro.service.maintenance.refreshTokens","duration_ms":533.69000000000005456968210637569427490234375,"account":"","refreshed_count":5}
[2026-04-28 11:40:08] [WARNING] PERF {"operation":"allegro.service.maintenance.refreshTokens","duration_ms":617.740000000000009094947017729282379150390625,"account":"","refreshed_count":5}
[2026-04-28 11:40:08] [WARNING] PERF {"operation":"allegro.service.maintenance.refreshTokens","duration_ms":630.26999999999998181010596454143524169921875,"account":"","refreshed_count":5}
[2026-04-28 11:40:13] [WARNING] PERF {"operation":"allegro.service.previewAutoEndOffers.storage","duration_ms":5033.8000000000001818989403545856475830078125,"account_id":null,"limit":2000,"scan_limit":10000,"scanned_rows":1882}
[2026-04-28 11:40:13] [WARNING] PERF {"operation":"allegro.service.previewAutoEndOffers.total","duration_ms":5034.1099999999996725819073617458343505859375,"account":"","limit":2000,"scan_limit":10000,"matched_offer_count":0,"end_offer_count":0,"blocked_count":0}
[2026-04-28 11:40:13] [WARNING] PERF {"operation":"allegro.service.autoEndOffers.total","duration_ms":5034.2200000000002546585164964199066162109375,"account":"","eligible_to_end":0,"queued_now":0,"already_queued":0}
[2026-04-28 11:40:13] [WARNING] PERF {"operation":"allegro.controller.autoEndOffers","duration_ms":5250.90999999999985448084771633148193359375,"account":"","limit":2000,"scan_limit":10000,"matched_offer_count":0,"end_offer_count":0,"queued_now_count":0}
[2026-04-28 11:41:04] [WARNING] PERF {"operation":"allegro.service.maintenance.refreshTokens","duration_ms":527.19000000000005456968210637569427490234375,"account":"","refreshed_count":5}
[2026-04-28 11:42:05] [WARNING] PERF {"operation":"allegro.service.maintenance.refreshTokens","duration_ms":552.720000000000027284841053187847137451171875,"account":"","refreshed_count":5}
[2026-04-28 11:42:05] [WARNING] PERF {"operation":"allegro.service.maintenance.refreshTokens","duration_ms":596.1599999999999681676854379475116729736328125,"account":"","refreshed_count":5}
[2026-04-28 11:43:03] [WARNING] PERF {"operation":"allegro.service.maintenance.refreshTokens","duration_ms":614.259999999999990905052982270717620849609375,"account":"","refreshed_count":5}
[2026-04-28 11:44:04] [WARNING] PERF {"operation":"allegro.service.maintenance.refreshTokens","duration_ms":562.6699999999999590727384202182292938232421875,"account":"","refreshed_count":5}
[2026-04-28 11:44:04] [WARNING] PERF {"operation":"allegro.service.maintenance.refreshTokens","duration_ms":562.3300000000000409272615797817707061767578125,"account":"","refreshed_count":5}
[2026-04-28 11:45:08] [WARNING] PERF {"operation":"allegro.service.maintenance.refreshTokens","duration_ms":635.8799999999999954525264911353588104248046875,"account":"","refreshed_count":5}
[2026-04-28 11:46:05] [WARNING] PERF {"operation":"allegro.service.maintenance.refreshTokens","duration_ms":758.799999999999954525264911353588104248046875,"account":"","refreshed_count":5}
[2026-04-28 11:46:05] [WARNING] PERF {"operation":"allegro.service.maintenance.refreshTokens","duration_ms":891.0900000000000318323145620524883270263671875,"account":"","refreshed_count":5}
[2026-04-28 11:47:03] [WARNING] PERF {"operation":"allegro.service.maintenance.refreshTokens","duration_ms":657.2899999999999636202119290828704833984375,"account":"","refreshed_count":5}
[2026-04-28 11:48:04] [WARNING] PERF {"operation":"allegro.service.maintenance.refreshTokens","duration_ms":669.8799999999999954525264911353588104248046875,"account":"","refreshed_count":5}
[2026-04-28 11:48:05] [WARNING] PERF {"operation":"allegro.service.maintenance.refreshTokens","duration_ms":609.1200000000000045474735088646411895751953125,"account":"","refreshed_count":5}
[2026-04-28 11:49:04] [WARNING] PERF {"operation":"allegro.service.maintenance.refreshTokens","duration_ms":596.01999999999998181010596454143524169921875,"account":"","refreshed_count":5}
[2026-04-28 11:50:10] [WARNING] PERF {"operation":"allegro.service.maintenance.refreshTokens","duration_ms":685.3300000000000409272615797817707061767578125,"account":"","refreshed_count":5}
[2026-04-28 11:50:10] [WARNING] PERF {"operation":"allegro.service.maintenance.refreshTokens","duration_ms":714.1399999999999863575794734060764312744140625,"account":"","refreshed_count":5}
[2026-04-28 11:50:16] [WARNING] PERF {"operation":"allegro.service.previewAutoEndOffers.storage","duration_ms":6858.600000000000363797880709171295166015625,"account_id":null,"limit":2000,"scan_limit":10000,"scanned_rows":1882}
[2026-04-28 11:50:16] [WARNING] PERF {"operation":"allegro.service.previewAutoEndOffers.total","duration_ms":6858.9700000000002546585164964199066162109375,"account":"","limit":2000,"scan_limit":10000,"matched_offer_count":0,"end_offer_count":0,"blocked_count":0}
[2026-04-28 11:50:16] [WARNING] PERF {"operation":"allegro.service.autoEndOffers.total","duration_ms":6859.1099999999996725819073617458343505859375,"account":"","eligible_to_end":0,"queued_now":0,"already_queued":0}
[2026-04-28 11:50:16] [WARNING] PERF {"operation":"allegro.controller.autoEndOffers","duration_ms":7054.420000000000072759576141834259033203125,"account":"","limit":2000,"scan_limit":10000,"matched_offer_count":0,"end_offer_count":0,"queued_now_count":0}
[2026-04-28 11:51:04] [WARNING] PERF {"operation":"allegro.service.maintenance.refreshTokens","duration_ms":550.6499999999999772626324556767940521240234375,"account":"","refreshed_count":5}
[2026-04-28 11:52:04] [WARNING] PERF {"operation":"allegro.service.maintenance.refreshTokens","duration_ms":535.6200000000000045474735088646411895751953125,"account":"","refreshed_count":5}
[2026-04-28 11:52:04] [WARNING] PERF {"operation":"allegro.service.maintenance.refreshTokens","duration_ms":560.0399999999999636202119290828704833984375,"account":"","refreshed_count":5}
[2026-04-28 11:53:03] [WARNING] PERF {"operation":"allegro.service.maintenance.refreshTokens","duration_ms":595.5399999999999636202119290828704833984375,"account":"","refreshed_count":5}
[2026-04-28 11:54:04] [WARNING] PERF {"operation":"allegro.service.maintenance.refreshTokens","duration_ms":544.0900000000000318323145620524883270263671875,"account":"","refreshed_count":5}
[2026-04-28 11:54:04] [WARNING] PERF {"operation":"allegro.service.maintenance.refreshTokens","duration_ms":632.75,"account":"","refreshed_count":5}
[2026-04-28 11:55:08] [WARNING] PERF {"operation":"allegro.service.maintenance.refreshTokens","duration_ms":639.0900000000000318323145620524883270263671875,"account":"","refreshed_count":5}
[2026-04-28 11:56:28] [INFO] Rozpoczynam replaceForProduct dla produktu ID: 16502
[2026-04-28 11:56:28] [INFO] W transakcji - usuwam parametry dla produktu ID: 16502
[2026-04-28 11:56:28] [INFO] Dodaje parametr 11323 dla produktu 16502
[2026-04-28 11:56:28] [INFO] Dodaje parametr 11484 dla produktu 16502
[2026-04-28 11:56:28] [INFO] Dodaje parametr 248811 dla produktu 16502
[2026-04-28 11:56:28] [INFO] Dodaje parametr 220677 dla produktu 16502
[2026-04-28 11:56:28] [INFO] Dodaje parametr 23389 dla produktu 16502
[2026-04-28 11:56:28] [INFO] Dodaje parametr 129360 dla produktu 16502
[2026-04-28 11:56:28] [INFO] Dodaje parametr 225693 dla produktu 16502
[2026-04-28 11:56:28] [INFO] Dodaje parametr 224017 dla produktu 16502
[2026-04-28 11:56:28] [INFO] Dodaje parametr 17448 dla produktu 16502
[2026-04-28 11:56:28] [INFO] Dodaje parametr 229205 dla produktu 16502
[2026-04-28 11:56:28] [INFO] Transakcja replaceForProduct zakonczona sukcesem dla produktu ID: 16502
[2026-04-28 11:56:56] [INFO] Rozpoczynam replaceForProduct dla produktu ID: 16501
[2026-04-28 11:56:56] [INFO] W transakcji - usuwam parametry dla produktu ID: 16501
[2026-04-28 11:56:56] [INFO] Dodaje parametr 11323 dla produktu 16501
[2026-04-28 11:56:56] [INFO] Dodaje parametr 11484 dla produktu 16501
[2026-04-28 11:56:56] [INFO] Dodaje parametr 248811 dla produktu 16501
[2026-04-28 11:56:56] [INFO] Dodaje parametr 220677 dla produktu 16501
[2026-04-28 11:56:56] [INFO] Dodaje parametr 23389 dla produktu 16501
[2026-04-28 11:56:56] [INFO] Dodaje parametr 129360 dla produktu 16501
[2026-04-28 11:56:56] [INFO] Dodaje parametr 225693 dla produktu 16501
[2026-04-28 11:56:56] [INFO] Dodaje parametr 224017 dla produktu 16501
[2026-04-28 11:56:56] [INFO] Dodaje parametr 17448 dla produktu 16501
[2026-04-28 11:56:56] [INFO] Dodaje parametr 229205 dla produktu 16501
[2026-04-28 11:56:56] [INFO] Transakcja replaceForProduct zakonczona sukcesem dla produktu ID: 16501
[2026-04-28 12:00:21] [WARNING] PERF {"operation":"allegro.service.maintenance.refreshTokens","duration_ms":5706.8000000000001818989403545856475830078125,"account":"","refreshed_count":5}
[2026-04-28 12:00:21] [WARNING] PERF {"operation":"allegro.service.maintenance.refreshTokens","duration_ms":5877.6199999999998908606357872486114501953125,"account":"","refreshed_count":5}
[2026-04-28 12:00:21] [WARNING] PERF {"operation":"allegro.service.maintenance.total","duration_ms":5878.8699999999998908606357872486114501953125,"account":"","queue_limit":80,"sync_enabled":0,"compact_offers":0}
[2026-04-28 12:00:21] [WARNING] PERF {"operation":"allegro.controller.maintenance","duration_ms":5878.989999999999781721271574497222900390625,"account":"","queue_limit":80,"sync":0,"queue_done":0,"queue_retry":0,"queue_error":0}
[2026-04-28 12:00:22] [WARNING] PERF {"operation":"allegro.service.previewAutoEndOffers.storage","duration_ms":6214.4399999999995998223312199115753173828125,"account_id":null,"limit":2000,"scan_limit":10000,"scanned_rows":1882}
[2026-04-28 12:00:22] [WARNING] PERF {"operation":"allegro.service.previewAutoEndOffers.total","duration_ms":6214.7200000000002546585164964199066162109375,"account":"","limit":2000,"scan_limit":10000,"matched_offer_count":0,"end_offer_count":0,"blocked_count":0}
[2026-04-28 12:00:22] [WARNING] PERF {"operation":"allegro.service.autoEndOffers.total","duration_ms":6214.850000000000363797880709171295166015625,"account":"","eligible_to_end":0,"queued_now":0,"already_queued":0}
[2026-04-28 12:00:22] [WARNING] PERF {"operation":"allegro.controller.autoEndOffers","duration_ms":6642.420000000000072759576141834259033203125,"account":"","limit":2000,"scan_limit":10000,"matched_offer_count":0,"end_offer_count":0,"queued_now_count":0}
[2026-04-28 12:01:05] [WARNING] PERF {"operation":"allegro.service.maintenance.refreshTokens","duration_ms":2487.59000000000014551915228366851806640625,"account":"","refreshed_count":5}
[2026-04-28 12:01:05] [WARNING] PERF {"operation":"allegro.service.maintenance.total","duration_ms":2488.63999999999987267074175179004669189453125,"account":"","queue_limit":80,"sync_enabled":0,"compact_offers":0}
[2026-04-28 12:01:05] [WARNING] PERF {"operation":"allegro.controller.maintenance","duration_ms":2488.78000000000020008883439004421234130859375,"account":"","queue_limit":80,"sync":0,"queue_done":0,"queue_retry":0,"queue_error":0}
[2026-04-28 12:02:05] [WARNING] PERF {"operation":"allegro.service.maintenance.refreshTokens","duration_ms":611.950000000000045474735088646411895751953125,"account":"","refreshed_count":5}
[2026-04-28 12:02:05] [WARNING] PERF {"operation":"allegro.service.maintenance.refreshTokens","duration_ms":842.3300000000000409272615797817707061767578125,"account":"","refreshed_count":5}
[2026-04-28 12:03:05] [WARNING] PERF {"operation":"allegro.service.maintenance.refreshTokens","duration_ms":631.1799999999999499777914024889469146728515625,"account":"","refreshed_count":5}
[2026-04-28 12:04:04] [WARNING] PERF {"operation":"allegro.service.maintenance.refreshTokens","duration_ms":603.4199999999999590727384202182292938232421875,"account":"","refreshed_count":5}
[2026-04-28 12:04:04] [WARNING] PERF {"operation":"allegro.service.maintenance.refreshTokens","duration_ms":653.8300000000000409272615797817707061767578125,"account":"","refreshed_count":5}
[2026-04-28 12:05:07] [WARNING] PERF {"operation":"allegro.service.maintenance.refreshTokens","duration_ms":575.69000000000005456968210637569427490234375,"account":"","refreshed_count":5}
[2026-04-28 12:05:20] [INFO] Rozpoczynam replaceForProduct dla produktu ID: 16500
[2026-04-28 12:05:20] [INFO] W transakcji - usuwam parametry dla produktu ID: 16500
[2026-04-28 12:05:20] [INFO] Dodaje parametr 11323 dla produktu 16500
[2026-04-28 12:05:20] [INFO] Dodaje parametr 11484 dla produktu 16500
[2026-04-28 12:05:20] [INFO] Dodaje parametr 248811 dla produktu 16500
[2026-04-28 12:05:20] [INFO] Dodaje parametr 220677 dla produktu 16500
[2026-04-28 12:05:20] [INFO] Dodaje parametr 23389 dla produktu 16500
[2026-04-28 12:05:20] [INFO] Dodaje parametr 129360 dla produktu 16500
[2026-04-28 12:05:20] [INFO] Dodaje parametr 225693 dla produktu 16500
[2026-04-28 12:05:20] [INFO] Dodaje parametr 224017 dla produktu 16500
[2026-04-28 12:05:20] [INFO] Dodaje parametr 17448 dla produktu 16500
[2026-04-28 12:05:20] [INFO] Dodaje parametr 229205 dla produktu 16500
[2026-04-28 12:05:20] [INFO] Transakcja replaceForProduct zakonczona sukcesem dla produktu ID: 16500
[2026-04-28 12:05:52] [INFO] Rozpoczynam replaceForProduct dla produktu ID: 16499
[2026-04-28 12:05:52] [INFO] W transakcji - usuwam parametry dla produktu ID: 16499
[2026-04-28 12:05:52] [INFO] Dodaje parametr 11323 dla produktu 16499
[2026-04-28 12:05:52] [INFO] Dodaje parametr 11484 dla produktu 16499
[2026-04-28 12:05:52] [INFO] Dodaje parametr 248811 dla produktu 16499
[2026-04-28 12:05:52] [INFO] Dodaje parametr 220677 dla produktu 16499
[2026-04-28 12:05:52] [INFO] Dodaje parametr 23389 dla produktu 16499
[2026-04-28 12:05:52] [INFO] Dodaje parametr 129360 dla produktu 16499
[2026-04-28 12:05:52] [INFO] Dodaje parametr 225693 dla produktu 16499
[2026-04-28 12:05:52] [INFO] Dodaje parametr 224017 dla produktu 16499
[2026-04-28 12:05:52] [INFO] Dodaje parametr 17448 dla produktu 16499
[2026-04-28 12:05:52] [INFO] Dodaje parametr 229205 dla produktu 16499
[2026-04-28 12:05:52] [INFO] Transakcja replaceForProduct zakonczona sukcesem dla produktu ID: 16499
[2026-04-28 12:06:04] [WARNING] PERF {"operation":"allegro.service.maintenance.refreshTokens","duration_ms":666.80999999999994543031789362430572509765625,"account":"","refreshed_count":5}
[2026-04-28 12:06:04] [WARNING] PERF {"operation":"allegro.service.maintenance.refreshTokens","duration_ms":757.8500000000000227373675443232059478759765625,"account":"","refreshed_count":5}
[2026-04-28 12:06:06] [INFO] Rozpoczynam replaceForProduct dla produktu ID: 16498
[2026-04-28 12:06:06] [INFO] W transakcji - usuwam parametry dla produktu ID: 16498
[2026-04-28 12:06:06] [INFO] Dodaje parametr 11323 dla produktu 16498
[2026-04-28 12:06:06] [INFO] Dodaje parametr 11484 dla produktu 16498
[2026-04-28 12:06:06] [INFO] Dodaje parametr 248811 dla produktu 16498
[2026-04-28 12:06:06] [INFO] Dodaje parametr 220677 dla produktu 16498
[2026-04-28 12:06:06] [INFO] Dodaje parametr 23389 dla produktu 16498
[2026-04-28 12:06:06] [INFO] Dodaje parametr 129360 dla produktu 16498
[2026-04-28 12:06:06] [INFO] Dodaje parametr 225693 dla produktu 16498
[2026-04-28 12:06:06] [INFO] Dodaje parametr 224017 dla produktu 16498
[2026-04-28 12:06:06] [INFO] Dodaje parametr 17448 dla produktu 16498
[2026-04-28 12:06:06] [INFO] Dodaje parametr 229205 dla produktu 16498
[2026-04-28 12:06:06] [INFO] Transakcja replaceForProduct zakonczona sukcesem dla produktu ID: 16498
[2026-04-28 12:06:31] [INFO] Rozpoczynam replaceForProduct dla produktu ID: 16497
[2026-04-28 12:06:31] [INFO] W transakcji - usuwam parametry dla produktu ID: 16497
[2026-04-28 12:06:31] [INFO] Dodaje parametr 11323 dla produktu 16497
[2026-04-28 12:06:31] [INFO] Dodaje parametr 11484 dla produktu 16497
[2026-04-28 12:06:31] [INFO] Dodaje parametr 248811 dla produktu 16497
[2026-04-28 12:06:31] [INFO] Dodaje parametr 220677 dla produktu 16497
[2026-04-28 12:06:31] [INFO] Dodaje parametr 23389 dla produktu 16497
[2026-04-28 12:06:31] [INFO] Dodaje parametr 129360 dla produktu 16497
[2026-04-28 12:06:31] [INFO] Dodaje parametr 225693 dla produktu 16497
[2026-04-28 12:06:31] [INFO] Dodaje parametr 224017 dla produktu 16497
[2026-04-28 12:06:31] [INFO] Dodaje parametr 17448 dla produktu 16497
[2026-04-28 12:06:31] [INFO] Dodaje parametr 229205 dla produktu 16497
[2026-04-28 12:06:31] [INFO] Transakcja replaceForProduct zakonczona sukcesem dla produktu ID: 16497
[2026-04-28 12:06:48] [INFO] Rozpoczynam replaceForProduct dla produktu ID: 16496
[2026-04-28 12:06:48] [INFO] W transakcji - usuwam parametry dla produktu ID: 16496
[2026-04-28 12:06:48] [INFO] Dodaje parametr 11323 dla produktu 16496
[2026-04-28 12:06:48] [INFO] Dodaje parametr 11484 dla produktu 16496
[2026-04-28 12:06:48] [INFO] Dodaje parametr 248811 dla produktu 16496
[2026-04-28 12:06:48] [INFO] Dodaje parametr 220677 dla produktu 16496
[2026-04-28 12:06:48] [INFO] Dodaje parametr 23389 dla produktu 16496
[2026-04-28 12:06:48] [INFO] Dodaje parametr 129360 dla produktu 16496
[2026-04-28 12:06:48] [INFO] Dodaje parametr 225693 dla produktu 16496
[2026-04-28 12:06:48] [INFO] Dodaje parametr 224017 dla produktu 16496
[2026-04-28 12:06:48] [INFO] Dodaje parametr 17448 dla produktu 16496
[2026-04-28 12:06:48] [INFO] Dodaje parametr 229205 dla produktu 16496
[2026-04-28 12:06:48] [INFO] Transakcja replaceForProduct zakonczona sukcesem dla produktu ID: 16496
[2026-04-28 12:06:58] [INFO] Rozpoczynam replaceForProduct dla produktu ID: 16495
[2026-04-28 12:06:58] [INFO] W transakcji - usuwam parametry dla produktu ID: 16495
[2026-04-28 12:06:58] [INFO] Dodaje parametr 11323 dla produktu 16495
[2026-04-28 12:06:58] [INFO] Dodaje parametr 11484 dla produktu 16495
[2026-04-28 12:06:58] [INFO] Dodaje parametr 248811 dla produktu 16495
[2026-04-28 12:06:58] [INFO] Dodaje parametr 220677 dla produktu 16495
[2026-04-28 12:06:58] [INFO] Dodaje parametr 23389 dla produktu 16495
[2026-04-28 12:06:58] [INFO] Dodaje parametr 129360 dla produktu 16495
[2026-04-28 12:06:58] [INFO] Dodaje parametr 225693 dla produktu 16495
[2026-04-28 12:06:58] [INFO] Dodaje parametr 224017 dla produktu 16495
[2026-04-28 12:06:58] [INFO] Dodaje parametr 17448 dla produktu 16495
[2026-04-28 12:06:58] [INFO] Dodaje parametr 229205 dla produktu 16495
[2026-04-28 12:06:58] [INFO] Transakcja replaceForProduct zakonczona sukcesem dla produktu ID: 16495
[2026-04-28 12:07:04] [WARNING] PERF {"operation":"allegro.service.maintenance.refreshTokens","duration_ms":661.549999999999954525264911353588104248046875,"account":"","refreshed_count":5}
[2026-04-28 12:08:04] [WARNING] PERF {"operation":"allegro.service.maintenance.refreshTokens","duration_ms":607.8600000000000136424205265939235687255859375,"account":"","refreshed_count":5}
[2026-04-28 12:08:04] [WARNING] PERF {"operation":"allegro.service.maintenance.refreshTokens","duration_ms":679.9299999999999499777914024889469146728515625,"account":"","refreshed_count":5}
[2026-04-28 12:09:03] [WARNING] PERF {"operation":"allegro.service.maintenance.refreshTokens","duration_ms":651.4299999999999499777914024889469146728515625,"account":"","refreshed_count":5}
[2026-04-28 12:10:10] [WARNING] PERF {"operation":"allegro.service.maintenance.refreshTokens","duration_ms":674.4199999999999590727384202182292938232421875,"account":"","refreshed_count":5}
[2026-04-28 12:10:10] [WARNING] PERF {"operation":"allegro.service.maintenance.refreshTokens","duration_ms":708.3899999999999863575794734060764312744140625,"account":"","refreshed_count":5}
[2026-04-28 12:10:16] [WARNING] PERF {"operation":"allegro.service.previewAutoEndOffers.storage","duration_ms":6963.7799999999997453414835035800933837890625,"account_id":null,"limit":2000,"scan_limit":10000,"scanned_rows":1882}
[2026-04-28 12:10:16] [WARNING] PERF {"operation":"allegro.service.previewAutoEndOffers.total","duration_ms":6964.1300000000001091393642127513885498046875,"account":"","limit":2000,"scan_limit":10000,"matched_offer_count":0,"end_offer_count":0,"blocked_count":0}
[2026-04-28 12:10:16] [WARNING] PERF {"operation":"allegro.service.autoEndOffers.total","duration_ms":6964.27000000000043655745685100555419921875,"account":"","eligible_to_end":0,"queued_now":0,"already_queued":0}
[2026-04-28 12:10:16] [WARNING] PERF {"operation":"allegro.controller.autoEndOffers","duration_ms":7435.3100000000004001776687800884246826171875,"account":"","limit":2000,"scan_limit":10000,"matched_offer_count":0,"end_offer_count":0,"queued_now_count":0}
[2026-04-28 12:11:03] [WARNING] PERF {"operation":"allegro.service.maintenance.refreshTokens","duration_ms":575.69000000000005456968210637569427490234375,"account":"","refreshed_count":5}
[2026-04-28 12:12:04] [WARNING] PERF {"operation":"allegro.service.maintenance.refreshTokens","duration_ms":603.76999999999998181010596454143524169921875,"account":"","refreshed_count":5}
[2026-04-28 12:12:04] [WARNING] PERF {"operation":"allegro.service.maintenance.refreshTokens","duration_ms":594.5800000000000409272615797817707061767578125,"account":"","refreshed_count":5}
[2026-04-28 12:13:04] [WARNING] PERF {"operation":"allegro.service.maintenance.refreshTokens","duration_ms":632.8600000000000136424205265939235687255859375,"account":"","refreshed_count":5}
[2026-04-28 12:14:05] [WARNING] PERF {"operation":"allegro.service.maintenance.refreshTokens","duration_ms":759.0800000000000409272615797817707061767578125,"account":"","refreshed_count":5}
[2026-04-28 12:14:05] [WARNING] PERF {"operation":"allegro.service.maintenance.refreshTokens","duration_ms":787.9299999999999499777914024889469146728515625,"account":"","refreshed_count":5}
[2026-04-28 12:15:08] [WARNING] PERF {"operation":"allegro.service.maintenance.refreshTokens","duration_ms":777.4299999999999499777914024889469146728515625,"account":"","refreshed_count":5}
[2026-04-28 12:16:05] [WARNING] PERF {"operation":"allegro.service.maintenance.refreshTokens","duration_ms":624.1799999999999499777914024889469146728515625,"account":"","refreshed_count":5}
[2026-04-28 12:16:05] [WARNING] PERF {"operation":"allegro.service.maintenance.refreshTokens","duration_ms":592.1799999999999499777914024889469146728515625,"account":"","refreshed_count":5}
[2026-04-28 12:17:04] [WARNING] PERF {"operation":"allegro.service.maintenance.refreshTokens","duration_ms":679.3200000000000500222085975110530853271484375,"account":"","refreshed_count":5}
[2026-04-28 12:18:04] [WARNING] PERF {"operation":"allegro.service.maintenance.refreshTokens","duration_ms":579.8999999999999772626324556767940521240234375,"account":"","refreshed_count":5}
[2026-04-28 12:18:05] [WARNING] PERF {"operation":"allegro.service.maintenance.refreshTokens","duration_ms":674.7899999999999636202119290828704833984375,"account":"","refreshed_count":5}
[2026-04-28 12:19:06] [WARNING] PERF {"operation":"allegro.service.maintenance.refreshTokens","duration_ms":838.0800000000000409272615797817707061767578125,"account":"","refreshed_count":5}
[2026-04-28 12:20:09] [WARNING] PERF {"operation":"allegro.service.maintenance.refreshTokens","duration_ms":777.25,"account":"","refreshed_count":5}
[2026-04-28 12:20:09] [WARNING] PERF {"operation":"allegro.service.maintenance.refreshTokens","duration_ms":789.6200000000000045474735088646411895751953125,"account":"","refreshed_count":5}
[2026-04-28 12:20:14] [WARNING] PERF {"operation":"allegro.service.previewAutoEndOffers.storage","duration_ms":6088.8699999999998908606357872486114501953125,"account_id":null,"limit":2000,"scan_limit":10000,"scanned_rows":1882}
[2026-04-28 12:20:14] [WARNING] PERF {"operation":"allegro.service.previewAutoEndOffers.total","duration_ms":6089.2799999999997453414835035800933837890625,"account":"","limit":2000,"scan_limit":10000,"matched_offer_count":0,"end_offer_count":0,"blocked_count":0}
[2026-04-28 12:20:14] [WARNING] PERF {"operation":"allegro.service.autoEndOffers.total","duration_ms":6089.40999999999985448084771633148193359375,"account":"","eligible_to_end":0,"queued_now":0,"already_queued":0}
[2026-04-28 12:20:15] [WARNING] PERF {"operation":"allegro.controller.autoEndOffers","duration_ms":6477.5,"account":"","limit":2000,"scan_limit":10000,"matched_offer_count":0,"end_offer_count":0,"queued_now_count":0}
[2026-04-28 12:21:04] [WARNING] PERF {"operation":"allegro.service.maintenance.refreshTokens","duration_ms":696.509999999999990905052982270717620849609375,"account":"","refreshed_count":5}
[2026-04-28 12:22:05] [WARNING] PERF {"operation":"allegro.service.maintenance.refreshTokens","duration_ms":683.6699999999999590727384202182292938232421875,"account":"","refreshed_count":5}
[2026-04-28 12:22:05] [WARNING] PERF {"operation":"allegro.service.maintenance.refreshTokens","duration_ms":677.1599999999999681676854379475116729736328125,"account":"","refreshed_count":5}
[2026-04-28 12:23:03] [WARNING] PERF {"operation":"allegro.service.maintenance.refreshTokens","duration_ms":533.73000000000001818989403545856475830078125,"account":"","refreshed_count":5}
[2026-04-28 12:24:05] [WARNING] PERF {"operation":"allegro.service.maintenance.refreshTokens","duration_ms":575.1499999999999772626324556767940521240234375,"account":"","refreshed_count":5}
[2026-04-28 12:24:05] [WARNING] PERF {"operation":"allegro.service.maintenance.refreshTokens","duration_ms":660.23000000000001818989403545856475830078125,"account":"","refreshed_count":5}
[2026-04-28 12:25:08] [WARNING] PERF {"operation":"allegro.service.maintenance.refreshTokens","duration_ms":607.51999999999998181010596454143524169921875,"account":"","refreshed_count":5}
[2026-04-28 12:26:03] [WARNING] PERF {"operation":"allegro.service.maintenance.refreshTokens","duration_ms":526.80999999999994543031789362430572509765625,"account":"","refreshed_count":5}
[2026-04-28 12:26:04] [WARNING] PERF {"operation":"allegro.service.maintenance.refreshTokens","duration_ms":506.8799999999999954525264911353588104248046875,"account":"","refreshed_count":5}
[2026-04-28 12:28:04] [WARNING] PERF {"operation":"allegro.service.maintenance.refreshTokens","duration_ms":600.279999999999972715158946812152862548828125,"account":"","refreshed_count":5}
[2026-04-28 12:28:25] [INFO] Rozpoczynam replaceForProduct dla produktu ID: 12704
[2026-04-28 12:28:25] [INFO] W transakcji - usuwam parametry dla produktu ID: 12704
[2026-04-28 12:28:25] [INFO] Dodaje parametr 11323 dla produktu 12704
[2026-04-28 12:28:25] [INFO] Dodaje parametr 11484 dla produktu 12704
[2026-04-28 12:28:25] [INFO] Dodaje parametr 248811 dla produktu 12704
[2026-04-28 12:28:25] [INFO] Dodaje parametr 220677 dla produktu 12704
[2026-04-28 12:28:25] [INFO] Dodaje parametr 23389 dla produktu 12704
[2026-04-28 12:28:25] [INFO] Dodaje parametr 129360 dla produktu 12704
[2026-04-28 12:28:25] [INFO] Dodaje parametr 225693 dla produktu 12704
[2026-04-28 12:28:25] [INFO] Dodaje parametr 224017 dla produktu 12704
[2026-04-28 12:28:25] [INFO] Dodaje parametr 17448 dla produktu 12704
[2026-04-28 12:28:25] [INFO] Dodaje parametr 229205 dla produktu 12704
[2026-04-28 12:28:25] [INFO] Transakcja replaceForProduct zakonczona sukcesem dla produktu ID: 12704
[2026-04-28 12:30:10] [WARNING] PERF {"operation":"allegro.service.maintenance.refreshTokens","duration_ms":510.1399999999999863575794734060764312744140625,"account":"","refreshed_count":5}
[2026-04-28 12:30:15] [WARNING] PERF {"operation":"allegro.service.previewAutoEndOffers.storage","duration_ms":5580.1199999999998908606357872486114501953125,"account_id":null,"limit":2000,"scan_limit":10000,"scanned_rows":1882}
[2026-04-28 12:30:15] [WARNING] PERF {"operation":"allegro.service.previewAutoEndOffers.total","duration_ms":5580.47999999999956344254314899444580078125,"account":"","limit":2000,"scan_limit":10000,"matched_offer_count":0,"end_offer_count":0,"blocked_count":0}
[2026-04-28 12:30:15] [WARNING] PERF {"operation":"allegro.service.autoEndOffers.total","duration_ms":5580.59000000000014551915228366851806640625,"account":"","eligible_to_end":0,"queued_now":0,"already_queued":0}
[2026-04-28 12:30:15] [WARNING] PERF {"operation":"allegro.controller.autoEndOffers","duration_ms":5581.3199999999997089616954326629638671875,"account":"","limit":2000,"scan_limit":10000,"matched_offer_count":0,"end_offer_count":0,"queued_now_count":0}
[2026-04-28 12:31:04] [WARNING] PERF {"operation":"allegro.service.maintenance.refreshTokens","duration_ms":519.23000000000001818989403545856475830078125,"account":"","refreshed_count":5}
[2026-04-28 12:32:04] [WARNING] PERF {"operation":"allegro.service.maintenance.refreshTokens","duration_ms":566.6699999999999590727384202182292938232421875,"account":"","refreshed_count":5}
[2026-04-28 12:32:05] [WARNING] PERF {"operation":"allegro.service.maintenance.refreshTokens","duration_ms":618.80999999999994543031789362430572509765625,"account":"","refreshed_count":5}
[2026-04-28 12:33:04] [WARNING] PERF {"operation":"allegro.service.maintenance.refreshTokens","duration_ms":645.3500000000000227373675443232059478759765625,"account":"","refreshed_count":5}
[2026-04-28 12:34:06] [WARNING] PERF {"operation":"allegro.service.maintenance.refreshTokens","duration_ms":615.9099999999999681676854379475116729736328125,"account":"","refreshed_count":5}
[2026-04-28 12:34:06] [WARNING] PERF {"operation":"allegro.service.maintenance.refreshTokens","duration_ms":700.2899999999999636202119290828704833984375,"account":"","refreshed_count":5}
[2026-04-28 12:35:08] [WARNING] PERF {"operation":"allegro.service.maintenance.refreshTokens","duration_ms":583.7100000000000363797880709171295166015625,"account":"","refreshed_count":5}
[2026-04-28 12:36:05] [WARNING] PERF {"operation":"allegro.service.maintenance.refreshTokens","duration_ms":509.1200000000000045474735088646411895751953125,"account":"","refreshed_count":5}
[2026-04-28 12:36:05] [WARNING] PERF {"operation":"allegro.service.maintenance.refreshTokens","duration_ms":506.6499999999999772626324556767940521240234375,"account":"","refreshed_count":5}
[2026-04-28 12:38:04] [WARNING] PERF {"operation":"allegro.service.maintenance.refreshTokens","duration_ms":560.7100000000000363797880709171295166015625,"account":"","refreshed_count":5}
[2026-04-28 12:38:04] [WARNING] PERF {"operation":"allegro.service.maintenance.refreshTokens","duration_ms":595.8300000000000409272615797817707061767578125,"account":"","refreshed_count":5}
[2026-04-28 12:39:03] [WARNING] PERF {"operation":"allegro.service.maintenance.refreshTokens","duration_ms":704.23000000000001818989403545856475830078125,"account":"","refreshed_count":5}
[2026-04-28 12:40:09] [WARNING] PERF {"operation":"allegro.service.maintenance.refreshTokens","duration_ms":775.3400000000000318323145620524883270263671875,"account":"","refreshed_count":5}
[2026-04-28 12:40:09] [WARNING] PERF {"operation":"allegro.service.maintenance.refreshTokens","duration_ms":781.1100000000000136424205265939235687255859375,"account":"","refreshed_count":5}
[2026-04-28 12:40:21] [WARNING] PERF {"operation":"allegro.service.previewAutoEndOffers.storage","duration_ms":13035.389999999999417923390865325927734375,"account_id":null,"limit":2000,"scan_limit":10000,"scanned_rows":1882}
[2026-04-28 12:40:21] [WARNING] PERF {"operation":"allegro.service.previewAutoEndOffers.total","duration_ms":13035.72999999999956344254314899444580078125,"account":"","limit":2000,"scan_limit":10000,"matched_offer_count":0,"end_offer_count":0,"blocked_count":0}
[2026-04-28 12:40:21] [WARNING] PERF {"operation":"allegro.service.autoEndOffers.total","duration_ms":13035.850000000000363797880709171295166015625,"account":"","eligible_to_end":0,"queued_now":0,"already_queued":0}
[2026-04-28 12:40:21] [WARNING] PERF {"operation":"allegro.controller.autoEndOffers","duration_ms":13036.780000000000654836185276508331298828125,"account":"","limit":2000,"scan_limit":10000,"matched_offer_count":0,"end_offer_count":0,"queued_now_count":0}
[2026-04-28 12:41:03] [WARNING] PERF {"operation":"allegro.service.maintenance.refreshTokens","duration_ms":667.240000000000009094947017729282379150390625,"account":"","refreshed_count":5}
[2026-04-28 12:42:06] [WARNING] PERF {"operation":"allegro.service.maintenance.refreshTokens","duration_ms":762.6299999999999954525264911353588104248046875,"account":"","refreshed_count":5}
[2026-04-28 12:42:06] [WARNING] PERF {"operation":"allegro.service.maintenance.refreshTokens","duration_ms":799.3999999999999772626324556767940521240234375,"account":"","refreshed_count":5}
[2026-04-28 12:43:03] [WARNING] PERF {"operation":"allegro.service.maintenance.refreshTokens","duration_ms":539.80999999999994543031789362430572509765625,"account":"","refreshed_count":5}
[2026-04-28 12:44:04] [WARNING] PERF {"operation":"allegro.service.maintenance.refreshTokens","duration_ms":502.70999999999997953636921010911464691162109375,"account":"","refreshed_count":5}
[2026-04-28 12:44:04] [WARNING] PERF {"operation":"allegro.service.maintenance.refreshTokens","duration_ms":502.529999999999972715158946812152862548828125,"account":"","refreshed_count":5}
[2026-04-28 12:45:08] [WARNING] PERF {"operation":"allegro.service.maintenance.refreshTokens","duration_ms":604.3899999999999863575794734060764312744140625,"account":"","refreshed_count":5}
[2026-04-28 12:47:04] [WARNING] PERF {"operation":"allegro.service.maintenance.refreshTokens","duration_ms":512.7899999999999636202119290828704833984375,"account":"","refreshed_count":5}
[2026-04-28 12:49:03] [WARNING] PERF {"operation":"allegro.service.maintenance.refreshTokens","duration_ms":618.1000000000000227373675443232059478759765625,"account":"","refreshed_count":5}
[2026-04-28 12:50:11] [WARNING] PERF {"operation":"allegro.service.maintenance.refreshTokens","duration_ms":593.76999999999998181010596454143524169921875,"account":"","refreshed_count":5}
[2026-04-28 12:50:11] [WARNING] PERF {"operation":"allegro.service.maintenance.refreshTokens","duration_ms":595.26999999999998181010596454143524169921875,"account":"","refreshed_count":5}
[2026-04-28 12:50:16] [WARNING] PERF {"operation":"allegro.service.previewAutoEndOffers.storage","duration_ms":5302.739999999999781721271574497222900390625,"account_id":null,"limit":2000,"scan_limit":10000,"scanned_rows":1882}
[2026-04-28 12:50:16] [WARNING] PERF {"operation":"allegro.service.previewAutoEndOffers.total","duration_ms":5303.0299999999997453414835035800933837890625,"account":"","limit":2000,"scan_limit":10000,"matched_offer_count":0,"end_offer_count":0,"blocked_count":0}
[2026-04-28 12:50:16] [WARNING] PERF {"operation":"allegro.service.autoEndOffers.total","duration_ms":5303.170000000000072759576141834259033203125,"account":"","eligible_to_end":0,"queued_now":0,"already_queued":0}
[2026-04-28 12:50:16] [WARNING] PERF {"operation":"allegro.controller.autoEndOffers","duration_ms":5303.9499999999998181010596454143524169921875,"account":"","limit":2000,"scan_limit":10000,"matched_offer_count":0,"end_offer_count":0,"queued_now_count":0}
[2026-04-28 12:50:28] [WARNING] PERF {"operation":"allegro.storage.listOffers","duration_ms":8481.219999999999345163814723491668701171875,"page":1,"per_page":50,"sort_by":"id","sort_dir":"desc","needs_warehouse":0,"needs_shared_stock":0,"filters":{"account_id":"","q":"","sku":"","status":"","queue_status":"","duplicates":"","linked":"","market":"","invoice":"","warehouse_quantity":"","truncated":true},"rows_count":50}
[2026-04-28 12:50:28] [WARNING] PERF {"operation":"allegro.controller.index.offersPage","duration_ms":8481.510000000000218278728425502777099609375,"page":1,"per_page":50,"sort_by":"id","sort_dir":"desc","offers_count":50,"filters":{"account_id":"","q":"","sku":"","status":"","queue_status":"","duplicates":"","linked":"","market":"","invoice":"","warehouse_quantity":"","truncated":true}}
[2026-04-28 12:50:28] [WARNING] PERF {"operation":"allegro.controller.index.total","duration_ms":9330.02000000000043655745685100555419921875,"page":1,"per_page":50,"total":280035,"offers_count":50,"filters":{"account_id":"","q":"","sku":"","status":"","queue_status":"","duplicates":"","linked":"","market":"","invoice":"","warehouse_quantity":"","truncated":true}}
[2026-04-28 12:51:04] [WARNING] PERF {"operation":"allegro.service.maintenance.refreshTokens","duration_ms":634.4600000000000363797880709171295166015625,"account":"","refreshed_count":5}
[2026-04-28 12:52:04] [WARNING] PERF {"operation":"allegro.service.maintenance.refreshTokens","duration_ms":622.6799999999999499777914024889469146728515625,"account":"","refreshed_count":5}
[2026-04-28 12:52:04] [WARNING] PERF {"operation":"allegro.service.maintenance.refreshTokens","duration_ms":604.759999999999990905052982270717620849609375,"account":"","refreshed_count":5}
[2026-04-28 12:53:03] [WARNING] PERF {"operation":"allegro.service.maintenance.refreshTokens","duration_ms":582.3700000000000045474735088646411895751953125,"account":"","refreshed_count":5}
[2026-04-28 12:54:05] [WARNING] PERF {"operation":"allegro.service.maintenance.refreshTokens","duration_ms":593.279999999999972715158946812152862548828125,"account":"","refreshed_count":5}
[2026-04-28 12:54:05] [WARNING] PERF {"operation":"allegro.service.maintenance.refreshTokens","duration_ms":586.55999999999994543031789362430572509765625,"account":"","refreshed_count":5}
[2026-04-28 12:55:07] [WARNING] PERF {"operation":"allegro.service.maintenance.refreshTokens","duration_ms":593.1100000000000136424205265939235687255859375,"account":"","refreshed_count":5}
[2026-04-28 12:56:05] [WARNING] PERF {"operation":"allegro.service.maintenance.refreshTokens","duration_ms":541.8999999999999772626324556767940521240234375,"account":"","refreshed_count":5}
[2026-04-28 12:56:05] [WARNING] PERF {"operation":"allegro.service.maintenance.refreshTokens","duration_ms":586.8600000000000136424205265939235687255859375,"account":"","refreshed_count":5}
[2026-04-28 12:57:03] [WARNING] PERF {"operation":"allegro.service.maintenance.refreshTokens","duration_ms":573.4099999999999681676854379475116729736328125,"account":"","refreshed_count":5}
[2026-04-28 12:58:03] [WARNING] PERF {"operation":"allegro.storage.countOffers","duration_ms":9015.5400000000008731149137020111083984375,"needs_warehouse":0,"needs_shared_stock":0,"filters":{"account_id":"","q":"","sku":"","status":"","queue_status":"","duplicates":"1","linked":"","market":"","invoice":"","warehouse_quantity":"","truncated":true},"total":0}
[2026-04-28 12:58:03] [WARNING] PERF {"operation":"allegro.controller.index.countOffers","duration_ms":9015.879999999999199644662439823150634765625,"total":0,"filters":{"account_id":"","q":"","sku":"","status":"","queue_status":"","duplicates":"1","linked":"","market":"","invoice":"","warehouse_quantity":"","truncated":true}}
[2026-04-28 12:58:05] [WARNING] PERF {"operation":"allegro.service.maintenance.refreshTokens","duration_ms":524.80999999999994543031789362430572509765625,"account":"","refreshed_count":5}
[2026-04-28 12:58:05] [WARNING] PERF {"operation":"allegro.service.maintenance.refreshTokens","duration_ms":559.48000000000001818989403545856475830078125,"account":"","refreshed_count":5}
[2026-04-28 12:58:12] [WARNING] PERF {"operation":"allegro.controller.index.offersPage","duration_ms":9093.620000000000800355337560176849365234375,"page":1,"per_page":50,"sort_by":"id","sort_dir":"desc","offers_count":0,"filters":{"account_id":"","q":"","sku":"","status":"","queue_status":"","duplicates":"1","linked":"","market":"","invoice":"","warehouse_quantity":"","truncated":true}}
[2026-04-28 12:58:12] [WARNING] PERF {"operation":"allegro.controller.index.total","duration_ms":18117.360000000000582076609134674072265625,"page":1,"per_page":50,"total":0,"offers_count":0,"filters":{"account_id":"","q":"","sku":"","status":"","queue_status":"","duplicates":"1","linked":"","market":"","invoice":"","warehouse_quantity":"","truncated":true}}
[2026-04-28 12:58:47] [WARNING] PERF {"operation":"allegro.controller.index.offersPage","duration_ms":8226.20000000000072759576141834259033203125,"page":1,"per_page":50,"sort_by":"id","sort_dir":"desc","offers_count":0,"filters":{"account_id":"","q":"","sku":"","status":"","queue_status":"","duplicates":"1","linked":"","market":"","invoice":"","warehouse_quantity":"","truncated":true}}
[2026-04-28 12:58:47] [WARNING] PERF {"operation":"allegro.controller.index.total","duration_ms":8238.559999999999490682967007160186767578125,"page":1,"per_page":50,"total":0,"offers_count":0,"filters":{"account_id":"","q":"","sku":"","status":"","queue_status":"","duplicates":"1","linked":"","market":"","invoice":"","warehouse_quantity":"","truncated":true}}
[2026-04-28 12:59:04] [WARNING] PERF {"operation":"allegro.service.maintenance.refreshTokens","duration_ms":618.51999999999998181010596454143524169921875,"account":"","refreshed_count":5}
[2026-04-28 13:00:19] [WARNING] PERF {"operation":"allegro.service.previewAutoEndOffers.storage","duration_ms":6259.350000000000363797880709171295166015625,"account_id":null,"limit":2000,"scan_limit":10000,"scanned_rows":1882}
[2026-04-28 13:00:19] [WARNING] PERF {"operation":"allegro.service.previewAutoEndOffers.total","duration_ms":6259.670000000000072759576141834259033203125,"account":"","limit":2000,"scan_limit":10000,"matched_offer_count":0,"end_offer_count":0,"blocked_count":0}
[2026-04-28 13:00:19] [WARNING] PERF {"operation":"allegro.service.autoEndOffers.total","duration_ms":6259.77000000000043655745685100555419921875,"account":"","eligible_to_end":0,"queued_now":0,"already_queued":0}
[2026-04-28 13:00:19] [WARNING] PERF {"operation":"allegro.controller.autoEndOffers","duration_ms":6260.6400000000003274180926382541656494140625,"account":"","limit":2000,"scan_limit":10000,"matched_offer_count":0,"end_offer_count":0,"queued_now_count":0}
[2026-04-28 13:00:32] [WARNING] PERF {"operation":"allegro.service.maintenance.syncBatchItem","duration_ms":18883.61999999999898136593401432037353515625,"account":"altreo-studio"}
[2026-04-28 13:02:44] [WARNING] PERF {"operation":"allegro.service.maintenance.syncBatchItem","duration_ms":40703.83999999999650754034519195556640625,"account":"altreo-studio"}
[2026-04-28 13:03:01] [WARNING] PERF {"operation":"allegro.storage.listOffers","duration_ms":9311.7900000000008731149137020111083984375,"page":1,"per_page":50,"sort_by":"id","sort_dir":"desc","needs_warehouse":0,"needs_shared_stock":0,"filters":{"account_id":"","q":"","sku":"","status":"","queue_status":"","duplicates":"","linked":"","market":"","invoice":"","warehouse_quantity":"","truncated":true},"rows_count":50}
[2026-04-28 13:03:01] [WARNING] PERF {"operation":"allegro.controller.index.offersPage","duration_ms":9312.0699999999997089616954326629638671875,"page":1,"per_page":50,"sort_by":"id","sort_dir":"desc","offers_count":50,"filters":{"account_id":"","q":"","sku":"","status":"","queue_status":"","duplicates":"","linked":"","market":"","invoice":"","warehouse_quantity":"","truncated":true}}
[2026-04-28 13:03:01] [WARNING] PERF {"operation":"allegro.controller.index.total","duration_ms":9438.489999999999781721271574497222900390625,"page":1,"per_page":50,"total":280035,"offers_count":50,"filters":{"account_id":"","q":"","sku":"","status":"","queue_status":"","duplicates":"","linked":"","market":"","invoice":"","warehouse_quantity":"","truncated":true}}
[2026-04-28 13:03:43] [WARNING] PERF {"operation":"allegro.service.maintenance.syncBatchItem","duration_ms":191321.04000000000814907252788543701171875,"account":"dosztosz"}
[2026-04-28 13:04:45] [WARNING] PERF {"operation":"allegro.service.maintenance.syncBatchItem","duration_ms":61266.860000000000582076609134674072265625,"account":"etujah"}
[2026-04-28 13:04:45] [WARNING] PERF {"operation":"allegro.service.maintenance.total","duration_ms":271500.609999999986030161380767822265625,"account":"","queue_limit":100,"sync_enabled":1,"compact_offers":0}
[2026-04-28 13:04:45] [WARNING] PERF {"operation":"allegro.controller.maintenance","duration_ms":271500.7899999999790452420711517333984375,"account":"","queue_limit":100,"sync":1,"queue_done":0,"queue_retry":0,"queue_error":0}
[2026-04-28 13:04:53] [WARNING] PERF {"operation":"allegro.service.maintenance.syncBatchItem","duration_ms":48052.5100000000020372681319713592529296875,"account":"altreo-studio"}
[2026-04-28 13:06:46] [WARNING] PERF {"operation":"allegro.service.maintenance.syncBatchItem","duration_ms":42258.830000000001746229827404022216796875,"account":"altreo-studio"}
[2026-04-28 13:09:39] [WARNING] PERF {"operation":"allegro.service.maintenance.syncBatchItem","duration_ms":96026.6799999999930150806903839111328125,"account":"altreo-studio"}
[2026-04-28 13:10:12] [WARNING] PERF {"operation":"allegro.service.maintenance.syncBatchItem","duration_ms":206305.51000000000931322574615478515625,"account":"dosztosz"}
[2026-04-28 13:10:15] [WARNING] PERF {"operation":"allegro.service.previewAutoEndOffers.storage","duration_ms":6191.97999999999956344254314899444580078125,"account_id":null,"limit":2000,"scan_limit":10000,"scanned_rows":1882}
[2026-04-28 13:10:15] [WARNING] PERF {"operation":"allegro.service.previewAutoEndOffers.total","duration_ms":6192.34000000000014551915228366851806640625,"account":"","limit":2000,"scan_limit":10000,"matched_offer_count":0,"end_offer_count":0,"blocked_count":0}
[2026-04-28 13:10:15] [WARNING] PERF {"operation":"allegro.service.autoEndOffers.total","duration_ms":6192.52000000000043655745685100555419921875,"account":"","eligible_to_end":0,"queued_now":0,"already_queued":0}
[2026-04-28 13:10:15] [WARNING] PERF {"operation":"allegro.controller.autoEndOffers","duration_ms":6193.4700000000002546585164964199066162109375,"account":"","limit":2000,"scan_limit":10000,"matched_offer_count":0,"end_offer_count":0,"queued_now_count":0}
[2026-04-28 13:11:53] [WARNING] PERF {"operation":"allegro.service.maintenance.syncBatchItem","duration_ms":100368.270000000004074536263942718505859375,"account":"etujah"}
[2026-04-28 13:11:53] [WARNING] PERF {"operation":"allegro.service.maintenance.total","duration_ms":348941.7700000000186264514923095703125,"account":"","queue_limit":100,"sync_enabled":1,"compact_offers":0}
[2026-04-28 13:11:53] [WARNING] PERF {"operation":"allegro.controller.maintenance","duration_ms":348941.9400000000023283064365386962890625,"account":"","queue_limit":100,"sync":1,"queue_done":0,"queue_retry":0,"queue_error":0}
[2026-04-28 13:11:57] [WARNING] PERF {"operation":"allegro.service.maintenance.syncBatchItem","duration_ms":107801.580000000001746229827404022216796875,"account":"altreo-studio"}
[2026-04-28 13:13:33] [WARNING] PERF {"operation":"allegro.service.maintenance.syncBatchItem","duration_ms":89979.460000000006402842700481414794921875,"account":"altreo-studio"}
[2026-04-28 13:16:24] [WARNING] PERF {"operation":"allegro.service.maintenance.syncBatchItem","duration_ms":140517.14999999999417923390865325927734375,"account":"altreo-studio"}
[2026-04-28 13:17:43] [WARNING] PERF {"operation":"allegro.service.maintenance.syncBatchItem","duration_ms":78740.369999999995343387126922607421875,"account":"etujah"}
[2026-04-28 13:17:43] [WARNING] PERF {"operation":"allegro.service.maintenance.total","duration_ms":219266.91000000000349245965480804443359375,"account":"","queue_limit":100,"sync_enabled":1,"compact_offers":0}
[2026-04-28 13:17:43] [WARNING] PERF {"operation":"allegro.controller.maintenance","duration_ms":219267.04000000000814907252788543701171875,"account":"","queue_limit":100,"sync":1,"queue_done":0,"queue_retry":0,"queue_error":0}
[2026-04-28 13:19:36] [WARNING] PERF {"operation":"allegro.service.maintenance.syncBatchItem","duration_ms":92101.0599999999976716935634613037109375,"account":"altreo-studio"}
[2026-04-28 13:20:15] [WARNING] PERF {"operation":"allegro.service.previewAutoEndOffers.storage","duration_ms":5721.2799999999997453414835035800933837890625,"account_id":null,"limit":2000,"scan_limit":10000,"scanned_rows":1882}
[2026-04-28 13:20:15] [WARNING] PERF {"operation":"allegro.service.previewAutoEndOffers.total","duration_ms":5721.7200000000002546585164964199066162109375,"account":"","limit":2000,"scan_limit":10000,"matched_offer_count":0,"end_offer_count":0,"blocked_count":0}
[2026-04-28 13:20:15] [WARNING] PERF {"operation":"allegro.service.autoEndOffers.total","duration_ms":5721.8599999999996725819073617458343505859375,"account":"","eligible_to_end":0,"queued_now":0,"already_queued":0}
[2026-04-28 13:20:15] [WARNING] PERF {"operation":"allegro.controller.autoEndOffers","duration_ms":5722.8100000000004001776687800884246826171875,"account":"","limit":2000,"scan_limit":10000,"matched_offer_count":0,"end_offer_count":0,"queued_now_count":0}
[2026-04-28 13:21:58] [WARNING] PERF {"operation":"allegro.service.maintenance.syncBatchItem","duration_ms":109028.300000000002910383045673370361328125,"account":"altreo-studio"}
[2026-04-28 13:24:08] [WARNING] PERF {"operation":"allegro.service.maintenance.syncBatchItem","duration_ms":124181.240000000005238689482212066650390625,"account":"altreo-studio"}
[2026-04-28 13:25:26] [WARNING] PERF {"operation":"allegro.service.maintenance.syncBatchItem","duration_ms":77547.14999999999417923390865325927734375,"account":"etujah"}
[2026-04-28 13:25:26] [WARNING] PERF {"operation":"allegro.service.maintenance.total","duration_ms":201738.109999999986030161380767822265625,"account":"","queue_limit":100,"sync_enabled":1,"compact_offers":0}
[2026-04-28 13:25:26] [WARNING] PERF {"operation":"allegro.controller.maintenance","duration_ms":201738.29000000000814907252788543701171875,"account":"","queue_limit":100,"sync":1,"queue_done":0,"queue_retry":0,"queue_error":0}
[2026-04-28 13:28:12] [WARNING] PERF {"operation":"allegro.service.maintenance.syncBatchItem","duration_ms":128867.8099999999976716935634613037109375,"account":"altreo-studio"}
[2026-04-28 13:30:15] [WARNING] PERF {"operation":"allegro.service.previewAutoEndOffers.storage","duration_ms":6207.850000000000363797880709171295166015625,"account_id":null,"limit":2000,"scan_limit":10000,"scanned_rows":1882}
[2026-04-28 13:30:15] [WARNING] PERF {"operation":"allegro.service.previewAutoEndOffers.total","duration_ms":6208.149999999999636202119290828704833984375,"account":"","limit":2000,"scan_limit":10000,"matched_offer_count":0,"end_offer_count":0,"blocked_count":0}
[2026-04-28 13:30:15] [WARNING] PERF {"operation":"allegro.service.autoEndOffers.total","duration_ms":6208.260000000000218278728425502777099609375,"account":"","eligible_to_end":0,"queued_now":0,"already_queued":0}
[2026-04-28 13:30:15] [WARNING] PERF {"operation":"allegro.controller.autoEndOffers","duration_ms":6209.8900000000003274180926382541656494140625,"account":"","limit":2000,"scan_limit":10000,"matched_offer_count":0,"end_offer_count":0,"queued_now_count":0}
[2026-04-28 13:32:54] [WARNING] PERF {"operation":"allegro.service.maintenance.syncBatchItem","duration_ms":164908.25,"account":"altreo-studio"}
[2026-04-28 13:38:11] [WARNING] PERF {"operation":"allegro.service.maintenance.syncBatchItem","duration_ms":366867.26000000000931322574615478515625,"account":"dosztosz"}
[2026-04-28 13:38:55] [WARNING] PERF {"operation":"allegro.service.maintenance.syncBatchItem","duration_ms":289273.0800000000162981450557708740234375,"account":"altreo-studio"}
[2026-04-28 13:39:57] [WARNING] PERF {"operation":"allegro.service.maintenance.syncBatchItem","duration_ms":105349.619999999995343387126922607421875,"account":"etujah"}
[2026-04-28 13:39:57] [WARNING] PERF {"operation":"allegro.service.maintenance.total","duration_ms":472227.640000000013969838619232177734375,"account":"","queue_limit":100,"sync_enabled":1,"compact_offers":0}
[2026-04-28 13:39:57] [WARNING] PERF {"operation":"allegro.controller.maintenance","duration_ms":472227.7999999999883584678173065185546875,"account":"","queue_limit":100,"sync":1,"queue_done":0,"queue_retry":0,"queue_error":0}
[2026-04-28 13:40:14] [WARNING] PERF {"operation":"allegro.service.previewAutoEndOffers.storage","duration_ms":5412.9600000000000363797880709171295166015625,"account_id":null,"limit":2000,"scan_limit":10000,"scanned_rows":1882}
[2026-04-28 13:40:14] [WARNING] PERF {"operation":"allegro.service.previewAutoEndOffers.total","duration_ms":5429.97999999999956344254314899444580078125,"account":"","limit":2000,"scan_limit":10000,"matched_offer_count":0,"end_offer_count":0,"blocked_count":0}
[2026-04-28 13:40:14] [WARNING] PERF {"operation":"allegro.service.autoEndOffers.total","duration_ms":5430.170000000000072759576141834259033203125,"account":"","eligible_to_end":0,"queued_now":0,"already_queued":0}
[2026-04-28 13:40:14] [WARNING] PERF {"operation":"allegro.controller.autoEndOffers","duration_ms":5431.0299999999997453414835035800933837890625,"account":"","limit":2000,"scan_limit":10000,"matched_offer_count":0,"end_offer_count":0,"queued_now_count":0}
[2026-04-28 13:42:48] [WARNING] PERF {"operation":"allegro.service.maintenance.syncBatchItem","duration_ms":159678.02999999999883584678173065185546875,"account":"altreo-studio"}
[2026-04-28 13:44:15] [WARNING] PERF {"operation":"allegro.service.maintenance.syncBatchItem","duration_ms":86826.710000000006402842700481414794921875,"account":"etujah"}
[2026-04-28 13:44:15] [WARNING] PERF {"operation":"allegro.service.maintenance.total","duration_ms":246526.369999999995343387126922607421875,"account":"","queue_limit":100,"sync_enabled":1,"compact_offers":0}
[2026-04-28 13:44:15] [WARNING] PERF {"operation":"allegro.controller.maintenance","duration_ms":246526.47000000000116415321826934814453125,"account":"","queue_limit":100,"sync":1,"queue_done":0,"queue_retry":0,"queue_error":0}
[2026-04-28 13:47:15] [WARNING] PERF {"operation":"allegro.service.maintenance.syncBatchItem","duration_ms":190241.5,"account":"altreo-studio"}
[2026-04-28 13:47:34] [INFO] Rozpoczynam replaceForProduct dla produktu ID: 12708
[2026-04-28 13:47:34] [INFO] W transakcji - usuwam parametry dla produktu ID: 12708
[2026-04-28 13:47:34] [INFO] Dodaje parametr 11323 dla produktu 12708
[2026-04-28 13:47:34] [INFO] Dodaje parametr 17448 dla produktu 12708
[2026-04-28 13:47:34] [INFO] Dodaje parametr 15851 dla produktu 12708
[2026-04-28 13:47:34] [INFO] Dodaje parametr 248811 dla produktu 12708
[2026-04-28 13:47:34] [INFO] Dodaje parametr 203957 dla produktu 12708
[2026-04-28 13:47:34] [INFO] Dodaje parametr 203925 dla produktu 12708
[2026-04-28 13:47:34] [INFO] Dodaje parametr 249512 dla produktu 12708
[2026-04-28 13:47:34] [INFO] Dodaje parametr 249516 dla produktu 12708
[2026-04-28 13:47:34] [INFO] Dodaje parametr 3766 dla produktu 12708
[2026-04-28 13:47:34] [INFO] Dodaje parametr 7994 dla produktu 12708
[2026-04-28 13:47:34] [INFO] Dodaje parametr 7995 dla produktu 12708
[2026-04-28 13:47:34] [INFO] Dodaje parametr 7996 dla produktu 12708
[2026-04-28 13:47:34] [INFO] Dodaje parametr 7997 dla produktu 12708
[2026-04-28 13:47:34] [INFO] Dodaje parametr 203909 dla produktu 12708
[2026-04-28 13:47:34] [INFO] Dodaje parametr 203917 dla produktu 12708
[2026-04-28 13:47:34] [INFO] Dodaje parametr 201029 dla produktu 12708
[2026-04-28 13:47:34] [INFO] Dodaje parametr 237206 dla produktu 12708
[2026-04-28 13:47:34] [INFO] Dodaje parametr 215922 dla produktu 12708
[2026-04-28 13:47:34] [INFO] Dodaje parametr 224017 dla produktu 12708
[2026-04-28 13:47:34] [INFO] Dodaje parametr 229205 dla produktu 12708
[2026-04-28 13:47:34] [INFO] Transakcja replaceForProduct zakonczona sukcesem dla produktu ID: 12708
[2026-04-28 13:50:16] [WARNING] PERF {"operation":"allegro.service.previewAutoEndOffers.storage","duration_ms":6192.3599999999996725819073617458343505859375,"account_id":null,"limit":2000,"scan_limit":10000,"scanned_rows":1882}
[2026-04-28 13:50:16] [WARNING] PERF {"operation":"allegro.service.previewAutoEndOffers.total","duration_ms":6192.77000000000043655745685100555419921875,"account":"","limit":2000,"scan_limit":10000,"matched_offer_count":0,"end_offer_count":0,"blocked_count":0}
[2026-04-28 13:50:16] [WARNING] PERF {"operation":"allegro.service.autoEndOffers.total","duration_ms":6192.90999999999985448084771633148193359375,"account":"","eligible_to_end":0,"queued_now":0,"already_queued":0}
[2026-04-28 13:50:16] [WARNING] PERF {"operation":"allegro.controller.autoEndOffers","duration_ms":6193.899999999999636202119290828704833984375,"account":"","limit":2000,"scan_limit":10000,"matched_offer_count":0,"end_offer_count":0,"queued_now_count":0}
[2026-04-28 13:51:13] [WARNING] PERF {"operation":"allegro.service.maintenance.syncBatchItem","duration_ms":188763.82999999998719431459903717041015625,"account":"altreo-studio"}
[2026-04-28 13:55:19] [WARNING] PERF {"operation":"allegro.service.maintenance.syncBatchItem","duration_ms":195790.35000000000582076609134674072265625,"account":"altreo-studio"}
[2026-04-28 13:59:31] [WARNING] PERF {"operation":"allegro.service.maintenance.syncBatchItem","duration_ms":207763.1799999999930150806903839111328125,"account":"altreo-studio"}
[2026-04-28 14:00:20] [WARNING] PERF {"operation":"allegro.service.previewAutoEndOffers.storage","duration_ms":7015.329999999999927240423858165740966796875,"account_id":null,"limit":2000,"scan_limit":10000,"scanned_rows":1882}
[2026-04-28 14:00:20] [WARNING] PERF {"operation":"allegro.service.previewAutoEndOffers.total","duration_ms":7015.6800000000002910383045673370361328125,"account":"","limit":2000,"scan_limit":10000,"matched_offer_count":0,"end_offer_count":0,"blocked_count":0}
[2026-04-28 14:00:20] [WARNING] PERF {"operation":"allegro.service.autoEndOffers.total","duration_ms":7015.8100000000004001776687800884246826171875,"account":"","eligible_to_end":0,"queued_now":0,"already_queued":0}
[2026-04-28 14:00:20] [WARNING] PERF {"operation":"allegro.controller.autoEndOffers","duration_ms":7016.7200000000002546585164964199066162109375,"account":"","limit":2000,"scan_limit":10000,"matched_offer_count":0,"end_offer_count":0,"queued_now_count":0}
[2026-04-28 14:04:08] [WARNING] PERF {"operation":"allegro.service.maintenance.syncBatchItem","duration_ms":235090.1799999999930150806903839111328125,"account":"altreo-studio"}
[2026-04-28 14:09:36] [WARNING] PERF {"operation":"allegro.service.maintenance.syncBatchItem","duration_ms":213077.51999999998952262103557586669921875,"account":"altreo-studio"}
[2026-04-28 14:10:14] [WARNING] PERF {"operation":"allegro.service.previewAutoEndOffers.storage","duration_ms":5827.0600000000004001776687800884246826171875,"account_id":null,"limit":2000,"scan_limit":10000,"scanned_rows":1882}
[2026-04-28 14:10:14] [WARNING] PERF {"operation":"allegro.service.previewAutoEndOffers.total","duration_ms":5827.52000000000043655745685100555419921875,"account":"","limit":2000,"scan_limit":10000,"matched_offer_count":0,"end_offer_count":0,"blocked_count":0}
[2026-04-28 14:10:14] [WARNING] PERF {"operation":"allegro.service.autoEndOffers.total","duration_ms":5827.6999999999998181010596454143524169921875,"account":"","eligible_to_end":0,"queued_now":0,"already_queued":0}
[2026-04-28 14:10:14] [WARNING] PERF {"operation":"allegro.controller.autoEndOffers","duration_ms":5828.7100000000000363797880709171295166015625,"account":"","limit":2000,"scan_limit":10000,"matched_offer_count":0,"end_offer_count":0,"queued_now_count":0}
[2026-04-28 14:14:26] [WARNING] PERF {"operation":"allegro.service.maintenance.syncBatchItem","duration_ms":258239.29000000000814907252788543701171875,"account":"altreo-studio"}
[2026-04-28 14:18:04] [ERROR] BŁĄD APLIKACJI: SQLSTATE[23000]: Integrity constraint violation: 1062 Duplicate entry 'allegro:cache-cleanup-throttle:v1' for key 'PRIMARY'
[2026-04-28 14:19:55] [WARNING] PERF {"operation":"allegro.service.maintenance.syncBatchItem","duration_ms":231555.0700000000069849193096160888671875,"account":"altreo-studio"}
[2026-04-28 14:20:22] [WARNING] PERF {"operation":"allegro.service.previewAutoEndOffers.storage","duration_ms":14212.100000000000363797880709171295166015625,"account_id":null,"limit":2000,"scan_limit":10000,"scanned_rows":1882}
[2026-04-28 14:20:22] [WARNING] PERF {"operation":"allegro.service.previewAutoEndOffers.total","duration_ms":14212.399999999999636202119290828704833984375,"account":"","limit":2000,"scan_limit":10000,"matched_offer_count":0,"end_offer_count":0,"blocked_count":0}
[2026-04-28 14:20:22] [WARNING] PERF {"operation":"allegro.service.autoEndOffers.total","duration_ms":14212.530000000000654836185276508331298828125,"account":"","eligible_to_end":0,"queued_now":0,"already_queued":0}
[2026-04-28 14:20:22] [WARNING] PERF {"operation":"allegro.controller.autoEndOffers","duration_ms":14213.489999999999781721271574497222900390625,"account":"","limit":2000,"scan_limit":10000,"matched_offer_count":0,"end_offer_count":0,"queued_now_count":0}
[2026-04-28 14:24:16] [WARNING] PERF {"operation":"allegro.service.maintenance.syncBatchItem","duration_ms":248016.890000000013969838619232177734375,"account":"altreo-studio"}
[2026-04-28 14:30:14] [WARNING] PERF {"operation":"allegro.service.previewAutoEndOffers.storage","duration_ms":5298.1899999999995998223312199115753173828125,"account_id":null,"limit":2000,"scan_limit":10000,"scanned_rows":1882}
[2026-04-28 14:30:14] [WARNING] PERF {"operation":"allegro.service.previewAutoEndOffers.total","duration_ms":5298.5500000000001818989403545856475830078125,"account":"","limit":2000,"scan_limit":10000,"matched_offer_count":0,"end_offer_count":0,"blocked_count":0}
[2026-04-28 14:30:14] [WARNING] PERF {"operation":"allegro.service.autoEndOffers.total","duration_ms":5298.6999999999998181010596454143524169921875,"account":"","eligible_to_end":0,"queued_now":0,"already_queued":0}
[2026-04-28 14:30:14] [WARNING] PERF {"operation":"allegro.controller.autoEndOffers","duration_ms":5299.6400000000003274180926382541656494140625,"account":"","limit":2000,"scan_limit":10000,"matched_offer_count":0,"end_offer_count":0,"queued_now_count":0}
[2026-04-28 14:30:24] [WARNING] PERF {"operation":"allegro.service.maintenance.syncBatchItem","duration_ms":259884.10000000000582076609134674072265625,"account":"altreo-studio"}
[2026-04-28 14:37:56] [ERROR] BŁĄD APLIKACJI: Unable to load 'file:taskboard/index.tpl'
[2026-04-28 14:40:13] [WARNING] PERF {"operation":"allegro.service.previewAutoEndOffers.storage","duration_ms":5071,"account_id":null,"limit":2000,"scan_limit":10000,"scanned_rows":1882}
[2026-04-28 14:40:13] [WARNING] PERF {"operation":"allegro.service.previewAutoEndOffers.total","duration_ms":5071.2799999999997453414835035800933837890625,"account":"","limit":2000,"scan_limit":10000,"matched_offer_count":0,"end_offer_count":0,"blocked_count":0}
[2026-04-28 14:40:13] [WARNING] PERF {"operation":"allegro.service.autoEndOffers.total","duration_ms":5071.399999999999636202119290828704833984375,"account":"","eligible_to_end":0,"queued_now":0,"already_queued":0}
[2026-04-28 14:40:13] [WARNING] PERF {"operation":"allegro.controller.autoEndOffers","duration_ms":5072.3599999999996725819073617458343505859375,"account":"","limit":2000,"scan_limit":10000,"matched_offer_count":0,"end_offer_count":0,"queued_now_count":0}
[2026-04-28 14:40:35] [ERROR] BŁĄD APLIKACJI: Unable to load 'file:taskboard/index.tpl'
[2026-04-28 14:41:34] [ERROR] BŁĄD APLIKACJI: Unable to load 'file:taskboard/index.tpl'
[2026-04-28 14:41:34] [ERROR] BŁĄD APLIKACJI: Unable to load 'file:taskboard/index.tpl'
[2026-04-28 14:41:45] [ERROR] BŁĄD APLIKACJI: Unable to load 'file:taskboard/index.tpl'
[2026-04-28 14:43:23] [ERROR] BŁĄD APLIKACJI: Syntax error in template "file:taskboard/index.tpl"  on line 634 "{if $userDisplay|trim neq ''}{$userDisplay|trim|escape}{else}{$user.email|escape}{/if}" unknown modifier 'trim'
[2026-04-28 14:45:22] [ERROR] BŁĄD APLIKACJI: Syntax error in template "file:taskboard/index.tpl"  on line 634 "{if $userDisplay|trim neq ''}{$userDisplay|trim|escape}{else}{$user.email|escape}{/if}" unknown modifier 'trim'
[2026-04-28 14:45:23] [ERROR] BŁĄD APLIKACJI: Syntax error in template "file:taskboard/index.tpl"  on line 634 "{if $userDisplay|trim neq ''}{$userDisplay|trim|escape}{else}{$user.email|escape}{/if}" unknown modifier 'trim'
[2026-04-28 14:45:23] [ERROR] BŁĄD APLIKACJI: Syntax error in template "file:taskboard/index.tpl"  on line 634 "{if $userDisplay|trim neq ''}{$userDisplay|trim|escape}{else}{$user.email|escape}{/if}" unknown modifier 'trim'
[2026-04-28 14:45:31] [ERROR] BŁĄD APLIKACJI: Syntax error in template "file:taskboard/index.tpl"  on line 634 "{if $userDisplay|trim neq ''}{$userDisplay|trim|escape}{else}{$user.email|escape}{/if}" unknown modifier 'trim'
[2026-04-28 14:45:38] [ERROR] BŁĄD APLIKACJI: Syntax error in template "file:taskboard/index.tpl"  on line 634 "{if $userDisplay|trim neq ''}{$userDisplay|trim|escape}{else}{$user.email|escape}{/if}" unknown modifier 'trim'
[2026-04-28 14:45:43] [ERROR] BŁĄD APLIKACJI: Syntax error in template "file:taskboard/index.tpl"  on line 634 "{if $userDisplay|trim neq ''}{$userDisplay|trim|escape}{else}{$user.email|escape}{/if}" unknown modifier 'trim'
[2026-04-28 14:45:43] [ERROR] BŁĄD APLIKACJI: Syntax error in template "file:taskboard/index.tpl"  on line 634 "{if $userDisplay|trim neq ''}{$userDisplay|trim|escape}{else}{$user.email|escape}{/if}" unknown modifier 'trim'
[2026-04-28 14:45:45] [ERROR] BŁĄD APLIKACJI: Syntax error in template "file:taskboard/index.tpl"  on line 634 "{if $userDisplay|trim neq ''}{$userDisplay|trim|escape}{else}{$user.email|escape}{/if}" unknown modifier 'trim'
[2026-04-28 14:45:49] [ERROR] BŁĄD APLIKACJI: Syntax error in template "file:taskboard/index.tpl"  on line 634 "{if $userDisplay|trim neq ''}{$userDisplay|trim|escape}{else}{$user.email|escape}{/if}" unknown modifier 'trim'
[2026-04-28 14:45:49] [ERROR] BŁĄD APLIKACJI: Syntax error in template "file:taskboard/index.tpl"  on line 634 "{if $userDisplay|trim neq ''}{$userDisplay|trim|escape}{else}{$user.email|escape}{/if}" unknown modifier 'trim'
[2026-04-28 14:45:50] [ERROR] BŁĄD APLIKACJI: Syntax error in template "file:taskboard/index.tpl"  on line 634 "{if $userDisplay|trim neq ''}{$userDisplay|trim|escape}{else}{$user.email|escape}{/if}" unknown modifier 'trim'
[2026-04-28 14:45:52] [ERROR] BŁĄD APLIKACJI: Syntax error in template "file:taskboard/index.tpl"  on line 634 "{if $userDisplay|trim neq ''}{$userDisplay|trim|escape}{else}{$user.email|escape}{/if}" unknown modifier 'trim'
[2026-04-28 14:45:53] [ERROR] BŁĄD APLIKACJI: Syntax error in template "file:taskboard/index.tpl"  on line 634 "{if $userDisplay|trim neq ''}{$userDisplay|trim|escape}{else}{$user.email|escape}{/if}" unknown modifier 'trim'
[2026-04-28 14:45:53] [ERROR] BŁĄD APLIKACJI: Syntax error in template "file:taskboard/index.tpl"  on line 634 "{if $userDisplay|trim neq ''}{$userDisplay|trim|escape}{else}{$user.email|escape}{/if}" unknown modifier 'trim'
[2026-04-28 14:45:54] [ERROR] BŁĄD APLIKACJI: Syntax error in template "file:taskboard/index.tpl"  on line 634 "{if $userDisplay|trim neq ''}{$userDisplay|trim|escape}{else}{$user.email|escape}{/if}" unknown modifier 'trim'
[2026-04-28 14:45:55] [ERROR] BŁĄD APLIKACJI: Syntax error in template "file:taskboard/index.tpl"  on line 634 "{if $userDisplay|trim neq ''}{$userDisplay|trim|escape}{else}{$user.email|escape}{/if}" unknown modifier 'trim'
[2026-04-28 14:46:04] [ERROR] BŁĄD APLIKACJI: Syntax error in template "file:taskboard/index.tpl"  on line 634 "{if $userDisplay|trim neq ''}{$userDisplay|trim|escape}{else}{$user.email|escape}{/if}" unknown modifier 'trim'
[2026-04-28 14:46:05] [ERROR] BŁĄD APLIKACJI: Syntax error in template "file:taskboard/index.tpl"  on line 634 "{if $userDisplay|trim neq ''}{$userDisplay|trim|escape}{else}{$user.email|escape}{/if}" unknown modifier 'trim'
[2026-04-28 14:46:07] [ERROR] BŁĄD APLIKACJI: Syntax error in template "file:taskboard/index.tpl"  on line 634 "{if $userDisplay|trim neq ''}{$userDisplay|trim|escape}{else}{$user.email|escape}{/if}" unknown modifier 'trim'
[2026-04-28 14:46:08] [ERROR] BŁĄD APLIKACJI: Syntax error in template "file:taskboard/index.tpl"  on line 634 "{if $userDisplay|trim neq ''}{$userDisplay|trim|escape}{else}{$user.email|escape}{/if}" unknown modifier 'trim'
[2026-04-28 14:46:18] [ERROR] BŁĄD APLIKACJI: Syntax error in template "file:taskboard/index.tpl"  on line 634 "{if $userDisplay|trim neq ''}{$userDisplay|trim|escape}{else}{$user.email|escape}{/if}" unknown modifier 'trim'
[2026-04-28 14:46:19] [ERROR] BŁĄD APLIKACJI: Syntax error in template "file:taskboard/index.tpl"  on line 634 "{if $userDisplay|trim neq ''}{$userDisplay|trim|escape}{else}{$user.email|escape}{/if}" unknown modifier 'trim'
[2026-04-28 14:46:27] [ERROR] BŁĄD APLIKACJI: Syntax error in template "file:taskboard/index.tpl"  on line 634 "{if $userDisplay|trim neq ''}{$userDisplay|trim|escape}{else}{$user.email|escape}{/if}" unknown modifier 'trim'
[2026-04-28 14:46:30] [ERROR] BŁĄD APLIKACJI: Syntax error in template "file:taskboard/index.tpl"  on line 634 "{if $userDisplay|trim neq ''}{$userDisplay|trim|escape}{else}{$user.email|escape}{/if}" unknown modifier 'trim'
[2026-04-28 14:49:04] [WARNING] PERF {"operation":"allegro.service.maintenance.syncBatchItem","duration_ms":299366.01000000000931322574615478515625,"account":"altreo-studio"}
[2026-04-28 14:50:13] [WARNING] PERF {"operation":"allegro.service.previewAutoEndOffers.storage","duration_ms":5063.15999999999985448084771633148193359375,"account_id":null,"limit":2000,"scan_limit":10000,"scanned_rows":1882}
[2026-04-28 14:50:13] [WARNING] PERF {"operation":"allegro.service.previewAutoEndOffers.total","duration_ms":5063.4600000000000363797880709171295166015625,"account":"","limit":2000,"scan_limit":10000,"matched_offer_count":0,"end_offer_count":0,"blocked_count":0}
[2026-04-28 14:50:13] [WARNING] PERF {"operation":"allegro.service.autoEndOffers.total","duration_ms":5063.59000000000014551915228366851806640625,"account":"","eligible_to_end":0,"queued_now":0,"already_queued":0}
[2026-04-28 14:50:13] [WARNING] PERF {"operation":"allegro.controller.autoEndOffers","duration_ms":5064.3599999999996725819073617458343505859375,"account":"","limit":2000,"scan_limit":10000,"matched_offer_count":0,"end_offer_count":0,"queued_now_count":0}
[2026-04-28 15:00:20] [WARNING] PERF {"operation":"allegro.service.previewAutoEndOffers.storage","duration_ms":5910.1300000000001091393642127513885498046875,"account_id":null,"limit":2000,"scan_limit":10000,"scanned_rows":1882}
[2026-04-28 15:00:20] [WARNING] PERF {"operation":"allegro.service.previewAutoEndOffers.total","duration_ms":5910.4600000000000363797880709171295166015625,"account":"","limit":2000,"scan_limit":10000,"matched_offer_count":0,"end_offer_count":0,"blocked_count":0}
[2026-04-28 15:00:20] [WARNING] PERF {"operation":"allegro.service.autoEndOffers.total","duration_ms":5910.600000000000363797880709171295166015625,"account":"","eligible_to_end":0,"queued_now":0,"already_queued":0}
[2026-04-28 15:00:20] [WARNING] PERF {"operation":"allegro.controller.autoEndOffers","duration_ms":5911.510000000000218278728425502777099609375,"account":"","limit":2000,"scan_limit":10000,"matched_offer_count":0,"end_offer_count":0,"queued_now_count":0}
[2026-04-28 15:06:23] [WARNING] PERF {"operation":"allegro.service.maintenance.syncBatchItem","duration_ms":19017.8499999999985448084771633148193359375,"account":"caseu-pl-store"}
[2026-04-28 15:10:12] [WARNING] PERF {"operation":"allegro.service.previewAutoEndOffers.storage","duration_ms":5213.739999999999781721271574497222900390625,"account_id":null,"limit":2000,"scan_limit":10000,"scanned_rows":1882}
[2026-04-28 15:10:12] [WARNING] PERF {"operation":"allegro.service.previewAutoEndOffers.total","duration_ms":5214.1400000000003274180926382541656494140625,"account":"","limit":2000,"scan_limit":10000,"matched_offer_count":0,"end_offer_count":0,"blocked_count":0}
[2026-04-28 15:10:12] [WARNING] PERF {"operation":"allegro.service.autoEndOffers.total","duration_ms":5214.2799999999997453414835035800933837890625,"account":"","eligible_to_end":0,"queued_now":0,"already_queued":0}
[2026-04-28 15:10:12] [WARNING] PERF {"operation":"allegro.controller.autoEndOffers","duration_ms":5215.2200000000002546585164964199066162109375,"account":"","limit":2000,"scan_limit":10000,"matched_offer_count":0,"end_offer_count":0,"queued_now_count":0}
[2026-04-28 15:12:42] [WARNING] PERF {"operation":"allegro.service.maintenance.syncBatchItem","duration_ms":38978.5400000000008731149137020111083984375,"account":"caseu-pl-store"}
[2026-04-28 15:16:44] [ERROR] BŁĄD APLIKACJI: Syntax error in template "file:taskboard/index.tpl"  on line 644 "{$boardProgress|@array_sum} zadan" unknown modifier 'array_sum'
[2026-04-28 15:18:35] [WARNING] PERF {"operation":"allegro.service.maintenance.syncBatchItem","duration_ms":31261.8499999999985448084771633148193359375,"account":"caseu-pl-store"}
[2026-04-28 15:20:14] [WARNING] PERF {"operation":"allegro.service.previewAutoEndOffers.storage","duration_ms":5514.670000000000072759576141834259033203125,"account_id":null,"limit":2000,"scan_limit":10000,"scanned_rows":1882}
[2026-04-28 15:20:14] [WARNING] PERF {"operation":"allegro.service.previewAutoEndOffers.total","duration_ms":5514.9399999999995998223312199115753173828125,"account":"","limit":2000,"scan_limit":10000,"matched_offer_count":0,"end_offer_count":0,"blocked_count":0}
[2026-04-28 15:20:14] [WARNING] PERF {"operation":"allegro.service.autoEndOffers.total","duration_ms":5515.0600000000004001776687800884246826171875,"account":"","eligible_to_end":0,"queued_now":0,"already_queued":0}
[2026-04-28 15:20:14] [WARNING] PERF {"operation":"allegro.controller.autoEndOffers","duration_ms":5516.010000000000218278728425502777099609375,"account":"","limit":2000,"scan_limit":10000,"matched_offer_count":0,"end_offer_count":0,"queued_now_count":0}
[2026-04-28 15:20:20] [ERROR] BŁĄD APLIKACJI: Unable to load 'file:taskboard/task_details.tpl' in 'taskboard/index.tpl'
[2026-04-28 15:20:20] [ERROR] BŁĄD APLIKACJI: Unable to load 'file:taskboard/task_details.tpl' in 'taskboard/index.tpl'
[2026-04-28 15:20:21] [ERROR] BŁĄD APLIKACJI: Unable to load 'file:taskboard/task_details.tpl' in 'taskboard/index.tpl'
[2026-04-28 15:20:21] [ERROR] BŁĄD APLIKACJI: Unable to load 'file:taskboard/task_details.tpl' in 'taskboard/index.tpl'
[2026-04-28 15:20:26] [ERROR] BŁĄD APLIKACJI: Unable to load 'file:taskboard/task_details.tpl' in 'taskboard/index.tpl'
[2026-04-28 15:20:42] [ERROR] BŁĄD APLIKACJI: Unable to load 'file:taskboard/task_details.tpl' in 'taskboard/index.tpl'
[2026-04-28 15:20:43] [ERROR] BŁĄD APLIKACJI: Unable to load 'file:taskboard/task_details.tpl' in 'taskboard/index.tpl'
[2026-04-28 15:24:45] [WARNING] PERF {"operation":"allegro.service.maintenance.syncBatchItem","duration_ms":41828.199999999997089616954326629638671875,"account":"caseu-pl-store"}
[2026-04-28 15:30:15] [WARNING] PERF {"operation":"allegro.service.previewAutoEndOffers.storage","duration_ms":5255.1300000000001091393642127513885498046875,"account_id":null,"limit":2000,"scan_limit":10000,"scanned_rows":1882}
[2026-04-28 15:30:15] [WARNING] PERF {"operation":"allegro.service.previewAutoEndOffers.total","duration_ms":5255.4399999999995998223312199115753173828125,"account":"","limit":2000,"scan_limit":10000,"matched_offer_count":0,"end_offer_count":0,"blocked_count":0}
[2026-04-28 15:30:15] [WARNING] PERF {"operation":"allegro.service.autoEndOffers.total","duration_ms":5255.5399999999999636202119290828704833984375,"account":"","eligible_to_end":0,"queued_now":0,"already_queued":0}
[2026-04-28 15:30:15] [WARNING] PERF {"operation":"allegro.controller.autoEndOffers","duration_ms":5256.5,"account":"","limit":2000,"scan_limit":10000,"matched_offer_count":0,"end_offer_count":0,"queued_now_count":0}
[2026-04-28 15:31:08] [WARNING] PERF {"operation":"allegro.service.maintenance.syncBatchItem","duration_ms":58297.3199999999997089616954326629638671875,"account":"caseu-pl-store"}
[2026-04-28 15:37:08] [WARNING] PERF {"operation":"allegro.service.maintenance.syncBatchItem","duration_ms":63481.8199999999997089616954326629638671875,"account":"caseu-pl-store"}
[2026-04-28 15:40:14] [WARNING] PERF {"operation":"allegro.service.previewAutoEndOffers.storage","duration_ms":5362.0399999999999636202119290828704833984375,"account_id":null,"limit":2000,"scan_limit":10000,"scanned_rows":1882}
[2026-04-28 15:40:14] [WARNING] PERF {"operation":"allegro.service.previewAutoEndOffers.total","duration_ms":5362.40999999999985448084771633148193359375,"account":"","limit":2000,"scan_limit":10000,"matched_offer_count":0,"end_offer_count":0,"blocked_count":0}
[2026-04-28 15:40:14] [WARNING] PERF {"operation":"allegro.service.autoEndOffers.total","duration_ms":5362.5299999999997453414835035800933837890625,"account":"","eligible_to_end":0,"queued_now":0,"already_queued":0}
[2026-04-28 15:40:14] [WARNING] PERF {"operation":"allegro.controller.autoEndOffers","duration_ms":5363.420000000000072759576141834259033203125,"account":"","limit":2000,"scan_limit":10000,"matched_offer_count":0,"end_offer_count":0,"queued_now_count":0}
[2026-04-28 15:43:14] [WARNING] PERF {"operation":"allegro.service.maintenance.syncBatchItem","duration_ms":70660.169999999998253770172595977783203125,"account":"caseu-pl-store"}
[2026-04-28 15:49:26] [WARNING] PERF {"operation":"allegro.service.maintenance.syncBatchItem","duration_ms":81857.009999999994761310517787933349609375,"account":"caseu-pl-store"}
[2026-04-28 15:50:13] [WARNING] PERF {"operation":"allegro.service.previewAutoEndOffers.storage","duration_ms":5202.1899999999995998223312199115753173828125,"account_id":null,"limit":2000,"scan_limit":10000,"scanned_rows":1882}
[2026-04-28 15:50:13] [WARNING] PERF {"operation":"allegro.service.previewAutoEndOffers.total","duration_ms":5202.6099999999996725819073617458343505859375,"account":"","limit":2000,"scan_limit":10000,"matched_offer_count":0,"end_offer_count":0,"blocked_count":0}
[2026-04-28 15:50:13] [WARNING] PERF {"operation":"allegro.service.autoEndOffers.total","duration_ms":5202.75,"account":"","eligible_to_end":0,"queued_now":0,"already_queued":0}
[2026-04-28 15:50:13] [WARNING] PERF {"operation":"allegro.controller.autoEndOffers","duration_ms":5203.7799999999997453414835035800933837890625,"account":"","limit":2000,"scan_limit":10000,"matched_offer_count":0,"end_offer_count":0,"queued_now_count":0}
[2026-04-28 15:55:36] [WARNING] PERF {"operation":"allegro.service.maintenance.syncBatchItem","duration_ms":92220.669999999998253770172595977783203125,"account":"caseu-pl-store"}
[2026-04-28 16:00:18] [WARNING] PERF {"operation":"allegro.service.previewAutoEndOffers.storage","duration_ms":5234.0500000000001818989403545856475830078125,"account_id":null,"limit":2000,"scan_limit":10000,"scanned_rows":1882}
[2026-04-28 16:00:18] [WARNING] PERF {"operation":"allegro.service.previewAutoEndOffers.total","duration_ms":5259.52000000000043655745685100555419921875,"account":"","limit":2000,"scan_limit":10000,"matched_offer_count":0,"end_offer_count":0,"blocked_count":0}
[2026-04-28 16:00:18] [WARNING] PERF {"operation":"allegro.service.autoEndOffers.total","duration_ms":5259.649999999999636202119290828704833984375,"account":"","eligible_to_end":0,"queued_now":0,"already_queued":0}
[2026-04-28 16:00:18] [WARNING] PERF {"operation":"allegro.controller.autoEndOffers","duration_ms":5260.6300000000001091393642127513885498046875,"account":"","limit":2000,"scan_limit":10000,"matched_offer_count":0,"end_offer_count":0,"queued_now_count":0}
[2026-04-28 16:02:00] [WARNING] PERF {"operation":"allegro.service.maintenance.syncBatchItem","duration_ms":107041.789999999993597157299518585205078125,"account":"caseu-pl-store"}
[2026-04-28 16:07:59] [WARNING] PERF {"operation":"allegro.service.maintenance.syncBatchItem","duration_ms":115567.6799999999930150806903839111328125,"account":"caseu-pl-store"}
[2026-04-28 16:10:13] [WARNING] PERF {"operation":"allegro.service.previewAutoEndOffers.storage","duration_ms":5128.7899999999999636202119290828704833984375,"account_id":null,"limit":2000,"scan_limit":10000,"scanned_rows":1882}
[2026-04-28 16:10:13] [WARNING] PERF {"operation":"allegro.service.previewAutoEndOffers.total","duration_ms":5129.079999999999927240423858165740966796875,"account":"","limit":2000,"scan_limit":10000,"matched_offer_count":0,"end_offer_count":0,"blocked_count":0}
[2026-04-28 16:10:13] [WARNING] PERF {"operation":"allegro.service.autoEndOffers.total","duration_ms":5129.1800000000002910383045673370361328125,"account":"","eligible_to_end":0,"queued_now":0,"already_queued":0}
[2026-04-28 16:10:13] [WARNING] PERF {"operation":"allegro.controller.autoEndOffers","duration_ms":5130.0600000000004001776687800884246826171875,"account":"","limit":2000,"scan_limit":10000,"matched_offer_count":0,"end_offer_count":0,"queued_now_count":0}
[2026-04-28 16:14:08] [WARNING] PERF {"operation":"allegro.service.maintenance.syncBatchItem","duration_ms":123987.630000000004656612873077392578125,"account":"caseu-pl-store"}
[2026-04-28 16:20:15] [WARNING] PERF {"operation":"allegro.service.previewAutoEndOffers.storage","duration_ms":5332.9399999999995998223312199115753173828125,"account_id":null,"limit":2000,"scan_limit":10000,"scanned_rows":1882}
[2026-04-28 16:20:15] [WARNING] PERF {"operation":"allegro.service.previewAutoEndOffers.total","duration_ms":5333.3199999999997089616954326629638671875,"account":"","limit":2000,"scan_limit":10000,"matched_offer_count":0,"end_offer_count":0,"blocked_count":0}
[2026-04-28 16:20:15] [WARNING] PERF {"operation":"allegro.service.autoEndOffers.total","duration_ms":5333.4499999999998181010596454143524169921875,"account":"","eligible_to_end":0,"queued_now":0,"already_queued":0}
[2026-04-28 16:20:15] [WARNING] PERF {"operation":"allegro.controller.autoEndOffers","duration_ms":5335.600000000000363797880709171295166015625,"account":"","limit":2000,"scan_limit":10000,"matched_offer_count":0,"end_offer_count":0,"queued_now_count":0}
[2026-04-28 16:20:20] [WARNING] PERF {"operation":"allegro.service.maintenance.syncBatchItem","duration_ms":135516.47000000000116415321826934814453125,"account":"caseu-pl-store"}
[2026-04-28 16:26:24] [WARNING] PERF {"operation":"allegro.service.maintenance.syncBatchItem","duration_ms":20676.77999999999883584678173065185546875,"account":"altreo-studio"}
[2026-04-28 16:26:44] [WARNING] PERF {"operation":"allegro.service.maintenance.syncBatchItem","duration_ms":158986.52999999999883584678173065185546875,"account":"caseu-pl-store"}
[2026-04-28 16:28:12] [WARNING] PERF {"operation":"allegro.service.maintenance.syncBatchItem","duration_ms":88480.259999999994761310517787933349609375,"account":"etujah"}
[2026-04-28 16:28:12] [WARNING] PERF {"operation":"allegro.service.maintenance.total","duration_ms":247475.619999999995343387126922607421875,"account":"","queue_limit":100,"sync_enabled":1,"compact_offers":0}
[2026-04-28 16:28:12] [WARNING] PERF {"operation":"allegro.controller.maintenance","duration_ms":247475.76999999998952262103557586669921875,"account":"","queue_limit":100,"sync":1,"queue_done":0,"queue_retry":0,"queue_error":0}
[2026-04-28 16:28:28] [WARNING] PERF {"operation":"allegro.service.maintenance.syncBatchItem","duration_ms":24378.0400000000008731149137020111083984375,"account":"altreo-studio"}
[2026-04-28 16:30:16] [WARNING] PERF {"operation":"allegro.service.previewAutoEndOffers.storage","duration_ms":6166.02000000000043655745685100555419921875,"account_id":null,"limit":2000,"scan_limit":10000,"scanned_rows":1882}
[2026-04-28 16:30:16] [WARNING] PERF {"operation":"allegro.service.previewAutoEndOffers.total","duration_ms":6166.3199999999997089616954326629638671875,"account":"","limit":2000,"scan_limit":10000,"matched_offer_count":0,"end_offer_count":0,"blocked_count":0}
[2026-04-28 16:30:16] [WARNING] PERF {"operation":"allegro.service.autoEndOffers.total","duration_ms":6166.420000000000072759576141834259033203125,"account":"","eligible_to_end":0,"queued_now":0,"already_queued":0}
[2026-04-28 16:30:16] [WARNING] PERF {"operation":"allegro.controller.autoEndOffers","duration_ms":6167.3900000000003274180926382541656494140625,"account":"","limit":2000,"scan_limit":10000,"matched_offer_count":0,"end_offer_count":0,"queued_now_count":0}
[2026-04-28 16:30:44] [WARNING] PERF {"operation":"allegro.service.maintenance.syncBatchItem","duration_ms":34254.389999999999417923390865325927734375,"account":"altreo-studio"}
[2026-04-28 16:33:16] [WARNING] PERF {"operation":"allegro.service.maintenance.syncBatchItem","duration_ms":71545.110000000000582076609134674072265625,"account":"altreo-studio"}
[2026-04-28 16:33:52] [WARNING] PERF {"operation":"allegro.service.maintenance.syncBatchItem","duration_ms":187474.359999999986030161380767822265625,"account":"caseu-pl-store"}
[2026-04-28 16:35:22] [WARNING] PERF {"operation":"allegro.service.maintenance.syncBatchItem","duration_ms":77409.009999999994761310517787933349609375,"account":"altreo-studio"}
[2026-04-28 16:37:06] [WARNING] PERF {"operation":"allegro.service.maintenance.syncBatchItem","duration_ms":61861.02999999999883584678173065185546875,"account":"altreo-studio"}
[2026-04-28 16:40:13] [WARNING] PERF {"operation":"allegro.service.previewAutoEndOffers.storage","duration_ms":4948.65999999999985448084771633148193359375,"account_id":null,"limit":2000,"scan_limit":10000,"scanned_rows":1882}
[2026-04-28 16:40:13] [WARNING] PERF {"operation":"allegro.service.previewAutoEndOffers.total","duration_ms":4949.010000000000218278728425502777099609375,"account":"","limit":2000,"scan_limit":10000,"matched_offer_count":0,"end_offer_count":0,"blocked_count":0}
[2026-04-28 16:40:13] [WARNING] PERF {"operation":"allegro.service.autoEndOffers.total","duration_ms":4949.149999999999636202119290828704833984375,"account":"","eligible_to_end":0,"queued_now":0,"already_queued":0}
[2026-04-28 16:40:13] [WARNING] PERF {"operation":"allegro.controller.autoEndOffers","duration_ms":4950.09000000000014551915228366851806640625,"account":"","limit":2000,"scan_limit":10000,"matched_offer_count":0,"end_offer_count":0,"queued_now_count":0}
[2026-04-28 16:40:22] [WARNING] PERF {"operation":"allegro.service.maintenance.syncBatchItem","duration_ms":137853.7999999999883584678173065185546875,"account":"altreo-studio"}
[2026-04-28 16:41:13] [WARNING] PERF {"operation":"allegro.service.maintenance.syncBatchItem","duration_ms":247837.640000000013969838619232177734375,"account":"caseu-pl-store"}
[2026-04-28 16:41:13] [WARNING] PERF {"operation":"allegro.service.maintenance.total","duration_ms":309709.0800000000162981450557708740234375,"account":"","queue_limit":100,"sync_enabled":1,"compact_offers":0}
[2026-04-28 16:41:13] [WARNING] PERF {"operation":"allegro.controller.maintenance","duration_ms":309709.23999999999068677425384521484375,"account":"","queue_limit":100,"sync":1,"queue_done":0,"queue_retry":0,"queue_error":0}
[2026-04-28 16:42:07] [WARNING] PERF {"operation":"allegro.service.maintenance.syncBatchItem","duration_ms":105911.4299999999930150806903839111328125,"account":"etujah"}
[2026-04-28 16:42:07] [WARNING] PERF {"operation":"allegro.service.maintenance.total","duration_ms":243777.48000000001047737896442413330078125,"account":"","queue_limit":100,"sync_enabled":1,"compact_offers":0}
[2026-04-28 16:42:07] [WARNING] PERF {"operation":"allegro.controller.maintenance","duration_ms":243777.60000000000582076609134674072265625,"account":"","queue_limit":100,"sync":1,"queue_done":0,"queue_retry":0,"queue_error":0}
[2026-04-28 16:43:30] [WARNING] PERF {"operation":"allegro.service.maintenance.syncBatchItem","duration_ms":85852.169999999998253770172595977783203125,"account":"altreo-studio"}
[2026-04-28 16:45:37] [WARNING] PERF {"operation":"allegro.service.maintenance.syncBatchItem","duration_ms":93816.35000000000582076609134674072265625,"account":"altreo-studio"}
[2026-04-28 16:48:48] [WARNING] PERF {"operation":"allegro.service.maintenance.syncBatchItem","duration_ms":164164.5700000000069849193096160888671875,"account":"altreo-studio"}
[2026-04-28 16:50:14] [WARNING] PERF {"operation":"allegro.service.previewAutoEndOffers.storage","duration_ms":4990.2100000000000363797880709171295166015625,"account_id":null,"limit":2000,"scan_limit":10000,"scanned_rows":1882}
[2026-04-28 16:50:14] [WARNING] PERF {"operation":"allegro.service.previewAutoEndOffers.total","duration_ms":4990.5500000000001818989403545856475830078125,"account":"","limit":2000,"scan_limit":10000,"matched_offer_count":0,"end_offer_count":0,"blocked_count":0}
[2026-04-28 16:50:14] [WARNING] PERF {"operation":"allegro.service.autoEndOffers.total","duration_ms":4990.649999999999636202119290828704833984375,"account":"","eligible_to_end":0,"queued_now":0,"already_queued":0}
[2026-04-28 16:50:14] [WARNING] PERF {"operation":"allegro.controller.autoEndOffers","duration_ms":4991.579999999999927240423858165740966796875,"account":"","limit":2000,"scan_limit":10000,"matched_offer_count":0,"end_offer_count":0,"queued_now_count":0}
[2026-04-28 16:52:02] [WARNING] PERF {"operation":"allegro.service.maintenance.syncBatchItem","duration_ms":112710.16000000000349245965480804443359375,"account":"altreo-studio"}
[2026-04-28 16:55:15] [WARNING] PERF {"operation":"allegro.service.maintenance.syncBatchItem","duration_ms":190279.880000000004656612873077392578125,"account":"altreo-studio"}
[2026-04-28 16:58:09] [WARNING] PERF {"operation":"allegro.service.maintenance.syncBatchItem","duration_ms":126028.619999999995343387126922607421875,"account":"altreo-studio"}
[2026-04-28 17:00:20] [WARNING] PERF {"operation":"allegro.service.previewAutoEndOffers.storage","duration_ms":5935.1199999999998908606357872486114501953125,"account_id":null,"limit":2000,"scan_limit":10000,"scanned_rows":1882}
[2026-04-28 17:00:20] [WARNING] PERF {"operation":"allegro.service.previewAutoEndOffers.total","duration_ms":5935.5299999999997453414835035800933837890625,"account":"","limit":2000,"scan_limit":10000,"matched_offer_count":0,"end_offer_count":0,"blocked_count":0}
[2026-04-28 17:00:20] [WARNING] PERF {"operation":"allegro.service.autoEndOffers.total","duration_ms":5935.65999999999985448084771633148193359375,"account":"","eligible_to_end":0,"queued_now":0,"already_queued":0}
[2026-04-28 17:00:20] [WARNING] PERF {"operation":"allegro.controller.autoEndOffers","duration_ms":5936.6999999999998181010596454143524169921875,"account":"","limit":2000,"scan_limit":10000,"matched_offer_count":0,"end_offer_count":0,"queued_now_count":0}
[2026-04-28 17:00:48] [WARNING] PERF {"operation":"allegro.service.maintenance.syncBatchItem","duration_ms":158638.76000000000931322574615478515625,"account":"etujah"}
[2026-04-28 17:00:48] [WARNING] PERF {"operation":"allegro.service.maintenance.total","duration_ms":284673.21999999997206032276153564453125,"account":"","queue_limit":100,"sync_enabled":1,"compact_offers":0}
[2026-04-28 17:00:48] [WARNING] PERF {"operation":"allegro.controller.maintenance","duration_ms":284678.390000000013969838619232177734375,"account":"","queue_limit":100,"sync":1,"queue_done":0,"queue_retry":0,"queue_error":0}
[2026-04-28 17:03:58] [WARNING] PERF {"operation":"allegro.service.maintenance.syncBatchItem","duration_ms":224572.35000000000582076609134674072265625,"account":"altreo-studio"}
[2026-04-28 17:07:14] [WARNING] PERF {"operation":"allegro.service.maintenance.syncBatchItem","duration_ms":190706.609999999986030161380767822265625,"account":"altreo-studio"}
[2026-04-28 17:10:13] [WARNING] PERF {"operation":"allegro.service.previewAutoEndOffers.storage","duration_ms":5524.77000000000043655745685100555419921875,"account_id":null,"limit":2000,"scan_limit":10000,"scanned_rows":1882}
[2026-04-28 17:10:13] [WARNING] PERF {"operation":"allegro.service.previewAutoEndOffers.total","duration_ms":5525.15999999999985448084771633148193359375,"account":"","limit":2000,"scan_limit":10000,"matched_offer_count":0,"end_offer_count":0,"blocked_count":0}
[2026-04-28 17:10:13] [WARNING] PERF {"operation":"allegro.service.autoEndOffers.total","duration_ms":5525.329999999999927240423858165740966796875,"account":"","eligible_to_end":0,"queued_now":0,"already_queued":0}
[2026-04-28 17:10:13] [WARNING] PERF {"operation":"allegro.controller.autoEndOffers","duration_ms":5526.27000000000043655745685100555419921875,"account":"","limit":2000,"scan_limit":10000,"matched_offer_count":0,"end_offer_count":0,"queued_now_count":0}
[2026-04-28 17:11:01] [WARNING] PERF {"operation":"allegro.service.maintenance.syncBatchItem","duration_ms":177781.619999999995343387126922607421875,"account":"altreo-studio"}
[2026-04-28 17:16:50] [WARNING] PERF {"operation":"allegro.service.maintenance.syncBatchItem","duration_ms":403327.0900000000256113708019256591796875,"account":"caseu-pl-store"}
[2026-04-28 17:17:41] [WARNING] PERF {"operation":"allegro.service.maintenance.syncBatchItem","duration_ms":336457.5599999999976716935634613037109375,"account":"altreo-studio"}
[2026-04-28 17:20:15] [WARNING] PERF {"operation":"allegro.service.previewAutoEndOffers.storage","duration_ms":6365.7799999999997453414835035800933837890625,"account_id":null,"limit":2000,"scan_limit":10000,"scanned_rows":1882}
[2026-04-28 17:20:15] [WARNING] PERF {"operation":"allegro.service.previewAutoEndOffers.total","duration_ms":6366.1199999999998908606357872486114501953125,"account":"","limit":2000,"scan_limit":10000,"matched_offer_count":0,"end_offer_count":0,"blocked_count":0}
[2026-04-28 17:20:15] [WARNING] PERF {"operation":"allegro.service.autoEndOffers.total","duration_ms":6366.22999999999956344254314899444580078125,"account":"","eligible_to_end":0,"queued_now":0,"already_queued":0}
[2026-04-28 17:20:15] [WARNING] PERF {"operation":"allegro.controller.autoEndOffers","duration_ms":6367.170000000000072759576141834259033203125,"account":"","limit":2000,"scan_limit":10000,"matched_offer_count":0,"end_offer_count":0,"queued_now_count":0}
[2026-04-28 17:24:17] [WARNING] PERF {"operation":"allegro.service.maintenance.syncBatchItem","duration_ms":396726.4299999999930150806903839111328125,"account":"caseu-pl-store"}
[2026-04-28 17:27:14] [WARNING] PERF {"operation":"allegro.service.maintenance.syncBatchItem","duration_ms":176379.9400000000023283064365386962890625,"account":"etujah"}
[2026-04-28 17:27:14] [WARNING] PERF {"operation":"allegro.service.maintenance.total","duration_ms":909575,"account":"","queue_limit":100,"sync_enabled":1,"compact_offers":0}
[2026-04-28 17:27:14] [WARNING] PERF {"operation":"allegro.controller.maintenance","duration_ms":909575.160000000032596290111541748046875,"account":"","queue_limit":100,"sync":1,"queue_done":0,"queue_retry":0,"queue_error":0}
[2026-04-28 17:30:18] [WARNING] PERF {"operation":"allegro.service.previewAutoEndOffers.storage","duration_ms":4978.8199999999997089616954326629638671875,"account_id":null,"limit":2000,"scan_limit":10000,"scanned_rows":1882}
[2026-04-28 17:30:18] [WARNING] PERF {"operation":"allegro.service.previewAutoEndOffers.total","duration_ms":4979.1800000000002910383045673370361328125,"account":"","limit":2000,"scan_limit":10000,"matched_offer_count":0,"end_offer_count":0,"blocked_count":0}
[2026-04-28 17:30:18] [WARNING] PERF {"operation":"allegro.service.autoEndOffers.total","duration_ms":4979.27000000000043655745685100555419921875,"account":"","eligible_to_end":0,"queued_now":0,"already_queued":0}
[2026-04-28 17:30:18] [WARNING] PERF {"operation":"allegro.controller.autoEndOffers","duration_ms":4980.1999999999998181010596454143524169921875,"account":"","limit":2000,"scan_limit":10000,"matched_offer_count":0,"end_offer_count":0,"queued_now_count":0}
[2026-04-28 17:40:15] [WARNING] PERF {"operation":"allegro.service.previewAutoEndOffers.storage","duration_ms":5112.989999999999781721271574497222900390625,"account_id":null,"limit":2000,"scan_limit":10000,"scanned_rows":1882}
[2026-04-28 17:40:15] [WARNING] PERF {"operation":"allegro.service.previewAutoEndOffers.total","duration_ms":5113.2799999999997453414835035800933837890625,"account":"","limit":2000,"scan_limit":10000,"matched_offer_count":0,"end_offer_count":0,"blocked_count":0}
[2026-04-28 17:40:15] [WARNING] PERF {"operation":"allegro.service.autoEndOffers.total","duration_ms":5113.399999999999636202119290828704833984375,"account":"","eligible_to_end":0,"queued_now":0,"already_queued":0}
[2026-04-28 17:40:15] [WARNING] PERF {"operation":"allegro.controller.autoEndOffers","duration_ms":5114.2899999999999636202119290828704833984375,"account":"","limit":2000,"scan_limit":10000,"matched_offer_count":0,"end_offer_count":0,"queued_now_count":0}
[2026-04-28 17:40:52] [WARNING] PERF {"operation":"allegro.service.maintenance.syncBatchItem","duration_ms":286960.890000000013969838619232177734375,"account":"altreo-studio"}
[2026-04-28 17:50:13] [WARNING] PERF {"operation":"allegro.service.previewAutoEndOffers.storage","duration_ms":5187.15999999999985448084771633148193359375,"account_id":null,"limit":2000,"scan_limit":10000,"scanned_rows":1882}
[2026-04-28 17:50:13] [WARNING] PERF {"operation":"allegro.service.previewAutoEndOffers.total","duration_ms":5187.489999999999781721271574497222900390625,"account":"","limit":2000,"scan_limit":10000,"matched_offer_count":0,"end_offer_count":0,"blocked_count":0}
[2026-04-28 17:50:13] [WARNING] PERF {"operation":"allegro.service.autoEndOffers.total","duration_ms":5187.600000000000363797880709171295166015625,"account":"","eligible_to_end":0,"queued_now":0,"already_queued":0}
[2026-04-28 17:50:13] [WARNING] PERF {"operation":"allegro.controller.autoEndOffers","duration_ms":5188.3800000000001091393642127513885498046875,"account":"","limit":2000,"scan_limit":10000,"matched_offer_count":0,"end_offer_count":0,"queued_now_count":0}
[2026-04-28 17:59:41] [WARNING] PERF {"operation":"allegro.service.maintenance.syncBatchItem","duration_ms":336545.9600000000209547579288482666015625,"account":"altreo-studio"}
[2026-04-28 18:00:20] [WARNING] PERF {"operation":"allegro.service.previewAutoEndOffers.storage","duration_ms":5631.3599999999996725819073617458343505859375,"account_id":null,"limit":2000,"scan_limit":10000,"scanned_rows":1882}
[2026-04-28 18:00:20] [WARNING] PERF {"operation":"allegro.service.previewAutoEndOffers.total","duration_ms":5631.72999999999956344254314899444580078125,"account":"","limit":2000,"scan_limit":10000,"matched_offer_count":0,"end_offer_count":0,"blocked_count":0}
[2026-04-28 18:00:20] [WARNING] PERF {"operation":"allegro.service.autoEndOffers.total","duration_ms":5631.8699999999998908606357872486114501953125,"account":"","eligible_to_end":0,"queued_now":0,"already_queued":0}
[2026-04-28 18:00:20] [WARNING] PERF {"operation":"allegro.controller.autoEndOffers","duration_ms":5632.7100000000000363797880709171295166015625,"account":"","limit":2000,"scan_limit":10000,"matched_offer_count":0,"end_offer_count":0,"queued_now_count":0}
[2026-04-28 18:10:15] [WARNING] PERF {"operation":"allegro.service.previewAutoEndOffers.storage","duration_ms":5705.489999999999781721271574497222900390625,"account_id":null,"limit":2000,"scan_limit":10000,"scanned_rows":1882}
[2026-04-28 18:10:15] [WARNING] PERF {"operation":"allegro.service.previewAutoEndOffers.total","duration_ms":5706.22999999999956344254314899444580078125,"account":"","limit":2000,"scan_limit":10000,"matched_offer_count":0,"end_offer_count":0,"blocked_count":0}
[2026-04-28 18:10:15] [WARNING] PERF {"operation":"allegro.service.autoEndOffers.total","duration_ms":5706.34000000000014551915228366851806640625,"account":"","eligible_to_end":0,"queued_now":0,"already_queued":0}
[2026-04-28 18:10:15] [WARNING] PERF {"operation":"allegro.controller.autoEndOffers","duration_ms":5707.22999999999956344254314899444580078125,"account":"","limit":2000,"scan_limit":10000,"matched_offer_count":0,"end_offer_count":0,"queued_now_count":0}
[2026-04-28 18:10:49] [WARNING] PERF {"operation":"allegro.service.maintenance.syncBatchItem","duration_ms":405239.75,"account":"caseu-pl-store"}
[2026-04-28 18:17:04] [WARNING] PERF {"operation":"allegro.service.maintenance.syncBatchItem","duration_ms":299610.1699999999837018549442291259765625,"account":"altreo-studio"}
[2026-04-28 18:20:14] [WARNING] PERF {"operation":"allegro.service.previewAutoEndOffers.storage","duration_ms":5320.170000000000072759576141834259033203125,"account_id":null,"limit":2000,"scan_limit":10000,"scanned_rows":1882}
[2026-04-28 18:20:14] [WARNING] PERF {"operation":"allegro.service.previewAutoEndOffers.total","duration_ms":5320.5299999999997453414835035800933837890625,"account":"","limit":2000,"scan_limit":10000,"matched_offer_count":0,"end_offer_count":0,"blocked_count":0}
[2026-04-28 18:20:14] [WARNING] PERF {"operation":"allegro.service.autoEndOffers.total","duration_ms":5320.6199999999998908606357872486114501953125,"account":"","eligible_to_end":0,"queued_now":0,"already_queued":0}
[2026-04-28 18:20:14] [WARNING] PERF {"operation":"allegro.controller.autoEndOffers","duration_ms":5321.600000000000363797880709171295166015625,"account":"","limit":2000,"scan_limit":10000,"matched_offer_count":0,"end_offer_count":0,"queued_now_count":0}
[2026-04-28 18:30:17] [WARNING] PERF {"operation":"allegro.service.previewAutoEndOffers.storage","duration_ms":5507.4600000000000363797880709171295166015625,"account_id":null,"limit":2000,"scan_limit":10000,"scanned_rows":1882}
[2026-04-28 18:30:17] [WARNING] PERF {"operation":"allegro.service.previewAutoEndOffers.total","duration_ms":5507.7899999999999636202119290828704833984375,"account":"","limit":2000,"scan_limit":10000,"matched_offer_count":0,"end_offer_count":0,"blocked_count":0}
[2026-04-28 18:30:17] [WARNING] PERF {"operation":"allegro.service.autoEndOffers.total","duration_ms":5507.920000000000072759576141834259033203125,"account":"","eligible_to_end":0,"queued_now":0,"already_queued":0}
[2026-04-28 18:30:17] [WARNING] PERF {"operation":"allegro.controller.autoEndOffers","duration_ms":5508.920000000000072759576141834259033203125,"account":"","limit":2000,"scan_limit":10000,"matched_offer_count":0,"end_offer_count":0,"queued_now_count":0}
[2026-04-28 18:32:05] [ERROR] BŁĄD APLIKACJI: SQLSTATE[23000]: Integrity constraint violation: 1062 Duplicate entry 'allegro:cache-cleanup-throttle:v1' for key 'PRIMARY'
[2026-04-28 18:40:20] [WARNING] PERF {"operation":"allegro.service.previewAutoEndOffers.storage","duration_ms":8911.75,"account_id":null,"limit":2000,"scan_limit":10000,"scanned_rows":1882}
[2026-04-28 18:40:20] [WARNING] PERF {"operation":"allegro.service.previewAutoEndOffers.total","duration_ms":8912.65999999999985448084771633148193359375,"account":"","limit":2000,"scan_limit":10000,"matched_offer_count":0,"end_offer_count":0,"blocked_count":0}
[2026-04-28 18:40:20] [WARNING] PERF {"operation":"allegro.service.autoEndOffers.total","duration_ms":8912.8199999999997089616954326629638671875,"account":"","eligible_to_end":0,"queued_now":0,"already_queued":0}
[2026-04-28 18:40:20] [WARNING] PERF {"operation":"allegro.controller.autoEndOffers","duration_ms":8913.760000000000218278728425502777099609375,"account":"","limit":2000,"scan_limit":10000,"matched_offer_count":0,"end_offer_count":0,"queued_now_count":0}
[2026-04-28 18:50:15] [WARNING] PERF {"operation":"allegro.service.previewAutoEndOffers.storage","duration_ms":5495.4499999999998181010596454143524169921875,"account_id":null,"limit":2000,"scan_limit":10000,"scanned_rows":1882}
[2026-04-28 18:50:15] [WARNING] PERF {"operation":"allegro.service.previewAutoEndOffers.total","duration_ms":5495.760000000000218278728425502777099609375,"account":"","limit":2000,"scan_limit":10000,"matched_offer_count":0,"end_offer_count":0,"blocked_count":0}
[2026-04-28 18:50:15] [WARNING] PERF {"operation":"allegro.service.autoEndOffers.total","duration_ms":5495.850000000000363797880709171295166015625,"account":"","eligible_to_end":0,"queued_now":0,"already_queued":0}
[2026-04-28 18:50:15] [WARNING] PERF {"operation":"allegro.controller.autoEndOffers","duration_ms":5497.02000000000043655745685100555419921875,"account":"","limit":2000,"scan_limit":10000,"matched_offer_count":0,"end_offer_count":0,"queued_now_count":0}
[2026-04-28 19:00:26] [WARNING] PERF {"operation":"allegro.service.previewAutoEndOffers.storage","duration_ms":6264.0699999999997089616954326629638671875,"account_id":null,"limit":2000,"scan_limit":10000,"scanned_rows":1882}
[2026-04-28 19:00:26] [WARNING] PERF {"operation":"allegro.service.previewAutoEndOffers.total","duration_ms":6264.4700000000002546585164964199066162109375,"account":"","limit":2000,"scan_limit":10000,"matched_offer_count":0,"end_offer_count":0,"blocked_count":0}
[2026-04-28 19:00:26] [WARNING] PERF {"operation":"allegro.service.autoEndOffers.total","duration_ms":6264.5699999999997089616954326629638671875,"account":"","eligible_to_end":0,"queued_now":0,"already_queued":0}
[2026-04-28 19:00:26] [WARNING] PERF {"operation":"allegro.controller.autoEndOffers","duration_ms":6265.3900000000003274180926382541656494140625,"account":"","limit":2000,"scan_limit":10000,"matched_offer_count":0,"end_offer_count":0,"queued_now_count":0}
[2026-04-28 19:10:17] [WARNING] PERF {"operation":"allegro.service.previewAutoEndOffers.storage","duration_ms":5867.3699999999998908606357872486114501953125,"account_id":null,"limit":2000,"scan_limit":10000,"scanned_rows":1882}
[2026-04-28 19:10:17] [WARNING] PERF {"operation":"allegro.service.previewAutoEndOffers.total","duration_ms":5867.72999999999956344254314899444580078125,"account":"","limit":2000,"scan_limit":10000,"matched_offer_count":0,"end_offer_count":0,"blocked_count":0}
[2026-04-28 19:10:17] [WARNING] PERF {"operation":"allegro.service.autoEndOffers.total","duration_ms":5867.84000000000014551915228366851806640625,"account":"","eligible_to_end":0,"queued_now":0,"already_queued":0}
[2026-04-28 19:10:17] [WARNING] PERF {"operation":"allegro.controller.autoEndOffers","duration_ms":5868.760000000000218278728425502777099609375,"account":"","limit":2000,"scan_limit":10000,"matched_offer_count":0,"end_offer_count":0,"queued_now_count":0}
[2026-04-28 19:20:18] [WARNING] PERF {"operation":"allegro.service.previewAutoEndOffers.storage","duration_ms":5679.010000000000218278728425502777099609375,"account_id":null,"limit":2000,"scan_limit":10000,"scanned_rows":1882}
[2026-04-28 19:20:18] [WARNING] PERF {"operation":"allegro.service.previewAutoEndOffers.total","duration_ms":5679.3800000000001091393642127513885498046875,"account":"","limit":2000,"scan_limit":10000,"matched_offer_count":0,"end_offer_count":0,"blocked_count":0}
[2026-04-28 19:20:18] [WARNING] PERF {"operation":"allegro.service.autoEndOffers.total","duration_ms":5679.47999999999956344254314899444580078125,"account":"","eligible_to_end":0,"queued_now":0,"already_queued":0}
[2026-04-28 19:20:18] [WARNING] PERF {"operation":"allegro.controller.autoEndOffers","duration_ms":5680.25,"account":"","limit":2000,"scan_limit":10000,"matched_offer_count":0,"end_offer_count":0,"queued_now_count":0}
[2026-04-28 19:30:15] [WARNING] PERF {"operation":"allegro.service.previewAutoEndOffers.storage","duration_ms":5535.27000000000043655745685100555419921875,"account_id":null,"limit":2000,"scan_limit":10000,"scanned_rows":1882}
[2026-04-28 19:30:15] [WARNING] PERF {"operation":"allegro.service.previewAutoEndOffers.total","duration_ms":5536.1999999999998181010596454143524169921875,"account":"","limit":2000,"scan_limit":10000,"matched_offer_count":0,"end_offer_count":0,"blocked_count":0}
[2026-04-28 19:30:15] [WARNING] PERF {"operation":"allegro.service.autoEndOffers.total","duration_ms":5536.3000000000001818989403545856475830078125,"account":"","eligible_to_end":0,"queued_now":0,"already_queued":0}
[2026-04-28 19:30:15] [WARNING] PERF {"operation":"allegro.controller.autoEndOffers","duration_ms":5537.15999999999985448084771633148193359375,"account":"","limit":2000,"scan_limit":10000,"matched_offer_count":0,"end_offer_count":0,"queued_now_count":0}
[2026-04-28 19:40:16] [WARNING] PERF {"operation":"allegro.service.previewAutoEndOffers.storage","duration_ms":5746.34000000000014551915228366851806640625,"account_id":null,"limit":2000,"scan_limit":10000,"scanned_rows":1882}
[2026-04-28 19:40:16] [WARNING] PERF {"operation":"allegro.service.previewAutoEndOffers.total","duration_ms":5746.6800000000002910383045673370361328125,"account":"","limit":2000,"scan_limit":10000,"matched_offer_count":0,"end_offer_count":0,"blocked_count":0}
[2026-04-28 19:40:16] [WARNING] PERF {"operation":"allegro.service.autoEndOffers.total","duration_ms":5747.1199999999998908606357872486114501953125,"account":"","eligible_to_end":0,"queued_now":0,"already_queued":0}
[2026-04-28 19:40:16] [WARNING] PERF {"operation":"allegro.controller.autoEndOffers","duration_ms":5748.100000000000363797880709171295166015625,"account":"","limit":2000,"scan_limit":10000,"matched_offer_count":0,"end_offer_count":0,"queued_now_count":0}
[2026-04-28 19:50:14] [WARNING] PERF {"operation":"allegro.service.previewAutoEndOffers.storage","duration_ms":5260.989999999999781721271574497222900390625,"account_id":null,"limit":2000,"scan_limit":10000,"scanned_rows":1882}
[2026-04-28 19:50:14] [WARNING] PERF {"operation":"allegro.service.previewAutoEndOffers.total","duration_ms":5261.6099999999996725819073617458343505859375,"account":"","limit":2000,"scan_limit":10000,"matched_offer_count":0,"end_offer_count":0,"blocked_count":0}
[2026-04-28 19:50:14] [WARNING] PERF {"operation":"allegro.service.autoEndOffers.total","duration_ms":5261.7200000000002546585164964199066162109375,"account":"","eligible_to_end":0,"queued_now":0,"already_queued":0}
[2026-04-28 19:50:14] [WARNING] PERF {"operation":"allegro.controller.autoEndOffers","duration_ms":5262.65999999999985448084771633148193359375,"account":"","limit":2000,"scan_limit":10000,"matched_offer_count":0,"end_offer_count":0,"queued_now_count":0}
[2026-04-28 20:00:24] [WARNING] PERF {"operation":"allegro.service.previewAutoEndOffers.storage","duration_ms":6229.1300000000001091393642127513885498046875,"account_id":null,"limit":2000,"scan_limit":10000,"scanned_rows":1882}
[2026-04-28 20:00:24] [WARNING] PERF {"operation":"allegro.service.previewAutoEndOffers.total","duration_ms":6230.6999999999998181010596454143524169921875,"account":"","limit":2000,"scan_limit":10000,"matched_offer_count":0,"end_offer_count":0,"blocked_count":0}
[2026-04-28 20:00:24] [WARNING] PERF {"operation":"allegro.service.autoEndOffers.total","duration_ms":6230.8599999999996725819073617458343505859375,"account":"","eligible_to_end":0,"queued_now":0,"already_queued":0}
[2026-04-28 20:00:24] [WARNING] PERF {"operation":"allegro.controller.autoEndOffers","duration_ms":6231.670000000000072759576141834259033203125,"account":"","limit":2000,"scan_limit":10000,"matched_offer_count":0,"end_offer_count":0,"queued_now_count":0}
[2026-04-28 20:00:37] [WARNING] PERF {"operation":"allegro.service.maintenance.syncBatchItem","duration_ms":19159.1500000000014551915228366851806640625,"account":"altreo-studio"}
[2026-04-28 20:02:29] [WARNING] PERF {"operation":"allegro.service.maintenance.syncBatchItem","duration_ms":24784.02999999999883584678173065185546875,"account":"altreo-studio"}
[2026-04-28 20:04:42] [WARNING] PERF {"operation":"allegro.service.maintenance.syncBatchItem","duration_ms":37589.0999999999985448084771633148193359375,"account":"altreo-studio"}
[2026-04-28 20:06:52] [WARNING] PERF {"operation":"allegro.service.maintenance.syncBatchItem","duration_ms":46951.6500000000014551915228366851806640625,"account":"altreo-studio"}
[2026-04-28 20:08:59] [WARNING] PERF {"operation":"allegro.service.maintenance.syncBatchItem","duration_ms":54814.7699999999967985786497592926025390625,"account":"altreo-studio"}
[2026-04-28 20:10:17] [WARNING] PERF {"operation":"allegro.service.previewAutoEndOffers.storage","duration_ms":6633.6300000000001091393642127513885498046875,"account_id":null,"limit":2000,"scan_limit":10000,"scanned_rows":1882}
[2026-04-28 20:10:17] [WARNING] PERF {"operation":"allegro.service.previewAutoEndOffers.total","duration_ms":6633.989999999999781721271574497222900390625,"account":"","limit":2000,"scan_limit":10000,"matched_offer_count":0,"end_offer_count":0,"blocked_count":0}
[2026-04-28 20:10:17] [WARNING] PERF {"operation":"allegro.service.autoEndOffers.total","duration_ms":6634.1099999999996725819073617458343505859375,"account":"","eligible_to_end":0,"queued_now":0,"already_queued":0}
[2026-04-28 20:10:17] [WARNING] PERF {"operation":"allegro.controller.autoEndOffers","duration_ms":6643,"account":"","limit":2000,"scan_limit":10000,"matched_offer_count":0,"end_offer_count":0,"queued_now_count":0}
[2026-04-28 20:11:17] [WARNING] PERF {"operation":"allegro.service.maintenance.syncBatchItem","duration_ms":66470.630000000004656612873077392578125,"account":"altreo-studio"}
[2026-04-28 20:13:17] [WARNING] PERF {"operation":"allegro.service.maintenance.syncBatchItem","duration_ms":73594.789999999993597157299518585205078125,"account":"altreo-studio"}
[2026-04-28 20:15:34] [WARNING] PERF {"operation":"allegro.service.maintenance.syncBatchItem","duration_ms":89900.6799999999930150806903839111328125,"account":"altreo-studio"}
[2026-04-28 20:17:43] [WARNING] PERF {"operation":"allegro.service.maintenance.syncBatchItem","duration_ms":99681.669999999998253770172595977783203125,"account":"altreo-studio"}
[2026-04-28 20:20:04] [WARNING] PERF {"operation":"allegro.service.maintenance.syncBatchItem","duration_ms":119224.880000000004656612873077392578125,"account":"altreo-studio"}
[2026-04-28 20:20:29] [WARNING] PERF {"operation":"allegro.service.previewAutoEndOffers.storage","duration_ms":21219.52999999999883584678173065185546875,"account_id":null,"limit":2000,"scan_limit":10000,"scanned_rows":1882}
[2026-04-28 20:20:29] [WARNING] PERF {"operation":"allegro.service.previewAutoEndOffers.total","duration_ms":21219.889999999999417923390865325927734375,"account":"","limit":2000,"scan_limit":10000,"matched_offer_count":0,"end_offer_count":0,"blocked_count":0}
[2026-04-28 20:20:29] [WARNING] PERF {"operation":"allegro.service.autoEndOffers.total","duration_ms":21220,"account":"","eligible_to_end":0,"queued_now":0,"already_queued":0}
[2026-04-28 20:20:29] [WARNING] PERF {"operation":"allegro.controller.autoEndOffers","duration_ms":21221,"account":"","limit":2000,"scan_limit":10000,"matched_offer_count":0,"end_offer_count":0,"queued_now_count":0}
[2026-04-28 20:22:16] [WARNING] PERF {"operation":"allegro.service.maintenance.syncBatchItem","duration_ms":127617.460000000006402842700481414794921875,"account":"altreo-studio"}
[2026-04-28 20:24:01] [WARNING] PERF {"operation":"allegro.service.maintenance.syncBatchItem","duration_ms":105100.860000000000582076609134674072265625,"account":"etujah"}
[2026-04-28 20:24:01] [WARNING] PERF {"operation":"allegro.service.maintenance.total","duration_ms":232732.2999999999883584678173065185546875,"account":"","queue_limit":100,"sync_enabled":1,"compact_offers":0}
[2026-04-28 20:24:01] [WARNING] PERF {"operation":"allegro.controller.maintenance","duration_ms":232732.4299999999930150806903839111328125,"account":"","queue_limit":100,"sync":1,"queue_done":0,"queue_retry":0,"queue_error":0}
[2026-04-28 20:26:11] [WARNING] PERF {"operation":"allegro.service.maintenance.syncBatchItem","duration_ms":126838.509999999994761310517787933349609375,"account":"altreo-studio"}
[2026-04-28 20:30:18] [WARNING] PERF {"operation":"allegro.service.previewAutoEndOffers.storage","duration_ms":6095.0500000000001818989403545856475830078125,"account_id":null,"limit":2000,"scan_limit":10000,"scanned_rows":1882}
[2026-04-28 20:30:18] [WARNING] PERF {"operation":"allegro.service.previewAutoEndOffers.total","duration_ms":6095.399999999999636202119290828704833984375,"account":"","limit":2000,"scan_limit":10000,"matched_offer_count":0,"end_offer_count":0,"blocked_count":0}
[2026-04-28 20:30:18] [WARNING] PERF {"operation":"allegro.service.autoEndOffers.total","duration_ms":6095.5399999999999636202119290828704833984375,"account":"","eligible_to_end":0,"queued_now":0,"already_queued":0}
[2026-04-28 20:30:18] [WARNING] PERF {"operation":"allegro.controller.autoEndOffers","duration_ms":6096.4499999999998181010596454143524169921875,"account":"","limit":2000,"scan_limit":10000,"matched_offer_count":0,"end_offer_count":0,"queued_now_count":0}
[2026-04-28 20:30:20] [WARNING] PERF {"operation":"allegro.service.maintenance.syncBatchItem","duration_ms":136156.140000000013969838619232177734375,"account":"altreo-studio"}
[2026-04-28 20:32:36] [WARNING] PERF {"operation":"allegro.service.maintenance.syncBatchItem","duration_ms":135554,"account":"etujah"}
[2026-04-28 20:32:36] [WARNING] PERF {"operation":"allegro.service.maintenance.total","duration_ms":271765.640000000013969838619232177734375,"account":"","queue_limit":100,"sync_enabled":1,"compact_offers":0}
[2026-04-28 20:32:36] [WARNING] PERF {"operation":"allegro.controller.maintenance","duration_ms":271765.8200000000069849193096160888671875,"account":"","queue_limit":100,"sync":1,"queue_done":0,"queue_retry":0,"queue_error":0}
[2026-04-28 20:35:00] [WARNING] PERF {"operation":"allegro.service.maintenance.syncBatchItem","duration_ms":176456.22000000000116415321826934814453125,"account":"altreo-studio"}
[2026-04-28 20:38:49] [WARNING] PERF {"operation":"allegro.service.maintenance.syncBatchItem","duration_ms":165489.26999999998952262103557586669921875,"account":"altreo-studio"}
[2026-04-28 20:40:15] [WARNING] PERF {"operation":"allegro.service.previewAutoEndOffers.storage","duration_ms":5513.5699999999997089616954326629638671875,"account_id":null,"limit":2000,"scan_limit":10000,"scanned_rows":1882}
[2026-04-28 20:40:15] [WARNING] PERF {"operation":"allegro.service.previewAutoEndOffers.total","duration_ms":5513.850000000000363797880709171295166015625,"account":"","limit":2000,"scan_limit":10000,"matched_offer_count":0,"end_offer_count":0,"blocked_count":0}
[2026-04-28 20:40:15] [WARNING] PERF {"operation":"allegro.service.autoEndOffers.total","duration_ms":5513.9700000000002546585164964199066162109375,"account":"","eligible_to_end":0,"queued_now":0,"already_queued":0}
[2026-04-28 20:40:15] [WARNING] PERF {"operation":"allegro.controller.autoEndOffers","duration_ms":5514.8900000000003274180926382541656494140625,"account":"","limit":2000,"scan_limit":10000,"matched_offer_count":0,"end_offer_count":0,"queued_now_count":0}
[2026-04-28 20:43:23] [WARNING] PERF {"operation":"allegro.service.maintenance.syncBatchItem","duration_ms":193504.5499999999883584678173065185546875,"account":"altreo-studio"}
[2026-04-28 20:46:59] [WARNING] PERF {"operation":"allegro.service.maintenance.syncBatchItem","duration_ms":174876.75,"account":"altreo-studio"}
[2026-04-28 20:50:14] [WARNING] PERF {"operation":"allegro.service.previewAutoEndOffers.storage","duration_ms":5491.8199999999997089616954326629638671875,"account_id":null,"limit":2000,"scan_limit":10000,"scanned_rows":1882}
[2026-04-28 20:50:14] [WARNING] PERF {"operation":"allegro.service.previewAutoEndOffers.total","duration_ms":5492.649999999999636202119290828704833984375,"account":"","limit":2000,"scan_limit":10000,"matched_offer_count":0,"end_offer_count":0,"blocked_count":0}
[2026-04-28 20:50:14] [WARNING] PERF {"operation":"allegro.service.autoEndOffers.total","duration_ms":5492.7899999999999636202119290828704833984375,"account":"","eligible_to_end":0,"queued_now":0,"already_queued":0}
[2026-04-28 20:50:14] [WARNING] PERF {"operation":"allegro.controller.autoEndOffers","duration_ms":5493.600000000000363797880709171295166015625,"account":"","limit":2000,"scan_limit":10000,"matched_offer_count":0,"end_offer_count":0,"queued_now_count":0}
[2026-04-28 20:52:09] [WARNING] PERF {"operation":"allegro.service.maintenance.syncBatchItem","duration_ms":244194.27999999999883584678173065185546875,"account":"altreo-studio"}
[2026-04-28 20:56:45] [WARNING] PERF {"operation":"allegro.storage.listOffers","duration_ms":8517.45000000000072759576141834259033203125,"page":1,"per_page":50,"sort_by":"id","sort_dir":"desc","needs_warehouse":0,"needs_shared_stock":0,"filters":{"account_id":"","q":"","sku":"","status":"","queue_status":"","duplicates":"","linked":"","market":"","invoice":"","warehouse_quantity":"","truncated":true},"rows_count":50}
[2026-04-28 20:56:45] [WARNING] PERF {"operation":"allegro.controller.index.offersPage","duration_ms":8517.7900000000008731149137020111083984375,"page":1,"per_page":50,"sort_by":"id","sort_dir":"desc","offers_count":50,"filters":{"account_id":"","q":"","sku":"","status":"","queue_status":"","duplicates":"","linked":"","market":"","invoice":"","warehouse_quantity":"","truncated":true}}
[2026-04-28 20:56:45] [WARNING] PERF {"operation":"allegro.controller.index.total","duration_ms":8699.639999999999417923390865325927734375,"page":1,"per_page":50,"total":280035,"offers_count":50,"filters":{"account_id":"","q":"","sku":"","status":"","queue_status":"","duplicates":"","linked":"","market":"","invoice":"","warehouse_quantity":"","truncated":true}}
[2026-04-28 20:58:01] [WARNING] PERF {"operation":"allegro.service.maintenance.syncBatchItem","duration_ms":236009.66000000000349245965480804443359375,"account":"altreo-studio"}
[2026-04-28 21:00:21] [WARNING] PERF {"operation":"allegro.service.previewAutoEndOffers.storage","duration_ms":5857.1199999999998908606357872486114501953125,"account_id":null,"limit":2000,"scan_limit":10000,"scanned_rows":1882}
[2026-04-28 21:00:21] [WARNING] PERF {"operation":"allegro.service.previewAutoEndOffers.total","duration_ms":5857.510000000000218278728425502777099609375,"account":"","limit":2000,"scan_limit":10000,"matched_offer_count":0,"end_offer_count":0,"blocked_count":0}
[2026-04-28 21:00:21] [WARNING] PERF {"operation":"allegro.service.autoEndOffers.total","duration_ms":5857.6400000000003274180926382541656494140625,"account":"","eligible_to_end":0,"queued_now":0,"already_queued":0}
[2026-04-28 21:00:21] [WARNING] PERF {"operation":"allegro.controller.autoEndOffers","duration_ms":5858.7100000000000363797880709171295166015625,"account":"","limit":2000,"scan_limit":10000,"matched_offer_count":0,"end_offer_count":0,"queued_now_count":0}
[2026-04-28 21:01:50] [WARNING] PERF {"operation":"allegro.service.maintenance.syncBatchItem","duration_ms":226757.109999999986030161380767822265625,"account":"altreo-studio"}
[2026-04-28 21:06:12] [WARNING] PERF {"operation":"allegro.service.maintenance.syncBatchItem","duration_ms":248007.10000000000582076609134674072265625,"account":"altreo-studio"}
[2026-04-28 21:10:14] [WARNING] PERF {"operation":"allegro.service.previewAutoEndOffers.storage","duration_ms":5758.0299999999997453414835035800933837890625,"account_id":null,"limit":2000,"scan_limit":10000,"scanned_rows":1882}
[2026-04-28 21:10:14] [WARNING] PERF {"operation":"allegro.service.previewAutoEndOffers.total","duration_ms":5758.2799999999997453414835035800933837890625,"account":"","limit":2000,"scan_limit":10000,"matched_offer_count":0,"end_offer_count":0,"blocked_count":0}
[2026-04-28 21:10:14] [WARNING] PERF {"operation":"allegro.service.autoEndOffers.total","duration_ms":5758.3699999999998908606357872486114501953125,"account":"","eligible_to_end":0,"queued_now":0,"already_queued":0}
[2026-04-28 21:10:14] [WARNING] PERF {"operation":"allegro.controller.autoEndOffers","duration_ms":5759.22999999999956344254314899444580078125,"account":"","limit":2000,"scan_limit":10000,"matched_offer_count":0,"end_offer_count":0,"queued_now_count":0}
[2026-04-28 21:11:48] [WARNING] PERF {"operation":"allegro.service.maintenance.syncBatchItem","duration_ms":224621.41000000000349245965480804443359375,"account":"altreo-studio"}
[2026-04-28 21:16:08] [WARNING] PERF {"operation":"allegro.service.maintenance.syncBatchItem","duration_ms":244726.04000000000814907252788543701171875,"account":"altreo-studio"}
[2026-04-28 21:20:15] [WARNING] PERF {"operation":"allegro.service.previewAutoEndOffers.storage","duration_ms":5722.1099999999996725819073617458343505859375,"account_id":null,"limit":2000,"scan_limit":10000,"scanned_rows":1882}
[2026-04-28 21:20:15] [WARNING] PERF {"operation":"allegro.service.previewAutoEndOffers.total","duration_ms":5722.65999999999985448084771633148193359375,"account":"","limit":2000,"scan_limit":10000,"matched_offer_count":0,"end_offer_count":0,"blocked_count":0}
[2026-04-28 21:20:15] [WARNING] PERF {"operation":"allegro.service.autoEndOffers.total","duration_ms":5722.7799999999997453414835035800933837890625,"account":"","eligible_to_end":0,"queued_now":0,"already_queued":0}
[2026-04-28 21:20:15] [WARNING] PERF {"operation":"allegro.controller.autoEndOffers","duration_ms":5723.739999999999781721271574497222900390625,"account":"","limit":2000,"scan_limit":10000,"matched_offer_count":0,"end_offer_count":0,"queued_now_count":0}
[2026-04-28 21:22:17] [WARNING] PERF {"operation":"allegro.service.maintenance.syncBatchItem","duration_ms":251103.619999999995343387126922607421875,"account":"altreo-studio"}
[2026-04-28 21:28:23] [WARNING] PERF {"operation":"allegro.service.maintenance.syncBatchItem","duration_ms":259669.140000000013969838619232177734375,"account":"altreo-studio"}
[2026-04-28 21:30:18] [WARNING] PERF {"operation":"allegro.service.previewAutoEndOffers.storage","duration_ms":5310.670000000000072759576141834259033203125,"account_id":null,"limit":2000,"scan_limit":10000,"scanned_rows":1882}
[2026-04-28 21:30:18] [WARNING] PERF {"operation":"allegro.service.previewAutoEndOffers.total","duration_ms":5311.010000000000218278728425502777099609375,"account":"","limit":2000,"scan_limit":10000,"matched_offer_count":0,"end_offer_count":0,"blocked_count":0}
[2026-04-28 21:30:18] [WARNING] PERF {"operation":"allegro.service.autoEndOffers.total","duration_ms":5311.1300000000001091393642127513885498046875,"account":"","eligible_to_end":0,"queued_now":0,"already_queued":0}
[2026-04-28 21:30:18] [WARNING] PERF {"operation":"allegro.controller.autoEndOffers","duration_ms":5312.09000000000014551915228366851806640625,"account":"","limit":2000,"scan_limit":10000,"matched_offer_count":0,"end_offer_count":0,"queued_now_count":0}
[2026-04-28 21:35:06] [WARNING] PERF {"operation":"allegro.service.maintenance.syncBatchItem","duration_ms":293843.25,"account":"altreo-studio"}
[2026-04-28 21:40:14] [WARNING] PERF {"operation":"allegro.service.previewAutoEndOffers.storage","duration_ms":5516.8800000000001091393642127513885498046875,"account_id":null,"limit":2000,"scan_limit":10000,"scanned_rows":1882}
[2026-04-28 21:40:14] [WARNING] PERF {"operation":"allegro.service.previewAutoEndOffers.total","duration_ms":5517.260000000000218278728425502777099609375,"account":"","limit":2000,"scan_limit":10000,"matched_offer_count":0,"end_offer_count":0,"blocked_count":0}
[2026-04-28 21:40:14] [WARNING] PERF {"operation":"allegro.service.autoEndOffers.total","duration_ms":5517.3800000000001091393642127513885498046875,"account":"","eligible_to_end":0,"queued_now":0,"already_queued":0}
[2026-04-28 21:40:14] [WARNING] PERF {"operation":"allegro.controller.autoEndOffers","duration_ms":5518.5399999999999636202119290828704833984375,"account":"","limit":2000,"scan_limit":10000,"matched_offer_count":0,"end_offer_count":0,"queued_now_count":0}
[2026-04-28 21:40:51] [WARNING] PERF {"operation":"allegro.service.maintenance.syncBatchItem","duration_ms":286788.0800000000162981450557708740234375,"account":"altreo-studio"}
[2026-04-28 21:47:04] [ERROR] BŁĄD APLIKACJI: Call to undefined method App\Controllers\AllegroController::beginAsyncCronResponse()
