KOD;TYTUŁ;PASUJE_DO;[DEDYKOWANY_MODEL];[MARKA];PARAMETRY;CENA_KT;ZDJĘCIA;CZAS;STAW_VAT;LICZBA_RODZAJ;KAT_ALLEGRO_ID;LICZBA;EAN13;PARAMETRY_EU;[WZÓR]
13629;"Ceramiczne SZKŁO HARTOWANE NA XIAOMI REDMI 9T";;"REDMI 9T";XIAOMI;"11323|3|11323_1|
224017|0|Szkło hartowane na XIAOMI REDMI 9T|
219781|0|XIAOMI REDMI 9T|
207854|3|207854_234034|
249950|3|249950_1786046|
207862|1|3|
249055|3|249055_1019864|
207866|2|0,50|
207874|3|207874_1[rn]207874_2|
207878|3|207878_234050|
17448|2|0,50|
225693|0|5905573060886|
229205|3|229205_340245|
249828|3||
";29.99;"T:\wygenrowane_do_EU\A\0\miniatura_t_1.jpg
T:\wygenrowane_do_EU\KOLEKCJA\mockup.png
T:\wygenrowane_do_EU\KOLEKCJA\mockup2.png
T:\wygenrowane_do_EU\A\0\1.jpg
T:\wygenrowane_do_EU\A\0\2.jpg
T:\wygenrowane_do_EU\A\0\3.jpg
T:\wygenrowane_do_EU\A\0\4.jpg
T:\wygenrowane_do_EU\A\0\5.jpg
T:\wygenrowane_do_EU\A\0\6.jpg
T:\wygenrowane_do_EU\A\0\miniatura1.jpg
";99;23;0;10532;1000;;;
13629;"Ceramiczne SZKŁO HARTOWANE NA XIAOMI REDMI NOTE 9 4G";;"REDMI NOTE 9 4G";XIAOMI;"11323|3|11323_1|
224017|0|Szkło hartowane na XIAOMI REDMI NOTE 9 4G|
219781|0|XIAOMI REDMI NOTE 9 4G|
207854|3|207854_234034|
249950|3|249950_1786046|
207862|1|3|
249055|3|249055_1019864|
207866|2|0,50|
207874|3|207874_1[rn]207874_2|
207878|3|207878_234050|
17448|2|0,50|
225693|0|5905573060886|
229205|3|229205_340245|
249828|3||
";29.99;"T:\wygenrowane_do_EU\A\0\miniatura_t_1.jpg
T:\wygenrowane_do_EU\KOLEKCJA\mockup.png
T:\wygenrowane_do_EU\KOLEKCJA\mockup2.png
T:\wygenrowane_do_EU\A\0\1.jpg
T:\wygenrowane_do_EU\A\0\2.jpg
T:\wygenrowane_do_EU\A\0\3.jpg
T:\wygenrowane_do_EU\A\0\4.jpg
T:\wygenrowane_do_EU\A\0\5.jpg
T:\wygenrowane_do_EU\A\0\6.jpg
T:\wygenrowane_do_EU\A\0\miniatura1.jpg
";99;23;0;10532;1000;;;
13629;"Ceramiczne SZKŁO HARTOWANE NA XIAOMI REDMI 9 POWER";;"REDMI 9 POWER";XIAOMI;"11323|3|11323_1|
224017|0|Szkło hartowane na XIAOMI REDMI 9 POWER|
219781|0|XIAOMI REDMI 9 POWER|
207854|3|207854_234034|
249950|3|249950_1786046|
207862|1|3|
249055|3|249055_1019864|
207866|2|0,50|
207874|3|207874_1[rn]207874_2|
207878|3|207878_234050|
17448|2|0,50|
225693|0|5905573060886|
229205|3|229205_340245|
249828|3||
";29.99;"T:\wygenrowane_do_EU\A\0\miniatura_t_1.jpg
T:\wygenrowane_do_EU\KOLEKCJA\mockup.png
T:\wygenrowane_do_EU\KOLEKCJA\mockup2.png
T:\wygenrowane_do_EU\A\0\1.jpg
T:\wygenrowane_do_EU\A\0\2.jpg
T:\wygenrowane_do_EU\A\0\3.jpg
T:\wygenrowane_do_EU\A\0\4.jpg
T:\wygenrowane_do_EU\A\0\5.jpg
T:\wygenrowane_do_EU\A\0\6.jpg
T:\wygenrowane_do_EU\A\0\miniatura1.jpg
";99;23;0;10532;1000;;;
13629;"Ceramiczne SZKŁO HARTOWANE NA XIAOMI POCO M3";;"POCO M3";XIAOMI;"11323|3|11323_1|
224017|0|Szkło hartowane na XIAOMI POCO M3|
219781|0|XIAOMI POCO M3|
207854|3|207854_234034|
249950|3|249950_1786046|
207862|1|3|
249055|3|249055_1019864|
207866|2|0,50|
207874|3|207874_1[rn]207874_2|
207878|3|207878_234050|
17448|2|0,50|
225693|0|5905573060886|
229205|3|229205_340245|
249828|3||
";29.99;"T:\wygenrowane_do_EU\A\0\miniatura_t_1.jpg
T:\wygenrowane_do_EU\KOLEKCJA\mockup.png
T:\wygenrowane_do_EU\KOLEKCJA\mockup2.png
T:\wygenrowane_do_EU\A\0\1.jpg
T:\wygenrowane_do_EU\A\0\2.jpg
T:\wygenrowane_do_EU\A\0\3.jpg
T:\wygenrowane_do_EU\A\0\4.jpg
T:\wygenrowane_do_EU\A\0\5.jpg
T:\wygenrowane_do_EU\A\0\6.jpg
T:\wygenrowane_do_EU\A\0\miniatura1.jpg
";99;23;0;10532;1000;;;
13631;"Ceramiczne SZKŁO HARTOWANE NA SAMSUNG GALAXY A71";;"GALAXY A71";SAMSUNG;"11323|3|11323_1|
224017|0|Szkło hartowane na SAMSUNG GALAXY A71|
219781|0|SAMSUNG GALAXY A71|
207854|3|207854_234034|
249950|3|249950_1786046|
207862|1|3|
249055|3|249055_1019864|
207866|2|0,50|
207874|3|207874_1[rn]207874_2|
207878|3|207878_234050|
17448|2|0,50|
225693|0|5905573060879|
229205|3|229205_340245|
249828|3||
";29.99;"T:\wygenrowane_do_EU\A\0\miniatura_t_1.jpg
T:\wygenrowane_do_EU\KOLEKCJA\mockup.png
T:\wygenrowane_do_EU\KOLEKCJA\mockup2.png
T:\wygenrowane_do_EU\A\0\1.jpg
T:\wygenrowane_do_EU\A\0\2.jpg
T:\wygenrowane_do_EU\A\0\3.jpg
T:\wygenrowane_do_EU\A\0\4.jpg
T:\wygenrowane_do_EU\A\0\5.jpg
T:\wygenrowane_do_EU\A\0\6.jpg
T:\wygenrowane_do_EU\A\0\miniatura1.jpg
";99;23;0;10532;1000;;;
13631;"Ceramiczne SZKŁO HARTOWANE NA SAMSUNG GALAXY M51";;"GALAXY M51";SAMSUNG;"11323|3|11323_1|
224017|0|Szkło hartowane na SAMSUNG GALAXY M51|
219781|0|SAMSUNG GALAXY M51|
207854|3|207854_234034|
249950|3|249950_1786046|
207862|1|3|
249055|3|249055_1019864|
207866|2|0,50|
207874|3|207874_1[rn]207874_2|
207878|3|207878_234050|
17448|2|0,50|
225693|0|5905573060879|
229205|3|229205_340245|
249828|3||
";29.99;"T:\wygenrowane_do_EU\A\0\miniatura_t_1.jpg
T:\wygenrowane_do_EU\KOLEKCJA\mockup.png
T:\wygenrowane_do_EU\KOLEKCJA\mockup2.png
T:\wygenrowane_do_EU\A\0\1.jpg
T:\wygenrowane_do_EU\A\0\2.jpg
T:\wygenrowane_do_EU\A\0\3.jpg
T:\wygenrowane_do_EU\A\0\4.jpg
T:\wygenrowane_do_EU\A\0\5.jpg
T:\wygenrowane_do_EU\A\0\6.jpg
T:\wygenrowane_do_EU\A\0\miniatura1.jpg
";99;23;0;10532;1000;;;
13632;"Ceramiczne SZKŁO HARTOWANE NA HUAWEI Y6S";;Y6S;HUAWEI;"11323|3|11323_1|
224017|0|Szkło hartowane na HUAWEI Y6S|
219781|0|HUAWEI Y6S|
207854|3|207854_234034|
249950|3|249950_1786046|
207862|1|3|
249055|3|249055_1019864|
207866|2|0,50|
207874|3|207874_1[rn]207874_2|
207878|3|207878_234050|
17448|2|0,50|
225693|0|5905573060862|
229205|3|229205_340245|
249828|3||
";29.99;"T:\wygenrowane_do_EU\A\0\miniatura_t_1.jpg
T:\wygenrowane_do_EU\KOLEKCJA\mockup.png
T:\wygenrowane_do_EU\KOLEKCJA\mockup2.png
T:\wygenrowane_do_EU\A\0\1.jpg
T:\wygenrowane_do_EU\A\0\2.jpg
T:\wygenrowane_do_EU\A\0\3.jpg
T:\wygenrowane_do_EU\A\0\4.jpg
T:\wygenrowane_do_EU\A\0\5.jpg
T:\wygenrowane_do_EU\A\0\6.jpg
T:\wygenrowane_do_EU\A\0\miniatura1.jpg
";99;23;0;10532;1000;;;
13632;"Ceramiczne SZKŁO HARTOWANE NA HONOR 8A";;8A;HONOR;"11323|3|11323_1|
224017|0|Szkło hartowane na HONOR 8A|
219781|0|HONOR 8A|
207854|3|207854_234034|
249950|3|249950_1786046|
207862|1|3|
249055|3|249055_1019864|
207866|2|0,50|
207874|3|207874_1[rn]207874_2|
207878|3|207878_234050|
17448|2|0,50|
225693|0|5905573060862|
229205|3|229205_340245|
249828|3||
";29.99;"T:\wygenrowane_do_EU\A\0\miniatura_t_1.jpg
T:\wygenrowane_do_EU\KOLEKCJA\mockup.png
T:\wygenrowane_do_EU\KOLEKCJA\mockup2.png
T:\wygenrowane_do_EU\A\0\1.jpg
T:\wygenrowane_do_EU\A\0\2.jpg
T:\wygenrowane_do_EU\A\0\3.jpg
T:\wygenrowane_do_EU\A\0\4.jpg
T:\wygenrowane_do_EU\A\0\5.jpg
T:\wygenrowane_do_EU\A\0\6.jpg
T:\wygenrowane_do_EU\A\0\miniatura1.jpg
";99;23;0;10532;1000;;;
13632;"Ceramiczne SZKŁO HARTOWANE NA HUAWEI Y6 PRIME 2019";;"Y6 PRIME 2019";HUAWEI;"11323|3|11323_1|
224017|0|Szkło hartowane na HUAWEI Y6 PRIME 2019|
219781|0|HUAWEI Y6 PRIME 2019|
207854|3|207854_234034|
249950|3|249950_1786046|
207862|1|3|
249055|3|249055_1019864|
207866|2|0,50|
207874|3|207874_1[rn]207874_2|
207878|3|207878_234050|
17448|2|0,50|
225693|0|5905573060862|
229205|3|229205_340245|
249828|3||
";29.99;"T:\wygenrowane_do_EU\A\0\miniatura_t_1.jpg
T:\wygenrowane_do_EU\KOLEKCJA\mockup.png
T:\wygenrowane_do_EU\KOLEKCJA\mockup2.png
T:\wygenrowane_do_EU\A\0\1.jpg
T:\wygenrowane_do_EU\A\0\2.jpg
T:\wygenrowane_do_EU\A\0\3.jpg
T:\wygenrowane_do_EU\A\0\4.jpg
T:\wygenrowane_do_EU\A\0\5.jpg
T:\wygenrowane_do_EU\A\0\6.jpg
T:\wygenrowane_do_EU\A\0\miniatura1.jpg
";99;23;0;10532;1000;;;
13633;"Ceramiczne SZKŁO HARTOWANE NA HUAWEI P20";;P20;HUAWEI;"11323|3|11323_1|
224017|0|Szkło hartowane na HUAWEI P20|
219781|0|HUAWEI P20|
207854|3|207854_234034|
249950|3|249950_1786046|
207862|1|3|
249055|3|249055_1019864|
207866|2|0,50|
207874|3|207874_1[rn]207874_2|
207878|3|207878_234050|
17448|2|0,50|
225693|0|5905573060855|
229205|3|229205_340245|
249828|3||
";29.99;"T:\wygenrowane_do_EU\A\0\miniatura_t_1.jpg
T:\wygenrowane_do_EU\KOLEKCJA\mockup.png
T:\wygenrowane_do_EU\KOLEKCJA\mockup2.png
T:\wygenrowane_do_EU\A\0\1.jpg
T:\wygenrowane_do_EU\A\0\2.jpg
T:\wygenrowane_do_EU\A\0\3.jpg
T:\wygenrowane_do_EU\A\0\4.jpg
T:\wygenrowane_do_EU\A\0\5.jpg
T:\wygenrowane_do_EU\A\0\6.jpg
T:\wygenrowane_do_EU\A\0\miniatura1.jpg
";99;23;0;10532;1000;;;
13634;"Ceramiczne SZKŁO HARTOWANE NA HUAWEI P40 LITE";;"P40 LITE";HUAWEI;"11323|3|11323_1|
224017|0|Szkło hartowane na HUAWEI P40 LITE|
219781|0|HUAWEI P40 LITE|
207854|3|207854_234034|
249950|3|249950_1786046|
207862|1|3|
249055|3|249055_1019864|
207866|2|0,50|
207874|3|207874_1[rn]207874_2|
207878|3|207878_234050|
17448|2|0,50|
225693|0|5905573060848|
229205|3|229205_340245|
249828|3||
";29.99;"T:\wygenrowane_do_EU\A\0\miniatura_t_1.jpg
T:\wygenrowane_do_EU\KOLEKCJA\mockup.png
T:\wygenrowane_do_EU\KOLEKCJA\mockup2.png
T:\wygenrowane_do_EU\A\0\1.jpg
T:\wygenrowane_do_EU\A\0\2.jpg
T:\wygenrowane_do_EU\A\0\3.jpg
T:\wygenrowane_do_EU\A\0\4.jpg
T:\wygenrowane_do_EU\A\0\5.jpg
T:\wygenrowane_do_EU\A\0\6.jpg
T:\wygenrowane_do_EU\A\0\miniatura1.jpg
";99;23;0;10532;1000;;;
13634;"Ceramiczne SZKŁO HARTOWANE NA HUAWEI Y7P";;Y7P;HUAWEI;"11323|3|11323_1|
224017|0|Szkło hartowane na HUAWEI Y7P|
219781|0|HUAWEI Y7P|
207854|3|207854_234034|
249950|3|249950_1786046|
207862|1|3|
249055|3|249055_1019864|
207866|2|0,50|
207874|3|207874_1[rn]207874_2|
207878|3|207878_234050|
17448|2|0,50|
225693|0|5905573060848|
229205|3|229205_340245|
249828|3||
";29.99;"T:\wygenrowane_do_EU\A\0\miniatura_t_1.jpg
T:\wygenrowane_do_EU\KOLEKCJA\mockup.png
T:\wygenrowane_do_EU\KOLEKCJA\mockup2.png
T:\wygenrowane_do_EU\A\0\1.jpg
T:\wygenrowane_do_EU\A\0\2.jpg
T:\wygenrowane_do_EU\A\0\3.jpg
T:\wygenrowane_do_EU\A\0\4.jpg
T:\wygenrowane_do_EU\A\0\5.jpg
T:\wygenrowane_do_EU\A\0\6.jpg
T:\wygenrowane_do_EU\A\0\miniatura1.jpg
";99;23;0;10532;1000;;;
13634;"Ceramiczne SZKŁO HARTOWANE NA HONOR 9C";;9C;HONOR;"11323|3|11323_1|
224017|0|Szkło hartowane na HONOR 9C|
219781|0|HONOR 9C|
207854|3|207854_234034|
249950|3|249950_1786046|
207862|1|3|
249055|3|249055_1019864|
207866|2|0,50|
207874|3|207874_1[rn]207874_2|
207878|3|207878_234050|
17448|2|0,50|
225693|0|5905573060848|
229205|3|229205_340245|
249828|3||
";29.99;"T:\wygenrowane_do_EU\A\0\miniatura_t_1.jpg
T:\wygenrowane_do_EU\KOLEKCJA\mockup.png
T:\wygenrowane_do_EU\KOLEKCJA\mockup2.png
T:\wygenrowane_do_EU\A\0\1.jpg
T:\wygenrowane_do_EU\A\0\2.jpg
T:\wygenrowane_do_EU\A\0\3.jpg
T:\wygenrowane_do_EU\A\0\4.jpg
T:\wygenrowane_do_EU\A\0\5.jpg
T:\wygenrowane_do_EU\A\0\6.jpg
T:\wygenrowane_do_EU\A\0\miniatura1.jpg
";99;23;0;10532;1000;;;
13634;"Ceramiczne SZKŁO HARTOWANE NA REALME 8";;8;REALME;"11323|3|11323_1|
224017|0|Szkło hartowane na REALME 8|
219781|0|REALME 8|
207854|3|207854_234034|
249950|3|249950_1786046|
207862|1|3|
249055|3|249055_1019864|
207866|2|0,50|
207874|3|207874_1[rn]207874_2|
207878|3|207878_234050|
17448|2|0,50|
225693|0|5905573060848|
229205|3|229205_340245|
249828|3||
";29.99;"T:\wygenrowane_do_EU\A\0\miniatura_t_1.jpg
T:\wygenrowane_do_EU\KOLEKCJA\mockup.png
T:\wygenrowane_do_EU\KOLEKCJA\mockup2.png
T:\wygenrowane_do_EU\A\0\1.jpg
T:\wygenrowane_do_EU\A\0\2.jpg
T:\wygenrowane_do_EU\A\0\3.jpg
T:\wygenrowane_do_EU\A\0\4.jpg
T:\wygenrowane_do_EU\A\0\5.jpg
T:\wygenrowane_do_EU\A\0\6.jpg
T:\wygenrowane_do_EU\A\0\miniatura1.jpg
";99;23;0;10532;1000;;;
13634;"Ceramiczne SZKŁO HARTOWANE NA REALME 8 PRO";;"8 PRO";REALME;"11323|3|11323_1|
224017|0|Szkło hartowane na REALME 8 PRO|
219781|0|REALME 8 PRO|
207854|3|207854_234034|
249950|3|249950_1786046|
207862|1|3|
249055|3|249055_1019864|
207866|2|0,50|
207874|3|207874_1[rn]207874_2|
207878|3|207878_234050|
17448|2|0,50|
225693|0|5905573060848|
229205|3|229205_340245|
249828|3||
";29.99;"T:\wygenrowane_do_EU\A\0\miniatura_t_1.jpg
T:\wygenrowane_do_EU\KOLEKCJA\mockup.png
T:\wygenrowane_do_EU\KOLEKCJA\mockup2.png
T:\wygenrowane_do_EU\A\0\1.jpg
T:\wygenrowane_do_EU\A\0\2.jpg
T:\wygenrowane_do_EU\A\0\3.jpg
T:\wygenrowane_do_EU\A\0\4.jpg
T:\wygenrowane_do_EU\A\0\5.jpg
T:\wygenrowane_do_EU\A\0\6.jpg
T:\wygenrowane_do_EU\A\0\miniatura1.jpg
";99;23;0;10532;1000;;;
13635;"Ceramiczne SZKŁO HARTOWANE NA XIAOMI REDMI 9";;"REDMI 9";XIAOMI;"11323|3|11323_1|
224017|0|Szkło hartowane na XIAOMI REDMI 9|
219781|0|XIAOMI REDMI 9|
207854|3|207854_234034|
249950|3|249950_1786046|
207862|1|3|
249055|3|249055_1019864|
207866|2|0,50|
207874|3|207874_1[rn]207874_2|
207878|3|207878_234050|
17448|2|0,50|
225693|0|5905573060831|
229205|3|229205_340245|
249828|3||
";29.99;"T:\wygenrowane_do_EU\A\0\miniatura_t_1.jpg
T:\wygenrowane_do_EU\KOLEKCJA\mockup.png
T:\wygenrowane_do_EU\KOLEKCJA\mockup2.png
T:\wygenrowane_do_EU\A\0\1.jpg
T:\wygenrowane_do_EU\A\0\2.jpg
T:\wygenrowane_do_EU\A\0\3.jpg
T:\wygenrowane_do_EU\A\0\4.jpg
T:\wygenrowane_do_EU\A\0\5.jpg
T:\wygenrowane_do_EU\A\0\6.jpg
T:\wygenrowane_do_EU\A\0\miniatura1.jpg
";99;23;0;10532;1000;;;
13635;"Ceramiczne SZKŁO HARTOWANE NA XIAOMI REDMI 9 PRIME";;"REDMI 9 PRIME";XIAOMI;"11323|3|11323_1|
224017|0|Szkło hartowane na XIAOMI REDMI 9 PRIME|
219781|0|XIAOMI REDMI 9 PRIME|
207854|3|207854_234034|
249950|3|249950_1786046|
207862|1|3|
249055|3|249055_1019864|
207866|2|0,50|
207874|3|207874_1[rn]207874_2|
207878|3|207878_234050|
17448|2|0,50|
225693|0|5905573060831|
229205|3|229205_340245|
249828|3||
";29.99;"T:\wygenrowane_do_EU\A\0\miniatura_t_1.jpg
T:\wygenrowane_do_EU\KOLEKCJA\mockup.png
T:\wygenrowane_do_EU\KOLEKCJA\mockup2.png
T:\wygenrowane_do_EU\A\0\1.jpg
T:\wygenrowane_do_EU\A\0\2.jpg
T:\wygenrowane_do_EU\A\0\3.jpg
T:\wygenrowane_do_EU\A\0\4.jpg
T:\wygenrowane_do_EU\A\0\5.jpg
T:\wygenrowane_do_EU\A\0\6.jpg
T:\wygenrowane_do_EU\A\0\miniatura1.jpg
";99;23;0;10532;1000;;;
13635;"Ceramiczne SZKŁO HARTOWANE NA XIAOMI REDMI 9A";;"REDMI 9A";XIAOMI;"11323|3|11323_1|
224017|0|Szkło hartowane na XIAOMI REDMI 9A|
219781|0|XIAOMI REDMI 9A|
207854|3|207854_234034|
249950|3|249950_1786046|
207862|1|3|
249055|3|249055_1019864|
207866|2|0,50|
207874|3|207874_1[rn]207874_2|
207878|3|207878_234050|
17448|2|0,50|
225693|0|5905573060831|
229205|3|229205_340245|
249828|3||
";29.99;"T:\wygenrowane_do_EU\A\0\miniatura_t_1.jpg
T:\wygenrowane_do_EU\KOLEKCJA\mockup.png
T:\wygenrowane_do_EU\KOLEKCJA\mockup2.png
T:\wygenrowane_do_EU\A\0\1.jpg
T:\wygenrowane_do_EU\A\0\2.jpg
T:\wygenrowane_do_EU\A\0\3.jpg
T:\wygenrowane_do_EU\A\0\4.jpg
T:\wygenrowane_do_EU\A\0\5.jpg
T:\wygenrowane_do_EU\A\0\6.jpg
T:\wygenrowane_do_EU\A\0\miniatura1.jpg
";99;23;0;10532;1000;;;
13635;"Ceramiczne SZKŁO HARTOWANE NA XIAOMI REDMI 9AT";;"REDMI 9AT";XIAOMI;"11323|3|11323_1|
224017|0|Szkło hartowane na XIAOMI REDMI 9AT|
219781|0|XIAOMI REDMI 9AT|
207854|3|207854_234034|
249950|3|249950_1786046|
207862|1|3|
249055|3|249055_1019864|
207866|2|0,50|
207874|3|207874_1[rn]207874_2|
207878|3|207878_234050|
17448|2|0,50|
225693|0|5905573060831|
229205|3|229205_340245|
249828|3||
";29.99;"T:\wygenrowane_do_EU\A\0\miniatura_t_1.jpg
T:\wygenrowane_do_EU\KOLEKCJA\mockup.png
T:\wygenrowane_do_EU\KOLEKCJA\mockup2.png
T:\wygenrowane_do_EU\A\0\1.jpg
T:\wygenrowane_do_EU\A\0\2.jpg
T:\wygenrowane_do_EU\A\0\3.jpg
T:\wygenrowane_do_EU\A\0\4.jpg
T:\wygenrowane_do_EU\A\0\5.jpg
T:\wygenrowane_do_EU\A\0\6.jpg
T:\wygenrowane_do_EU\A\0\miniatura1.jpg
";99;23;0;10532;1000;;;
13635;"Ceramiczne SZKŁO HARTOWANE NA XIAOMI REDMI 9C";;"REDMI 9C";XIAOMI;"11323|3|11323_1|
224017|0|Szkło hartowane na XIAOMI REDMI 9C|
219781|0|XIAOMI REDMI 9C|
207854|3|207854_234034|
249950|3|249950_1786046|
207862|1|3|
249055|3|249055_1019864|
207866|2|0,50|
207874|3|207874_1[rn]207874_2|
207878|3|207878_234050|
17448|2|0,50|
225693|0|5905573060831|
229205|3|229205_340245|
249828|3||
";29.99;"T:\wygenrowane_do_EU\A\0\miniatura_t_1.jpg
T:\wygenrowane_do_EU\KOLEKCJA\mockup.png
T:\wygenrowane_do_EU\KOLEKCJA\mockup2.png
T:\wygenrowane_do_EU\A\0\1.jpg
T:\wygenrowane_do_EU\A\0\2.jpg
T:\wygenrowane_do_EU\A\0\3.jpg
T:\wygenrowane_do_EU\A\0\4.jpg
T:\wygenrowane_do_EU\A\0\5.jpg
T:\wygenrowane_do_EU\A\0\6.jpg
T:\wygenrowane_do_EU\A\0\miniatura1.jpg
";99;23;0;10532;1000;;;
13635;"Ceramiczne SZKŁO HARTOWANE NA XIAOMI REDMI 9I";;"REDMI 9I";XIAOMI;"11323|3|11323_1|
224017|0|Szkło hartowane na XIAOMI REDMI 9I|
219781|0|XIAOMI REDMI 9I|
207854|3|207854_234034|
249950|3|249950_1786046|
207862|1|3|
249055|3|249055_1019864|
207866|2|0,50|
207874|3|207874_1[rn]207874_2|
207878|3|207878_234050|
17448|2|0,50|
225693|0|5905573060831|
229205|3|229205_340245|
249828|3||
";29.99;"T:\wygenrowane_do_EU\A\0\miniatura_t_1.jpg
T:\wygenrowane_do_EU\KOLEKCJA\mockup.png
T:\wygenrowane_do_EU\KOLEKCJA\mockup2.png
T:\wygenrowane_do_EU\A\0\1.jpg
T:\wygenrowane_do_EU\A\0\2.jpg
T:\wygenrowane_do_EU\A\0\3.jpg
T:\wygenrowane_do_EU\A\0\4.jpg
T:\wygenrowane_do_EU\A\0\5.jpg
T:\wygenrowane_do_EU\A\0\6.jpg
T:\wygenrowane_do_EU\A\0\miniatura1.jpg
";99;23;0;10532;1000;;;
13635;"Ceramiczne SZKŁO HARTOWANE NA XIAOMI POCO M2";;"POCO M2";XIAOMI;"11323|3|11323_1|
224017|0|Szkło hartowane na XIAOMI POCO M2|
219781|0|XIAOMI POCO M2|
207854|3|207854_234034|
249950|3|249950_1786046|
207862|1|3|
249055|3|249055_1019864|
207866|2|0,50|
207874|3|207874_1[rn]207874_2|
207878|3|207878_234050|
17448|2|0,50|
225693|0|5905573060831|
229205|3|229205_340245|
249828|3||
";29.99;"T:\wygenrowane_do_EU\A\0\miniatura_t_1.jpg
T:\wygenrowane_do_EU\KOLEKCJA\mockup.png
T:\wygenrowane_do_EU\KOLEKCJA\mockup2.png
T:\wygenrowane_do_EU\A\0\1.jpg
T:\wygenrowane_do_EU\A\0\2.jpg
T:\wygenrowane_do_EU\A\0\3.jpg
T:\wygenrowane_do_EU\A\0\4.jpg
T:\wygenrowane_do_EU\A\0\5.jpg
T:\wygenrowane_do_EU\A\0\6.jpg
T:\wygenrowane_do_EU\A\0\miniatura1.jpg
";99;23;0;10532;1000;;;
13635;"Ceramiczne SZKŁO HARTOWANE NA XIAOMI POCO C3";;"POCO C3";XIAOMI;"11323|3|11323_1|
224017|0|Szkło hartowane na XIAOMI POCO C3|
219781|0|XIAOMI POCO C3|
207854|3|207854_234034|
249950|3|249950_1786046|
207862|1|3|
249055|3|249055_1019864|
207866|2|0,50|
207874|3|207874_1[rn]207874_2|
207878|3|207878_234050|
17448|2|0,50|
225693|0|5905573060831|
229205|3|229205_340245|
249828|3||
";29.99;"T:\wygenrowane_do_EU\A\0\miniatura_t_1.jpg
T:\wygenrowane_do_EU\KOLEKCJA\mockup.png
T:\wygenrowane_do_EU\KOLEKCJA\mockup2.png
T:\wygenrowane_do_EU\A\0\1.jpg
T:\wygenrowane_do_EU\A\0\2.jpg
T:\wygenrowane_do_EU\A\0\3.jpg
T:\wygenrowane_do_EU\A\0\4.jpg
T:\wygenrowane_do_EU\A\0\5.jpg
T:\wygenrowane_do_EU\A\0\6.jpg
T:\wygenrowane_do_EU\A\0\miniatura1.jpg
";99;23;0;10532;1000;;;
13636;"Ceramiczne SZKŁO HARTOWANE NA XIAOMI MI 10 LITE";;"MI 10 LITE";XIAOMI;"11323|3|11323_1|
224017|0|Szkło hartowane na XIAOMI MI 10 LITE|
219781|0|XIAOMI MI 10 LITE|
207854|3|207854_234034|
249950|3|249950_1786046|
207862|1|3|
249055|3|249055_1019864|
207866|2|0,50|
207874|3|207874_1[rn]207874_2|
207878|3|207878_234050|
17448|2|0,50|
225693|0|5905573060824|
229205|3|229205_340245|
249828|3||
";29.99;"T:\wygenrowane_do_EU\A\0\miniatura_t_1.jpg
T:\wygenrowane_do_EU\KOLEKCJA\mockup.png
T:\wygenrowane_do_EU\KOLEKCJA\mockup2.png
T:\wygenrowane_do_EU\A\0\1.jpg
T:\wygenrowane_do_EU\A\0\2.jpg
T:\wygenrowane_do_EU\A\0\3.jpg
T:\wygenrowane_do_EU\A\0\4.jpg
T:\wygenrowane_do_EU\A\0\5.jpg
T:\wygenrowane_do_EU\A\0\6.jpg
T:\wygenrowane_do_EU\A\0\miniatura1.jpg
";99;23;0;10532;1000;;;
13638;"Ceramiczne SZKŁO HARTOWANE NA SAMSUNG GALAXY S22";;"GALAXY S22";SAMSUNG;"11323|3|11323_1|
224017|0|Szkło hartowane na SAMSUNG GALAXY S22|
219781|0|SAMSUNG GALAXY S22|
207854|3|207854_234034|
249950|3|249950_1786046|
207862|1|3|
249055|3|249055_1019864|
207866|2|0,50|
207874|3|207874_1[rn]207874_2|
207878|3|207878_234050|
17448|2|0,50|
225693|0|5905573060817|
229205|3|229205_340245|
249828|3||
";29.99;"T:\wygenrowane_do_EU\A\0\miniatura_t_1.jpg
T:\wygenrowane_do_EU\KOLEKCJA\mockup.png
T:\wygenrowane_do_EU\KOLEKCJA\mockup2.png
T:\wygenrowane_do_EU\A\0\1.jpg
T:\wygenrowane_do_EU\A\0\2.jpg
T:\wygenrowane_do_EU\A\0\3.jpg
T:\wygenrowane_do_EU\A\0\4.jpg
T:\wygenrowane_do_EU\A\0\5.jpg
T:\wygenrowane_do_EU\A\0\6.jpg
T:\wygenrowane_do_EU\A\0\miniatura1.jpg
";99;23;0;10532;1000;;;
13638;"Ceramiczne SZKŁO HARTOWANE NA SAMSUNG GALAXY S23";;"GALAXY S23";SAMSUNG;"11323|3|11323_1|
224017|0|Szkło hartowane na SAMSUNG GALAXY S23|
219781|0|SAMSUNG GALAXY S23|
207854|3|207854_234034|
249950|3|249950_1786046|
207862|1|3|
249055|3|249055_1019864|
207866|2|0,50|
207874|3|207874_1[rn]207874_2|
207878|3|207878_234050|
17448|2|0,50|
225693|0|5905573060817|
229205|3|229205_340245|
249828|3||
";29.99;"T:\wygenrowane_do_EU\A\0\miniatura_t_1.jpg
T:\wygenrowane_do_EU\KOLEKCJA\mockup.png
T:\wygenrowane_do_EU\KOLEKCJA\mockup2.png
T:\wygenrowane_do_EU\A\0\1.jpg
T:\wygenrowane_do_EU\A\0\2.jpg
T:\wygenrowane_do_EU\A\0\3.jpg
T:\wygenrowane_do_EU\A\0\4.jpg
T:\wygenrowane_do_EU\A\0\5.jpg
T:\wygenrowane_do_EU\A\0\6.jpg
T:\wygenrowane_do_EU\A\0\miniatura1.jpg
";99;23;0;10532;1000;;;
13639;"Ceramiczne SZKŁO HARTOWANE NA APPLE iPhone 12 PRO MAX";;"iPhone 12 PRO MAX";APPLE;"11323|3|11323_1|
224017|0|Szkło hartowane na APPLE iPhone 12 PRO MAX|
219781|0|APPLE iPhone 12 PRO MAX|
207854|3|207854_234034|
249950|3|249950_1786046|
207862|1|3|
249055|3|249055_1019864|
207866|2|0,50|
207874|3|207874_1[rn]207874_2|
207878|3|207878_234050|
17448|2|0,50|
225693|0|5905573060800|
229205|3|229205_340245|
249828|3||
";29.99;"T:\wygenrowane_do_EU\A\0\miniatura_t_1.jpg
T:\wygenrowane_do_EU\KOLEKCJA\mockup.png
T:\wygenrowane_do_EU\KOLEKCJA\mockup2.png
T:\wygenrowane_do_EU\A\0\1.jpg
T:\wygenrowane_do_EU\A\0\2.jpg
T:\wygenrowane_do_EU\A\0\3.jpg
T:\wygenrowane_do_EU\A\0\4.jpg
T:\wygenrowane_do_EU\A\0\5.jpg
T:\wygenrowane_do_EU\A\0\6.jpg
T:\wygenrowane_do_EU\A\0\miniatura1.jpg
";99;23;0;10532;1000;;;
13640;"Ceramiczne SZKŁO HARTOWANE NA APPLE iPhone 14 PRO";;"iPhone 14 PRO";APPLE;"11323|3|11323_1|
224017|0|Szkło hartowane na APPLE iPhone 14 PRO|
219781|0|APPLE iPhone 14 PRO|
207854|3|207854_234034|
249950|3|249950_1786046|
207862|1|3|
249055|3|249055_1019864|
207866|2|0,50|
207874|3|207874_1[rn]207874_2|
207878|3|207878_234050|
17448|2|0,50|
225693|0|5905573060794|
229205|3|229205_340245|
249828|3||
";29.99;"T:\wygenrowane_do_EU\A\0\miniatura_t_1.jpg
T:\wygenrowane_do_EU\KOLEKCJA\mockup.png
T:\wygenrowane_do_EU\KOLEKCJA\mockup2.png
T:\wygenrowane_do_EU\A\0\1.jpg
T:\wygenrowane_do_EU\A\0\2.jpg
T:\wygenrowane_do_EU\A\0\3.jpg
T:\wygenrowane_do_EU\A\0\4.jpg
T:\wygenrowane_do_EU\A\0\5.jpg
T:\wygenrowane_do_EU\A\0\6.jpg
T:\wygenrowane_do_EU\A\0\miniatura1.jpg
";99;23;0;10532;1000;;;
13641;"Ceramiczne SZKŁO HARTOWANE NA APPLE iPhone 7";;"iPhone 7";APPLE;"11323|3|11323_1|
224017|0|Szkło hartowane na APPLE iPhone 7|
219781|0|APPLE iPhone 7|
207854|3|207854_234034|
249950|3|249950_1786046|
207862|1|3|
249055|3|249055_1019864|
207866|2|0,50|
207874|3|207874_1[rn]207874_2|
207878|3|207878_234050|
17448|2|0,50|
225693|0|5905573060787|
229205|3|229205_340245|
249828|3||
";29.99;"T:\wygenrowane_do_EU\A\0\miniatura_t_1.jpg
T:\wygenrowane_do_EU\KOLEKCJA\mockup.png
T:\wygenrowane_do_EU\KOLEKCJA\mockup2.png
T:\wygenrowane_do_EU\A\0\1.jpg
T:\wygenrowane_do_EU\A\0\2.jpg
T:\wygenrowane_do_EU\A\0\3.jpg
T:\wygenrowane_do_EU\A\0\4.jpg
T:\wygenrowane_do_EU\A\0\5.jpg
T:\wygenrowane_do_EU\A\0\6.jpg
T:\wygenrowane_do_EU\A\0\miniatura1.jpg
";99;23;0;10532;1000;;;
13641;"Ceramiczne SZKŁO HARTOWANE NA APPLE iPhone 8";;"iPhone 8";APPLE;"11323|3|11323_1|
224017|0|Szkło hartowane na APPLE iPhone 8|
219781|0|APPLE iPhone 8|
207854|3|207854_234034|
249950|3|249950_1786046|
207862|1|3|
249055|3|249055_1019864|
207866|2|0,50|
207874|3|207874_1[rn]207874_2|
207878|3|207878_234050|
17448|2|0,50|
225693|0|5905573060787|
229205|3|229205_340245|
249828|3||
";29.99;"T:\wygenrowane_do_EU\A\0\miniatura_t_1.jpg
T:\wygenrowane_do_EU\KOLEKCJA\mockup.png
T:\wygenrowane_do_EU\KOLEKCJA\mockup2.png
T:\wygenrowane_do_EU\A\0\1.jpg
T:\wygenrowane_do_EU\A\0\2.jpg
T:\wygenrowane_do_EU\A\0\3.jpg
T:\wygenrowane_do_EU\A\0\4.jpg
T:\wygenrowane_do_EU\A\0\5.jpg
T:\wygenrowane_do_EU\A\0\6.jpg
T:\wygenrowane_do_EU\A\0\miniatura1.jpg
";99;23;0;10532;1000;;;
13641;"Ceramiczne SZKŁO HARTOWANE NA APPLE iPhone SE 2020";;"iPhone SE 2020";APPLE;"11323|3|11323_1|
224017|0|Szkło hartowane na APPLE iPhone SE 2020|
219781|0|APPLE iPhone SE 2020|
207854|3|207854_234034|
249950|3|249950_1786046|
207862|1|3|
249055|3|249055_1019864|
207866|2|0,50|
207874|3|207874_1[rn]207874_2|
207878|3|207878_234050|
17448|2|0,50|
225693|0|5905573060787|
229205|3|229205_340245|
249828|3||
";29.99;"T:\wygenrowane_do_EU\A\0\miniatura_t_1.jpg
T:\wygenrowane_do_EU\KOLEKCJA\mockup.png
T:\wygenrowane_do_EU\KOLEKCJA\mockup2.png
T:\wygenrowane_do_EU\A\0\1.jpg
T:\wygenrowane_do_EU\A\0\2.jpg
T:\wygenrowane_do_EU\A\0\3.jpg
T:\wygenrowane_do_EU\A\0\4.jpg
T:\wygenrowane_do_EU\A\0\5.jpg
T:\wygenrowane_do_EU\A\0\6.jpg
T:\wygenrowane_do_EU\A\0\miniatura1.jpg
";99;23;0;10532;1000;;;
13641;"Ceramiczne SZKŁO HARTOWANE NA APPLE iPhone SE 2022";;"iPhone SE 2022";APPLE;"11323|3|11323_1|
224017|0|Szkło hartowane na APPLE iPhone SE 2022|
219781|0|APPLE iPhone SE 2022|
207854|3|207854_234034|
249950|3|249950_1786046|
207862|1|3|
249055|3|249055_1019864|
207866|2|0,50|
207874|3|207874_1[rn]207874_2|
207878|3|207878_234050|
17448|2|0,50|
225693|0|5905573060787|
229205|3|229205_340245|
249828|3||
";29.99;"T:\wygenrowane_do_EU\A\0\miniatura_t_1.jpg
T:\wygenrowane_do_EU\KOLEKCJA\mockup.png
T:\wygenrowane_do_EU\KOLEKCJA\mockup2.png
T:\wygenrowane_do_EU\A\0\1.jpg
T:\wygenrowane_do_EU\A\0\2.jpg
T:\wygenrowane_do_EU\A\0\3.jpg
T:\wygenrowane_do_EU\A\0\4.jpg
T:\wygenrowane_do_EU\A\0\5.jpg
T:\wygenrowane_do_EU\A\0\6.jpg
T:\wygenrowane_do_EU\A\0\miniatura1.jpg
";99;23;0;10532;1000;;;
13643;"Ceramiczne SZKŁO HARTOWANE NA REALME 10 PRO";;"10 PRO";REALME;"11323|3|11323_1|
224017|0|Szkło hartowane na REALME 10 PRO|
219781|0|REALME 10 PRO|
207854|3|207854_234034|
249950|3|249950_1786046|
207862|1|3|
249055|3|249055_1019864|
207866|2|0,50|
207874|3|207874_1[rn]207874_2|
207878|3|207878_234050|
17448|2|0,50|
225693|0|5905573060770|
229205|3|229205_340245|
249828|3||
";29.99;"T:\wygenrowane_do_EU\A\0\miniatura_t_1.jpg
T:\wygenrowane_do_EU\KOLEKCJA\mockup.png
T:\wygenrowane_do_EU\KOLEKCJA\mockup2.png
T:\wygenrowane_do_EU\A\0\1.jpg
T:\wygenrowane_do_EU\A\0\2.jpg
T:\wygenrowane_do_EU\A\0\3.jpg
T:\wygenrowane_do_EU\A\0\4.jpg
T:\wygenrowane_do_EU\A\0\5.jpg
T:\wygenrowane_do_EU\A\0\6.jpg
T:\wygenrowane_do_EU\A\0\miniatura1.jpg
";99;23;0;10532;1000;;;
13644;"Ceramiczne SZKŁO HARTOWANE NA XIAOMI POCO M4";;"POCO M4";XIAOMI;"11323|3|11323_1|
224017|0|Szkło hartowane na XIAOMI POCO M4|
219781|0|XIAOMI POCO M4|
207854|3|207854_234034|
249950|3|249950_1786046|
207862|1|3|
249055|3|249055_1019864|
207866|2|0,50|
207874|3|207874_1[rn]207874_2|
207878|3|207878_234050|
17448|2|0,50|
225693|0|5905573060763|
229205|3|229205_340245|
249828|3||
";29.99;"T:\wygenrowane_do_EU\A\0\miniatura_t_1.jpg
T:\wygenrowane_do_EU\KOLEKCJA\mockup.png
T:\wygenrowane_do_EU\KOLEKCJA\mockup2.png
T:\wygenrowane_do_EU\A\0\1.jpg
T:\wygenrowane_do_EU\A\0\2.jpg
T:\wygenrowane_do_EU\A\0\3.jpg
T:\wygenrowane_do_EU\A\0\4.jpg
T:\wygenrowane_do_EU\A\0\5.jpg
T:\wygenrowane_do_EU\A\0\6.jpg
T:\wygenrowane_do_EU\A\0\miniatura1.jpg
";99;23;0;10532;1000;;;
13644;"Ceramiczne SZKŁO HARTOWANE NA XIAOMI POCO M4 PRO 5G";;"POCO M4 PRO 5G";XIAOMI;"11323|3|11323_1|
224017|0|Szkło hartowane na XIAOMI POCO M4 PRO 5G|
219781|0|XIAOMI POCO M4 PRO 5G|
207854|3|207854_234034|
249950|3|249950_1786046|
207862|1|3|
249055|3|249055_1019864|
207866|2|0,50|
207874|3|207874_1[rn]207874_2|
207878|3|207878_234050|
17448|2|0,50|
225693|0|5905573060763|
229205|3|229205_340245|
249828|3||
";29.99;"T:\wygenrowane_do_EU\A\0\miniatura_t_1.jpg
T:\wygenrowane_do_EU\KOLEKCJA\mockup.png
T:\wygenrowane_do_EU\KOLEKCJA\mockup2.png
T:\wygenrowane_do_EU\A\0\1.jpg
T:\wygenrowane_do_EU\A\0\2.jpg
T:\wygenrowane_do_EU\A\0\3.jpg
T:\wygenrowane_do_EU\A\0\4.jpg
T:\wygenrowane_do_EU\A\0\5.jpg
T:\wygenrowane_do_EU\A\0\6.jpg
T:\wygenrowane_do_EU\A\0\miniatura1.jpg
";99;23;0;10532;1000;;;
13644;"Ceramiczne SZKŁO HARTOWANE NA XIAOMI REDMI NOTE 11T 5G";;"REDMI NOTE 11T 5G";XIAOMI;"11323|3|11323_1|
224017|0|Szkło hartowane na XIAOMI REDMI NOTE 11T 5G|
219781|0|XIAOMI REDMI NOTE 11T 5G|
207854|3|207854_234034|
249950|3|249950_1786046|
207862|1|3|
249055|3|249055_1019864|
207866|2|0,50|
207874|3|207874_1[rn]207874_2|
207878|3|207878_234050|
17448|2|0,50|
225693|0|5905573060763|
229205|3|229205_340245|
249828|3||
";29.99;"T:\wygenrowane_do_EU\A\0\miniatura_t_1.jpg
T:\wygenrowane_do_EU\KOLEKCJA\mockup.png
T:\wygenrowane_do_EU\KOLEKCJA\mockup2.png
T:\wygenrowane_do_EU\A\0\1.jpg
T:\wygenrowane_do_EU\A\0\2.jpg
T:\wygenrowane_do_EU\A\0\3.jpg
T:\wygenrowane_do_EU\A\0\4.jpg
T:\wygenrowane_do_EU\A\0\5.jpg
T:\wygenrowane_do_EU\A\0\6.jpg
T:\wygenrowane_do_EU\A\0\miniatura1.jpg
";99;23;0;10532;1000;;;
13644;"Ceramiczne SZKŁO HARTOWANE NA MOTOROLA MOTO G52";;"MOTO G52";MOTOROLA;"11323|3|11323_1|
224017|0|Szkło hartowane na MOTOROLA MOTO G52|
219781|0|MOTOROLA MOTO G52|
207854|3|207854_234034|
249950|3|249950_1786046|
207862|1|3|
249055|3|249055_1019864|
207866|2|0,50|
207874|3|207874_1[rn]207874_2|
207878|3|207878_234050|
17448|2|0,50|
225693|0|5905573060763|
229205|3|229205_340245|
249828|3||
";29.99;"T:\wygenrowane_do_EU\A\0\miniatura_t_1.jpg
T:\wygenrowane_do_EU\KOLEKCJA\mockup.png
T:\wygenrowane_do_EU\KOLEKCJA\mockup2.png
T:\wygenrowane_do_EU\A\0\1.jpg
T:\wygenrowane_do_EU\A\0\2.jpg
T:\wygenrowane_do_EU\A\0\3.jpg
T:\wygenrowane_do_EU\A\0\4.jpg
T:\wygenrowane_do_EU\A\0\5.jpg
T:\wygenrowane_do_EU\A\0\6.jpg
T:\wygenrowane_do_EU\A\0\miniatura1.jpg
";99;23;0;10532;1000;;;
13644;"Ceramiczne SZKŁO HARTOWANE NA MOTOROLA MOTO G71S";;"MOTO G71S";MOTOROLA;"11323|3|11323_1|
224017|0|Szkło hartowane na MOTOROLA MOTO G71S|
219781|0|MOTOROLA MOTO G71S|
207854|3|207854_234034|
249950|3|249950_1786046|
207862|1|3|
249055|3|249055_1019864|
207866|2|0,50|
207874|3|207874_1[rn]207874_2|
207878|3|207878_234050|
17448|2|0,50|
225693|0|5905573060763|
229205|3|229205_340245|
249828|3||
";29.99;"T:\wygenrowane_do_EU\A\0\miniatura_t_1.jpg
T:\wygenrowane_do_EU\KOLEKCJA\mockup.png
T:\wygenrowane_do_EU\KOLEKCJA\mockup2.png
T:\wygenrowane_do_EU\A\0\1.jpg
T:\wygenrowane_do_EU\A\0\2.jpg
T:\wygenrowane_do_EU\A\0\3.jpg
T:\wygenrowane_do_EU\A\0\4.jpg
T:\wygenrowane_do_EU\A\0\5.jpg
T:\wygenrowane_do_EU\A\0\6.jpg
T:\wygenrowane_do_EU\A\0\miniatura1.jpg
";99;23;0;10532;1000;;;
13644;"Ceramiczne SZKŁO HARTOWANE NA MOTOROLA MOTO G72";;"MOTO G72";MOTOROLA;"11323|3|11323_1|
224017|0|Szkło hartowane na MOTOROLA MOTO G72|
219781|0|MOTOROLA MOTO G72|
207854|3|207854_234034|
249950|3|249950_1786046|
207862|1|3|
249055|3|249055_1019864|
207866|2|0,50|
207874|3|207874_1[rn]207874_2|
207878|3|207878_234050|
17448|2|0,50|
225693|0|5905573060763|
229205|3|229205_340245|
249828|3||
";29.99;"T:\wygenrowane_do_EU\A\0\miniatura_t_1.jpg
T:\wygenrowane_do_EU\KOLEKCJA\mockup.png
T:\wygenrowane_do_EU\KOLEKCJA\mockup2.png
T:\wygenrowane_do_EU\A\0\1.jpg
T:\wygenrowane_do_EU\A\0\2.jpg
T:\wygenrowane_do_EU\A\0\3.jpg
T:\wygenrowane_do_EU\A\0\4.jpg
T:\wygenrowane_do_EU\A\0\5.jpg
T:\wygenrowane_do_EU\A\0\6.jpg
T:\wygenrowane_do_EU\A\0\miniatura1.jpg
";99;23;0;10532;1000;;;
13644;"Ceramiczne SZKŁO HARTOWANE NA MOTOROLA MOTO G82";;"MOTO G82";MOTOROLA;"11323|3|11323_1|
224017|0|Szkło hartowane na MOTOROLA MOTO G82|
219781|0|MOTOROLA MOTO G82|
207854|3|207854_234034|
249950|3|249950_1786046|
207862|1|3|
249055|3|249055_1019864|
207866|2|0,50|
207874|3|207874_1[rn]207874_2|
207878|3|207878_234050|
17448|2|0,50|
225693|0|5905573060763|
229205|3|229205_340245|
249828|3||
";29.99;"T:\wygenrowane_do_EU\A\0\miniatura_t_1.jpg
T:\wygenrowane_do_EU\KOLEKCJA\mockup.png
T:\wygenrowane_do_EU\KOLEKCJA\mockup2.png
T:\wygenrowane_do_EU\A\0\1.jpg
T:\wygenrowane_do_EU\A\0\2.jpg
T:\wygenrowane_do_EU\A\0\3.jpg
T:\wygenrowane_do_EU\A\0\4.jpg
T:\wygenrowane_do_EU\A\0\5.jpg
T:\wygenrowane_do_EU\A\0\6.jpg
T:\wygenrowane_do_EU\A\0\miniatura1.jpg
";99;23;0;10532;1000;;;
13644;"Ceramiczne SZKŁO HARTOWANE NA XIAOMI 12 LITE";;"12 LITE";XIAOMI;"11323|3|11323_1|
224017|0|Szkło hartowane na XIAOMI 12 LITE|
219781|0|XIAOMI 12 LITE|
207854|3|207854_234034|
249950|3|249950_1786046|
207862|1|3|
249055|3|249055_1019864|
207866|2|0,50|
207874|3|207874_1[rn]207874_2|
207878|3|207878_234050|
17448|2|0,50|
225693|0|5905573060763|
229205|3|229205_340245|
249828|3||
";29.99;"T:\wygenrowane_do_EU\A\0\miniatura_t_1.jpg
T:\wygenrowane_do_EU\KOLEKCJA\mockup.png
T:\wygenrowane_do_EU\KOLEKCJA\mockup2.png
T:\wygenrowane_do_EU\A\0\1.jpg
T:\wygenrowane_do_EU\A\0\2.jpg
T:\wygenrowane_do_EU\A\0\3.jpg
T:\wygenrowane_do_EU\A\0\4.jpg
T:\wygenrowane_do_EU\A\0\5.jpg
T:\wygenrowane_do_EU\A\0\6.jpg
T:\wygenrowane_do_EU\A\0\miniatura1.jpg
";99;23;0;10532;1000;;;
13645;"Ceramiczne SZKŁO HARTOWANE NA XIAOMI REDMI NOTE 10 5G";;"REDMI NOTE 10 5G";XIAOMI;"11323|3|11323_1|
224017|0|Szkło hartowane na XIAOMI REDMI NOTE 10 5G|
219781|0|XIAOMI REDMI NOTE 10 5G|
207854|3|207854_234034|
249950|3|249950_1786046|
207862|1|3|
249055|3|249055_1019864|
207866|2|0,50|
207874|3|207874_1[rn]207874_2|
207878|3|207878_234050|
17448|2|0,50|
225693|0|5905573060756|
229205|3|229205_340245|
249828|3||
";29.99;"T:\wygenrowane_do_EU\A\0\miniatura_t_1.jpg
T:\wygenrowane_do_EU\KOLEKCJA\mockup.png
T:\wygenrowane_do_EU\KOLEKCJA\mockup2.png
T:\wygenrowane_do_EU\A\0\1.jpg
T:\wygenrowane_do_EU\A\0\2.jpg
T:\wygenrowane_do_EU\A\0\3.jpg
T:\wygenrowane_do_EU\A\0\4.jpg
T:\wygenrowane_do_EU\A\0\5.jpg
T:\wygenrowane_do_EU\A\0\6.jpg
T:\wygenrowane_do_EU\A\0\miniatura1.jpg
";99;23;0;10532;1000;;;
13645;"Ceramiczne SZKŁO HARTOWANE NA XIAOMI POCO M3 PRO";;"POCO M3 PRO";XIAOMI;"11323|3|11323_1|
224017|0|Szkło hartowane na XIAOMI POCO M3 PRO|
219781|0|XIAOMI POCO M3 PRO|
207854|3|207854_234034|
249950|3|249950_1786046|
207862|1|3|
249055|3|249055_1019864|
207866|2|0,50|
207874|3|207874_1[rn]207874_2|
207878|3|207878_234050|
17448|2|0,50|
225693|0|5905573060756|
229205|3|229205_340245|
249828|3||
";29.99;"T:\wygenrowane_do_EU\A\0\miniatura_t_1.jpg
T:\wygenrowane_do_EU\KOLEKCJA\mockup.png
T:\wygenrowane_do_EU\KOLEKCJA\mockup2.png
T:\wygenrowane_do_EU\A\0\1.jpg
T:\wygenrowane_do_EU\A\0\2.jpg
T:\wygenrowane_do_EU\A\0\3.jpg
T:\wygenrowane_do_EU\A\0\4.jpg
T:\wygenrowane_do_EU\A\0\5.jpg
T:\wygenrowane_do_EU\A\0\6.jpg
T:\wygenrowane_do_EU\A\0\miniatura1.jpg
";99;23;0;10532;1000;;;
13646;"Ceramiczne SZKŁO HARTOWANE NA XIAOMI MI 11 LITE";;"MI 11 LITE";XIAOMI;"11323|3|11323_1|
224017|0|Szkło hartowane na XIAOMI MI 11 LITE|
219781|0|XIAOMI MI 11 LITE|
207854|3|207854_234034|
249950|3|249950_1786046|
207862|1|3|
249055|3|249055_1019864|
207866|2|0,50|
207874|3|207874_1[rn]207874_2|
207878|3|207878_234050|
17448|2|0,50|
225693|0|5905573060749|
229205|3|229205_340245|
249828|3||
";29.99;"T:\wygenrowane_do_EU\A\0\miniatura_t_1.jpg
T:\wygenrowane_do_EU\KOLEKCJA\mockup.png
T:\wygenrowane_do_EU\KOLEKCJA\mockup2.png
T:\wygenrowane_do_EU\A\0\1.jpg
T:\wygenrowane_do_EU\A\0\2.jpg
T:\wygenrowane_do_EU\A\0\3.jpg
T:\wygenrowane_do_EU\A\0\4.jpg
T:\wygenrowane_do_EU\A\0\5.jpg
T:\wygenrowane_do_EU\A\0\6.jpg
T:\wygenrowane_do_EU\A\0\miniatura1.jpg
";99;23;0;10532;1000;;;
13646;"Ceramiczne SZKŁO HARTOWANE NA XIAOMI MI 11 LITE 5G";;"MI 11 LITE 5G";XIAOMI;"11323|3|11323_1|
224017|0|Szkło hartowane na XIAOMI MI 11 LITE 5G|
219781|0|XIAOMI MI 11 LITE 5G|
207854|3|207854_234034|
249950|3|249950_1786046|
207862|1|3|
249055|3|249055_1019864|
207866|2|0,50|
207874|3|207874_1[rn]207874_2|
207878|3|207878_234050|
17448|2|0,50|
225693|0|5905573060749|
229205|3|229205_340245|
249828|3||
";29.99;"T:\wygenrowane_do_EU\A\0\miniatura_t_1.jpg
T:\wygenrowane_do_EU\KOLEKCJA\mockup.png
T:\wygenrowane_do_EU\KOLEKCJA\mockup2.png
T:\wygenrowane_do_EU\A\0\1.jpg
T:\wygenrowane_do_EU\A\0\2.jpg
T:\wygenrowane_do_EU\A\0\3.jpg
T:\wygenrowane_do_EU\A\0\4.jpg
T:\wygenrowane_do_EU\A\0\5.jpg
T:\wygenrowane_do_EU\A\0\6.jpg
T:\wygenrowane_do_EU\A\0\miniatura1.jpg
";99;23;0;10532;1000;;;
13649;"Ceramiczne SZKŁO HARTOWANE NA REALME C31";;C31;REALME;"11323|3|11323_1|
224017|0|Szkło hartowane na REALME C31|
219781|0|REALME C31|
207854|3|207854_234034|
249950|3|249950_1786046|
207862|1|3|
249055|3|249055_1019864|
207866|2|0,50|
207874|3|207874_1[rn]207874_2|
207878|3|207878_234050|
17448|2|0,50|
225693|0|5905573060732|
229205|3|229205_340245|
249828|3||
";29.99;"T:\wygenrowane_do_EU\A\0\miniatura_t_1.jpg
T:\wygenrowane_do_EU\KOLEKCJA\mockup.png
T:\wygenrowane_do_EU\KOLEKCJA\mockup2.png
T:\wygenrowane_do_EU\A\0\1.jpg
T:\wygenrowane_do_EU\A\0\2.jpg
T:\wygenrowane_do_EU\A\0\3.jpg
T:\wygenrowane_do_EU\A\0\4.jpg
T:\wygenrowane_do_EU\A\0\5.jpg
T:\wygenrowane_do_EU\A\0\6.jpg
T:\wygenrowane_do_EU\A\0\miniatura1.jpg
";99;23;0;10532;1000;;;
13652;"Ceramiczne SZKŁO HARTOWANE NA REALME C11";;C11;REALME;"11323|3|11323_1|
224017|0|Szkło hartowane na REALME C11|
219781|0|REALME C11|
207854|3|207854_234034|
249950|3|249950_1786046|
207862|1|3|
249055|3|249055_1019864|
207866|2|0,50|
207874|3|207874_1[rn]207874_2|
207878|3|207878_234050|
17448|2|0,50|
225693|0|5905573060725|
229205|3|229205_340245|
249828|3||
";29.99;"T:\wygenrowane_do_EU\A\0\miniatura_t_1.jpg
T:\wygenrowane_do_EU\KOLEKCJA\mockup.png
T:\wygenrowane_do_EU\KOLEKCJA\mockup2.png
T:\wygenrowane_do_EU\A\0\1.jpg
T:\wygenrowane_do_EU\A\0\2.jpg
T:\wygenrowane_do_EU\A\0\3.jpg
T:\wygenrowane_do_EU\A\0\4.jpg
T:\wygenrowane_do_EU\A\0\5.jpg
T:\wygenrowane_do_EU\A\0\6.jpg
T:\wygenrowane_do_EU\A\0\miniatura1.jpg
";99;23;0;10532;1000;;;
13652;"Ceramiczne SZKŁO HARTOWANE NA REALME C11 2021";;"C11 2021";REALME;"11323|3|11323_1|
224017|0|Szkło hartowane na REALME C11 2021|
219781|0|REALME C11 2021|
207854|3|207854_234034|
249950|3|249950_1786046|
207862|1|3|
249055|3|249055_1019864|
207866|2|0,50|
207874|3|207874_1[rn]207874_2|
207878|3|207878_234050|
17448|2|0,50|
225693|0|5905573060725|
229205|3|229205_340245|
249828|3||
";29.99;"T:\wygenrowane_do_EU\A\0\miniatura_t_1.jpg
T:\wygenrowane_do_EU\KOLEKCJA\mockup.png
T:\wygenrowane_do_EU\KOLEKCJA\mockup2.png
T:\wygenrowane_do_EU\A\0\1.jpg
T:\wygenrowane_do_EU\A\0\2.jpg
T:\wygenrowane_do_EU\A\0\3.jpg
T:\wygenrowane_do_EU\A\0\4.jpg
T:\wygenrowane_do_EU\A\0\5.jpg
T:\wygenrowane_do_EU\A\0\6.jpg
T:\wygenrowane_do_EU\A\0\miniatura1.jpg
";99;23;0;10532;1000;;;
13652;"Ceramiczne SZKŁO HARTOWANE NA REALME C20";;C20;REALME;"11323|3|11323_1|
224017|0|Szkło hartowane na REALME C20|
219781|0|REALME C20|
207854|3|207854_234034|
249950|3|249950_1786046|
207862|1|3|
249055|3|249055_1019864|
207866|2|0,50|
207874|3|207874_1[rn]207874_2|
207878|3|207878_234050|
17448|2|0,50|
225693|0|5905573060725|
229205|3|229205_340245|
249828|3||
";29.99;"T:\wygenrowane_do_EU\A\0\miniatura_t_1.jpg
T:\wygenrowane_do_EU\KOLEKCJA\mockup.png
T:\wygenrowane_do_EU\KOLEKCJA\mockup2.png
T:\wygenrowane_do_EU\A\0\1.jpg
T:\wygenrowane_do_EU\A\0\2.jpg
T:\wygenrowane_do_EU\A\0\3.jpg
T:\wygenrowane_do_EU\A\0\4.jpg
T:\wygenrowane_do_EU\A\0\5.jpg
T:\wygenrowane_do_EU\A\0\6.jpg
T:\wygenrowane_do_EU\A\0\miniatura1.jpg
";99;23;0;10532;1000;;;
13652;"Ceramiczne SZKŁO HARTOWANE NA REALME C21";;C21;REALME;"11323|3|11323_1|
224017|0|Szkło hartowane na REALME C21|
219781|0|REALME C21|
207854|3|207854_234034|
249950|3|249950_1786046|
207862|1|3|
249055|3|249055_1019864|
207866|2|0,50|
207874|3|207874_1[rn]207874_2|
207878|3|207878_234050|
17448|2|0,50|
225693|0|5905573060725|
229205|3|229205_340245|
249828|3||
";29.99;"T:\wygenrowane_do_EU\A\0\miniatura_t_1.jpg
T:\wygenrowane_do_EU\KOLEKCJA\mockup.png
T:\wygenrowane_do_EU\KOLEKCJA\mockup2.png
T:\wygenrowane_do_EU\A\0\1.jpg
T:\wygenrowane_do_EU\A\0\2.jpg
T:\wygenrowane_do_EU\A\0\3.jpg
T:\wygenrowane_do_EU\A\0\4.jpg
T:\wygenrowane_do_EU\A\0\5.jpg
T:\wygenrowane_do_EU\A\0\6.jpg
T:\wygenrowane_do_EU\A\0\miniatura1.jpg
";99;23;0;10532;1000;;;
13652;"Ceramiczne SZKŁO HARTOWANE NA REALME C21Y";;C21Y;REALME;"11323|3|11323_1|
224017|0|Szkło hartowane na REALME C21Y|
219781|0|REALME C21Y|
207854|3|207854_234034|
249950|3|249950_1786046|
207862|1|3|
249055|3|249055_1019864|
207866|2|0,50|
207874|3|207874_1[rn]207874_2|
207878|3|207878_234050|
17448|2|0,50|
225693|0|5905573060725|
229205|3|229205_340245|
249828|3||
";29.99;"T:\wygenrowane_do_EU\A\0\miniatura_t_1.jpg
T:\wygenrowane_do_EU\KOLEKCJA\mockup.png
T:\wygenrowane_do_EU\KOLEKCJA\mockup2.png
T:\wygenrowane_do_EU\A\0\1.jpg
T:\wygenrowane_do_EU\A\0\2.jpg
T:\wygenrowane_do_EU\A\0\3.jpg
T:\wygenrowane_do_EU\A\0\4.jpg
T:\wygenrowane_do_EU\A\0\5.jpg
T:\wygenrowane_do_EU\A\0\6.jpg
T:\wygenrowane_do_EU\A\0\miniatura1.jpg
";99;23;0;10532;1000;;;
13652;"Ceramiczne SZKŁO HARTOWANE NA REALME C25";;C25;REALME;"11323|3|11323_1|
224017|0|Szkło hartowane na REALME C25|
219781|0|REALME C25|
207854|3|207854_234034|
249950|3|249950_1786046|
207862|1|3|
249055|3|249055_1019864|
207866|2|0,50|
207874|3|207874_1[rn]207874_2|
207878|3|207878_234050|
17448|2|0,50|
225693|0|5905573060725|
229205|3|229205_340245|
249828|3||
";29.99;"T:\wygenrowane_do_EU\A\0\miniatura_t_1.jpg
T:\wygenrowane_do_EU\KOLEKCJA\mockup.png
T:\wygenrowane_do_EU\KOLEKCJA\mockup2.png
T:\wygenrowane_do_EU\A\0\1.jpg
T:\wygenrowane_do_EU\A\0\2.jpg
T:\wygenrowane_do_EU\A\0\3.jpg
T:\wygenrowane_do_EU\A\0\4.jpg
T:\wygenrowane_do_EU\A\0\5.jpg
T:\wygenrowane_do_EU\A\0\6.jpg
T:\wygenrowane_do_EU\A\0\miniatura1.jpg
";99;23;0;10532;1000;;;
13652;"Ceramiczne SZKŁO HARTOWANE NA REALME C25Y";;C25Y;REALME;"11323|3|11323_1|
224017|0|Szkło hartowane na REALME C25Y|
219781|0|REALME C25Y|
207854|3|207854_234034|
249950|3|249950_1786046|
207862|1|3|
249055|3|249055_1019864|
207866|2|0,50|
207874|3|207874_1[rn]207874_2|
207878|3|207878_234050|
17448|2|0,50|
225693|0|5905573060725|
229205|3|229205_340245|
249828|3||
";29.99;"T:\wygenrowane_do_EU\A\0\miniatura_t_1.jpg
T:\wygenrowane_do_EU\KOLEKCJA\mockup.png
T:\wygenrowane_do_EU\KOLEKCJA\mockup2.png
T:\wygenrowane_do_EU\A\0\1.jpg
T:\wygenrowane_do_EU\A\0\2.jpg
T:\wygenrowane_do_EU\A\0\3.jpg
T:\wygenrowane_do_EU\A\0\4.jpg
T:\wygenrowane_do_EU\A\0\5.jpg
T:\wygenrowane_do_EU\A\0\6.jpg
T:\wygenrowane_do_EU\A\0\miniatura1.jpg
";99;23;0;10532;1000;;;
13652;"Ceramiczne SZKŁO HARTOWANE NA REALME C25S";;C25S;REALME;"11323|3|11323_1|
224017|0|Szkło hartowane na REALME C25S|
219781|0|REALME C25S|
207854|3|207854_234034|
249950|3|249950_1786046|
207862|1|3|
249055|3|249055_1019864|
207866|2|0,50|
207874|3|207874_1[rn]207874_2|
207878|3|207878_234050|
17448|2|0,50|
225693|0|5905573060725|
229205|3|229205_340245|
249828|3||
";29.99;"T:\wygenrowane_do_EU\A\0\miniatura_t_1.jpg
T:\wygenrowane_do_EU\KOLEKCJA\mockup.png
T:\wygenrowane_do_EU\KOLEKCJA\mockup2.png
T:\wygenrowane_do_EU\A\0\1.jpg
T:\wygenrowane_do_EU\A\0\2.jpg
T:\wygenrowane_do_EU\A\0\3.jpg
T:\wygenrowane_do_EU\A\0\4.jpg
T:\wygenrowane_do_EU\A\0\5.jpg
T:\wygenrowane_do_EU\A\0\6.jpg
T:\wygenrowane_do_EU\A\0\miniatura1.jpg
";99;23;0;10532;1000;;;
13652;"Ceramiczne SZKŁO HARTOWANE NA REALME C35";;C35;REALME;"11323|3|11323_1|
224017|0|Szkło hartowane na REALME C35|
219781|0|REALME C35|
207854|3|207854_234034|
249950|3|249950_1786046|
207862|1|3|
249055|3|249055_1019864|
207866|2|0,50|
207874|3|207874_1[rn]207874_2|
207878|3|207878_234050|
17448|2|0,50|
225693|0|5905573060725|
229205|3|229205_340245|
249828|3||
";29.99;"T:\wygenrowane_do_EU\A\0\miniatura_t_1.jpg
T:\wygenrowane_do_EU\KOLEKCJA\mockup.png
T:\wygenrowane_do_EU\KOLEKCJA\mockup2.png
T:\wygenrowane_do_EU\A\0\1.jpg
T:\wygenrowane_do_EU\A\0\2.jpg
T:\wygenrowane_do_EU\A\0\3.jpg
T:\wygenrowane_do_EU\A\0\4.jpg
T:\wygenrowane_do_EU\A\0\5.jpg
T:\wygenrowane_do_EU\A\0\6.jpg
T:\wygenrowane_do_EU\A\0\miniatura1.jpg
";99;23;0;10532;1000;;;
13653;"Ceramiczne SZKŁO HARTOWANE NA SAMSUNG GALAXY S21 FE";;"GALAXY S21 FE";SAMSUNG;"11323|3|11323_1|
224017|0|Szkło hartowane na SAMSUNG GALAXY S21 FE|
219781|0|SAMSUNG GALAXY S21 FE|
207854|3|207854_234034|
249950|3|249950_1786046|
207862|1|3|
249055|3|249055_1019864|
207866|2|0,50|
207874|3|207874_1[rn]207874_2|
207878|3|207878_234050|
17448|2|0,50|
225693|0|5905573060718|
229205|3|229205_340245|
249828|3||
";29.99;"T:\wygenrowane_do_EU\A\0\miniatura_t_1.jpg
T:\wygenrowane_do_EU\KOLEKCJA\mockup.png
T:\wygenrowane_do_EU\KOLEKCJA\mockup2.png
T:\wygenrowane_do_EU\A\0\1.jpg
T:\wygenrowane_do_EU\A\0\2.jpg
T:\wygenrowane_do_EU\A\0\3.jpg
T:\wygenrowane_do_EU\A\0\4.jpg
T:\wygenrowane_do_EU\A\0\5.jpg
T:\wygenrowane_do_EU\A\0\6.jpg
T:\wygenrowane_do_EU\A\0\miniatura1.jpg
";99;23;0;10532;1000;;;
13654;"Ceramiczne SZKŁO HARTOWANE NA SAMSUNG GALAXY S20 FE";;"GALAXY S20 FE";SAMSUNG;"11323|3|11323_1|
224017|0|Szkło hartowane na SAMSUNG GALAXY S20 FE|
219781|0|SAMSUNG GALAXY S20 FE|
207854|3|207854_234034|
249950|3|249950_1786046|
207862|1|3|
249055|3|249055_1019864|
207866|2|0,50|
207874|3|207874_1[rn]207874_2|
207878|3|207878_234050|
17448|2|0,50|
225693|0|5905573060701|
229205|3|229205_340245|
249828|3||
";29.99;"T:\wygenrowane_do_EU\A\0\miniatura_t_1.jpg
T:\wygenrowane_do_EU\KOLEKCJA\mockup.png
T:\wygenrowane_do_EU\KOLEKCJA\mockup2.png
T:\wygenrowane_do_EU\A\0\1.jpg
T:\wygenrowane_do_EU\A\0\2.jpg
T:\wygenrowane_do_EU\A\0\3.jpg
T:\wygenrowane_do_EU\A\0\4.jpg
T:\wygenrowane_do_EU\A\0\5.jpg
T:\wygenrowane_do_EU\A\0\6.jpg
T:\wygenrowane_do_EU\A\0\miniatura1.jpg
";99;23;0;10532;1000;;;
13654;"Ceramiczne SZKŁO HARTOWANE NA SAMSUNG GALAXY S20 FE 5G";;"GALAXY S20 FE 5G";SAMSUNG;"11323|3|11323_1|
224017|0|Szkło hartowane na SAMSUNG GALAXY S20 FE 5G|
219781|0|SAMSUNG GALAXY S20 FE 5G|
207854|3|207854_234034|
249950|3|249950_1786046|
207862|1|3|
249055|3|249055_1019864|
207866|2|0,50|
207874|3|207874_1[rn]207874_2|
207878|3|207878_234050|
17448|2|0,50|
225693|0|5905573060701|
229205|3|229205_340245|
249828|3||
";29.99;"T:\wygenrowane_do_EU\A\0\miniatura_t_1.jpg
T:\wygenrowane_do_EU\KOLEKCJA\mockup.png
T:\wygenrowane_do_EU\KOLEKCJA\mockup2.png
T:\wygenrowane_do_EU\A\0\1.jpg
T:\wygenrowane_do_EU\A\0\2.jpg
T:\wygenrowane_do_EU\A\0\3.jpg
T:\wygenrowane_do_EU\A\0\4.jpg
T:\wygenrowane_do_EU\A\0\5.jpg
T:\wygenrowane_do_EU\A\0\6.jpg
T:\wygenrowane_do_EU\A\0\miniatura1.jpg
";99;23;0;10532;1000;;;
13654;"Ceramiczne SZKŁO HARTOWANE NA SAMSUNG GALAXY M31S";;"GALAXY M31S";SAMSUNG;"11323|3|11323_1|
224017|0|Szkło hartowane na SAMSUNG GALAXY M31S|
219781|0|SAMSUNG GALAXY M31S|
207854|3|207854_234034|
249950|3|249950_1786046|
207862|1|3|
249055|3|249055_1019864|
207866|2|0,50|
207874|3|207874_1[rn]207874_2|
207878|3|207878_234050|
17448|2|0,50|
225693|0|5905573060701|
229205|3|229205_340245|
249828|3||
";29.99;"T:\wygenrowane_do_EU\A\0\miniatura_t_1.jpg
T:\wygenrowane_do_EU\KOLEKCJA\mockup.png
T:\wygenrowane_do_EU\KOLEKCJA\mockup2.png
T:\wygenrowane_do_EU\A\0\1.jpg
T:\wygenrowane_do_EU\A\0\2.jpg
T:\wygenrowane_do_EU\A\0\3.jpg
T:\wygenrowane_do_EU\A\0\4.jpg
T:\wygenrowane_do_EU\A\0\5.jpg
T:\wygenrowane_do_EU\A\0\6.jpg
T:\wygenrowane_do_EU\A\0\miniatura1.jpg
";99;23;0;10532;1000;;;
13654;"Ceramiczne SZKŁO HARTOWANE NA SAMSUNG GALAXY A51";;"GALAXY A51";SAMSUNG;"11323|3|11323_1|
224017|0|Szkło hartowane na SAMSUNG GALAXY A51|
219781|0|SAMSUNG GALAXY A51|
207854|3|207854_234034|
249950|3|249950_1786046|
207862|1|3|
249055|3|249055_1019864|
207866|2|0,50|
207874|3|207874_1[rn]207874_2|
207878|3|207878_234050|
17448|2|0,50|
225693|0|5905573060701|
229205|3|229205_340245|
249828|3||
";29.99;"T:\wygenrowane_do_EU\A\0\miniatura_t_1.jpg
T:\wygenrowane_do_EU\KOLEKCJA\mockup.png
T:\wygenrowane_do_EU\KOLEKCJA\mockup2.png
T:\wygenrowane_do_EU\A\0\1.jpg
T:\wygenrowane_do_EU\A\0\2.jpg
T:\wygenrowane_do_EU\A\0\3.jpg
T:\wygenrowane_do_EU\A\0\4.jpg
T:\wygenrowane_do_EU\A\0\5.jpg
T:\wygenrowane_do_EU\A\0\6.jpg
T:\wygenrowane_do_EU\A\0\miniatura1.jpg
";99;23;0;10532;1000;;;
13654;"Ceramiczne SZKŁO HARTOWANE NA SAMSUNG GALAXY A51 5G";;"GALAXY A51 5G";SAMSUNG;"11323|3|11323_1|
224017|0|Szkło hartowane na SAMSUNG GALAXY A51 5G|
219781|0|SAMSUNG GALAXY A51 5G|
207854|3|207854_234034|
249950|3|249950_1786046|
207862|1|3|
249055|3|249055_1019864|
207866|2|0,50|
207874|3|207874_1[rn]207874_2|
207878|3|207878_234050|
17448|2|0,50|
225693|0|5905573060701|
229205|3|229205_340245|
249828|3||
";29.99;"T:\wygenrowane_do_EU\A\0\miniatura_t_1.jpg
T:\wygenrowane_do_EU\KOLEKCJA\mockup.png
T:\wygenrowane_do_EU\KOLEKCJA\mockup2.png
T:\wygenrowane_do_EU\A\0\1.jpg
T:\wygenrowane_do_EU\A\0\2.jpg
T:\wygenrowane_do_EU\A\0\3.jpg
T:\wygenrowane_do_EU\A\0\4.jpg
T:\wygenrowane_do_EU\A\0\5.jpg
T:\wygenrowane_do_EU\A\0\6.jpg
T:\wygenrowane_do_EU\A\0\miniatura1.jpg
";99;23;0;10532;1000;;;
13655;"Ceramiczne SZKŁO HARTOWANE NA SAMSUNG GALAXY S21";;"GALAXY S21";SAMSUNG;"11323|3|11323_1|
224017|0|Szkło hartowane na SAMSUNG GALAXY S21|
219781|0|SAMSUNG GALAXY S21|
207854|3|207854_234034|
249950|3|249950_1786046|
207862|1|3|
249055|3|249055_1019864|
207866|2|0,50|
207874|3|207874_1[rn]207874_2|
207878|3|207878_234050|
17448|2|0,50|
225693|0|5905573060695|
229205|3|229205_340245|
249828|3||
";29.99;"T:\wygenrowane_do_EU\A\0\miniatura_t_1.jpg
T:\wygenrowane_do_EU\KOLEKCJA\mockup.png
T:\wygenrowane_do_EU\KOLEKCJA\mockup2.png
T:\wygenrowane_do_EU\A\0\1.jpg
T:\wygenrowane_do_EU\A\0\2.jpg
T:\wygenrowane_do_EU\A\0\3.jpg
T:\wygenrowane_do_EU\A\0\4.jpg
T:\wygenrowane_do_EU\A\0\5.jpg
T:\wygenrowane_do_EU\A\0\6.jpg
T:\wygenrowane_do_EU\A\0\miniatura1.jpg
";99;23;0;10532;1000;;;
13656;"Ceramiczne SZKŁO HARTOWANE NA SAMSUNG GALAXY S22 PLUS";;"GALAXY S22 PLUS";SAMSUNG;"11323|3|11323_1|
224017|0|Szkło hartowane na SAMSUNG GALAXY S22 PLUS|
219781|0|SAMSUNG GALAXY S22 PLUS|
207854|3|207854_234034|
249950|3|249950_1786046|
207862|1|3|
249055|3|249055_1019864|
207866|2|0,50|
207874|3|207874_1[rn]207874_2|
207878|3|207878_234050|
17448|2|0,50|
225693|0|5905573060688|
229205|3|229205_340245|
249828|3||
";29.99;"T:\wygenrowane_do_EU\A\0\miniatura_t_1.jpg
T:\wygenrowane_do_EU\KOLEKCJA\mockup.png
T:\wygenrowane_do_EU\KOLEKCJA\mockup2.png
T:\wygenrowane_do_EU\A\0\1.jpg
T:\wygenrowane_do_EU\A\0\2.jpg
T:\wygenrowane_do_EU\A\0\3.jpg
T:\wygenrowane_do_EU\A\0\4.jpg
T:\wygenrowane_do_EU\A\0\5.jpg
T:\wygenrowane_do_EU\A\0\6.jpg
T:\wygenrowane_do_EU\A\0\miniatura1.jpg
";99;23;0;10532;1000;;;
13656;"Ceramiczne SZKŁO HARTOWANE NA SAMSUNG GALAXY S23 PLUS";;"GALAXY S23 PLUS";SAMSUNG;"11323|3|11323_1|
224017|0|Szkło hartowane na SAMSUNG GALAXY S23 PLUS|
219781|0|SAMSUNG GALAXY S23 PLUS|
207854|3|207854_234034|
249950|3|249950_1786046|
207862|1|3|
249055|3|249055_1019864|
207866|2|0,50|
207874|3|207874_1[rn]207874_2|
207878|3|207878_234050|
17448|2|0,50|
225693|0|5905573060688|
229205|3|229205_340245|
249828|3||
";29.99;"T:\wygenrowane_do_EU\A\0\miniatura_t_1.jpg
T:\wygenrowane_do_EU\KOLEKCJA\mockup.png
T:\wygenrowane_do_EU\KOLEKCJA\mockup2.png
T:\wygenrowane_do_EU\A\0\1.jpg
T:\wygenrowane_do_EU\A\0\2.jpg
T:\wygenrowane_do_EU\A\0\3.jpg
T:\wygenrowane_do_EU\A\0\4.jpg
T:\wygenrowane_do_EU\A\0\5.jpg
T:\wygenrowane_do_EU\A\0\6.jpg
T:\wygenrowane_do_EU\A\0\miniatura1.jpg
";99;23;0;10532;1000;;;
13657;"Ceramiczne SZKŁO HARTOWANE NA SAMSUNG GALAXY A20E";;"GALAXY A20E";SAMSUNG;"11323|3|11323_1|
224017|0|Szkło hartowane na SAMSUNG GALAXY A20E|
219781|0|SAMSUNG GALAXY A20E|
207854|3|207854_234034|
249950|3|249950_1786046|
207862|1|3|
249055|3|249055_1019864|
207866|2|0,50|
207874|3|207874_1[rn]207874_2|
207878|3|207878_234050|
17448|2|0,50|
225693|0|5905573060671|
229205|3|229205_340245|
249828|3||
";29.99;"T:\wygenrowane_do_EU\A\0\miniatura_t_1.jpg
T:\wygenrowane_do_EU\KOLEKCJA\mockup.png
T:\wygenrowane_do_EU\KOLEKCJA\mockup2.png
T:\wygenrowane_do_EU\A\0\1.jpg
T:\wygenrowane_do_EU\A\0\2.jpg
T:\wygenrowane_do_EU\A\0\3.jpg
T:\wygenrowane_do_EU\A\0\4.jpg
T:\wygenrowane_do_EU\A\0\5.jpg
T:\wygenrowane_do_EU\A\0\6.jpg
T:\wygenrowane_do_EU\A\0\miniatura1.jpg
";99;23;0;10532;1000;;;
13659;"Ceramiczne SZKŁO HARTOWANE NA SAMSUNG GALAXY A04";;"GALAXY A04";SAMSUNG;"11323|3|11323_1|
224017|0|Szkło hartowane na SAMSUNG GALAXY A04|
219781|0|SAMSUNG GALAXY A04|
207854|3|207854_234034|
249950|3|249950_1786046|
207862|1|3|
249055|3|249055_1019864|
207866|2|0,50|
207874|3|207874_1[rn]207874_2|
207878|3|207878_234050|
17448|2|0,50|
225693|0|5905573060664|
229205|3|229205_340245|
249828|3||
";29.99;"T:\wygenrowane_do_EU\A\0\miniatura_t_1.jpg
T:\wygenrowane_do_EU\KOLEKCJA\mockup.png
T:\wygenrowane_do_EU\KOLEKCJA\mockup2.png
T:\wygenrowane_do_EU\A\0\1.jpg
T:\wygenrowane_do_EU\A\0\2.jpg
T:\wygenrowane_do_EU\A\0\3.jpg
T:\wygenrowane_do_EU\A\0\4.jpg
T:\wygenrowane_do_EU\A\0\5.jpg
T:\wygenrowane_do_EU\A\0\6.jpg
T:\wygenrowane_do_EU\A\0\miniatura1.jpg
";99;23;0;10532;1000;;;
13659;"Ceramiczne SZKŁO HARTOWANE NA SAMSUNG GALAXY A04S";;"GALAXY A04S";SAMSUNG;"11323|3|11323_1|
224017|0|Szkło hartowane na SAMSUNG GALAXY A04S|
219781|0|SAMSUNG GALAXY A04S|
207854|3|207854_234034|
249950|3|249950_1786046|
207862|1|3|
249055|3|249055_1019864|
207866|2|0,50|
207874|3|207874_1[rn]207874_2|
207878|3|207878_234050|
17448|2|0,50|
225693|0|5905573060664|
229205|3|229205_340245|
249828|3||
";29.99;"T:\wygenrowane_do_EU\A\0\miniatura_t_1.jpg
T:\wygenrowane_do_EU\KOLEKCJA\mockup.png
T:\wygenrowane_do_EU\KOLEKCJA\mockup2.png
T:\wygenrowane_do_EU\A\0\1.jpg
T:\wygenrowane_do_EU\A\0\2.jpg
T:\wygenrowane_do_EU\A\0\3.jpg
T:\wygenrowane_do_EU\A\0\4.jpg
T:\wygenrowane_do_EU\A\0\5.jpg
T:\wygenrowane_do_EU\A\0\6.jpg
T:\wygenrowane_do_EU\A\0\miniatura1.jpg
";99;23;0;10532;1000;;;
13659;"Ceramiczne SZKŁO HARTOWANE NA SAMSUNG GALAXY A12";;"GALAXY A12";SAMSUNG;"11323|3|11323_1|
224017|0|Szkło hartowane na SAMSUNG GALAXY A12|
219781|0|SAMSUNG GALAXY A12|
207854|3|207854_234034|
249950|3|249950_1786046|
207862|1|3|
249055|3|249055_1019864|
207866|2|0,50|
207874|3|207874_1[rn]207874_2|
207878|3|207878_234050|
17448|2|0,50|
225693|0|5905573060664|
229205|3|229205_340245|
249828|3||
";29.99;"T:\wygenrowane_do_EU\A\0\miniatura_t_1.jpg
T:\wygenrowane_do_EU\KOLEKCJA\mockup.png
T:\wygenrowane_do_EU\KOLEKCJA\mockup2.png
T:\wygenrowane_do_EU\A\0\1.jpg
T:\wygenrowane_do_EU\A\0\2.jpg
T:\wygenrowane_do_EU\A\0\3.jpg
T:\wygenrowane_do_EU\A\0\4.jpg
T:\wygenrowane_do_EU\A\0\5.jpg
T:\wygenrowane_do_EU\A\0\6.jpg
T:\wygenrowane_do_EU\A\0\miniatura1.jpg
";99;23;0;10532;1000;;;
13659;"Ceramiczne SZKŁO HARTOWANE NA SAMSUNG GALAXY A14";;"GALAXY A14";SAMSUNG;"11323|3|11323_1|
224017|0|Szkło hartowane na SAMSUNG GALAXY A14|
219781|0|SAMSUNG GALAXY A14|
207854|3|207854_234034|
249950|3|249950_1786046|
207862|1|3|
249055|3|249055_1019864|
207866|2|0,50|
207874|3|207874_1[rn]207874_2|
207878|3|207878_234050|
17448|2|0,50|
225693|0|5905573060664|
229205|3|229205_340245|
249828|3||
";29.99;"T:\wygenrowane_do_EU\A\0\miniatura_t_1.jpg
T:\wygenrowane_do_EU\KOLEKCJA\mockup.png
T:\wygenrowane_do_EU\KOLEKCJA\mockup2.png
T:\wygenrowane_do_EU\A\0\1.jpg
T:\wygenrowane_do_EU\A\0\2.jpg
T:\wygenrowane_do_EU\A\0\3.jpg
T:\wygenrowane_do_EU\A\0\4.jpg
T:\wygenrowane_do_EU\A\0\5.jpg
T:\wygenrowane_do_EU\A\0\6.jpg
T:\wygenrowane_do_EU\A\0\miniatura1.jpg
";99;23;0;10532;1000;;;
13659;"Ceramiczne SZKŁO HARTOWANE NA SAMSUNG GALAXY A14 5G";;"GALAXY A14 5G";SAMSUNG;"11323|3|11323_1|
224017|0|Szkło hartowane na SAMSUNG GALAXY A14 5G|
219781|0|SAMSUNG GALAXY A14 5G|
207854|3|207854_234034|
249950|3|249950_1786046|
207862|1|3|
249055|3|249055_1019864|
207866|2|0,50|
207874|3|207874_1[rn]207874_2|
207878|3|207878_234050|
17448|2|0,50|
225693|0|5905573060664|
229205|3|229205_340245|
249828|3||
";29.99;"T:\wygenrowane_do_EU\A\0\miniatura_t_1.jpg
T:\wygenrowane_do_EU\KOLEKCJA\mockup.png
T:\wygenrowane_do_EU\KOLEKCJA\mockup2.png
T:\wygenrowane_do_EU\A\0\1.jpg
T:\wygenrowane_do_EU\A\0\2.jpg
T:\wygenrowane_do_EU\A\0\3.jpg
T:\wygenrowane_do_EU\A\0\4.jpg
T:\wygenrowane_do_EU\A\0\5.jpg
T:\wygenrowane_do_EU\A\0\6.jpg
T:\wygenrowane_do_EU\A\0\miniatura1.jpg
";99;23;0;10532;1000;;;
13659;"Ceramiczne SZKŁO HARTOWANE NA SAMSUNG GALAXY A32 5G";;"GALAXY A32 5G";SAMSUNG;"11323|3|11323_1|
224017|0|Szkło hartowane na SAMSUNG GALAXY A32 5G|
219781|0|SAMSUNG GALAXY A32 5G|
207854|3|207854_234034|
249950|3|249950_1786046|
207862|1|3|
249055|3|249055_1019864|
207866|2|0,50|
207874|3|207874_1[rn]207874_2|
207878|3|207878_234050|
17448|2|0,50|
225693|0|5905573060664|
229205|3|229205_340245|
249828|3||
";29.99;"T:\wygenrowane_do_EU\A\0\miniatura_t_1.jpg
T:\wygenrowane_do_EU\KOLEKCJA\mockup.png
T:\wygenrowane_do_EU\KOLEKCJA\mockup2.png
T:\wygenrowane_do_EU\A\0\1.jpg
T:\wygenrowane_do_EU\A\0\2.jpg
T:\wygenrowane_do_EU\A\0\3.jpg
T:\wygenrowane_do_EU\A\0\4.jpg
T:\wygenrowane_do_EU\A\0\5.jpg
T:\wygenrowane_do_EU\A\0\6.jpg
T:\wygenrowane_do_EU\A\0\miniatura1.jpg
";99;23;0;10532;1000;;;
13659;"Ceramiczne SZKŁO HARTOWANE NA SAMSUNG GALAXY M12";;"GALAXY M12";SAMSUNG;"11323|3|11323_1|
224017|0|Szkło hartowane na SAMSUNG GALAXY M12|
219781|0|SAMSUNG GALAXY M12|
207854|3|207854_234034|
249950|3|249950_1786046|
207862|1|3|
249055|3|249055_1019864|
207866|2|0,50|
207874|3|207874_1[rn]207874_2|
207878|3|207878_234050|
17448|2|0,50|
225693|0|5905573060664|
229205|3|229205_340245|
249828|3||
";29.99;"T:\wygenrowane_do_EU\A\0\miniatura_t_1.jpg
T:\wygenrowane_do_EU\KOLEKCJA\mockup.png
T:\wygenrowane_do_EU\KOLEKCJA\mockup2.png
T:\wygenrowane_do_EU\A\0\1.jpg
T:\wygenrowane_do_EU\A\0\2.jpg
T:\wygenrowane_do_EU\A\0\3.jpg
T:\wygenrowane_do_EU\A\0\4.jpg
T:\wygenrowane_do_EU\A\0\5.jpg
T:\wygenrowane_do_EU\A\0\6.jpg
T:\wygenrowane_do_EU\A\0\miniatura1.jpg
";99;23;0;10532;1000;;;
13659;"Ceramiczne SZKŁO HARTOWANE NA SAMSUNG GALAXY M32 5G";;"GALAXY M32 5G";SAMSUNG;"11323|3|11323_1|
224017|0|Szkło hartowane na SAMSUNG GALAXY M32 5G|
219781|0|SAMSUNG GALAXY M32 5G|
207854|3|207854_234034|
249950|3|249950_1786046|
207862|1|3|
249055|3|249055_1019864|
207866|2|0,50|
207874|3|207874_1[rn]207874_2|
207878|3|207878_234050|
17448|2|0,50|
225693|0|5905573060664|
229205|3|229205_340245|
249828|3||
";29.99;"T:\wygenrowane_do_EU\A\0\miniatura_t_1.jpg
T:\wygenrowane_do_EU\KOLEKCJA\mockup.png
T:\wygenrowane_do_EU\KOLEKCJA\mockup2.png
T:\wygenrowane_do_EU\A\0\1.jpg
T:\wygenrowane_do_EU\A\0\2.jpg
T:\wygenrowane_do_EU\A\0\3.jpg
T:\wygenrowane_do_EU\A\0\4.jpg
T:\wygenrowane_do_EU\A\0\5.jpg
T:\wygenrowane_do_EU\A\0\6.jpg
T:\wygenrowane_do_EU\A\0\miniatura1.jpg
";99;23;0;10532;1000;;;
13659;"Ceramiczne SZKŁO HARTOWANE NA SAMSUNG GALAXY M33";;"GALAXY M33";SAMSUNG;"11323|3|11323_1|
224017|0|Szkło hartowane na SAMSUNG GALAXY M33|
219781|0|SAMSUNG GALAXY M33|
207854|3|207854_234034|
249950|3|249950_1786046|
207862|1|3|
249055|3|249055_1019864|
207866|2|0,50|
207874|3|207874_1[rn]207874_2|
207878|3|207878_234050|
17448|2|0,50|
225693|0|5905573060664|
229205|3|229205_340245|
249828|3||
";29.99;"T:\wygenrowane_do_EU\A\0\miniatura_t_1.jpg
T:\wygenrowane_do_EU\KOLEKCJA\mockup.png
T:\wygenrowane_do_EU\KOLEKCJA\mockup2.png
T:\wygenrowane_do_EU\A\0\1.jpg
T:\wygenrowane_do_EU\A\0\2.jpg
T:\wygenrowane_do_EU\A\0\3.jpg
T:\wygenrowane_do_EU\A\0\4.jpg
T:\wygenrowane_do_EU\A\0\5.jpg
T:\wygenrowane_do_EU\A\0\6.jpg
T:\wygenrowane_do_EU\A\0\miniatura1.jpg
";99;23;0;10532;1000;;;
13659;"Ceramiczne SZKŁO HARTOWANE NA SAMSUNG GALAXY A13 4G";;"GALAXY A13 4G";SAMSUNG;"11323|3|11323_1|
224017|0|Szkło hartowane na SAMSUNG GALAXY A13 4G|
219781|0|SAMSUNG GALAXY A13 4G|
207854|3|207854_234034|
249950|3|249950_1786046|
207862|1|3|
249055|3|249055_1019864|
207866|2|0,50|
207874|3|207874_1[rn]207874_2|
207878|3|207878_234050|
17448|2|0,50|
225693|0|5905573060664|
229205|3|229205_340245|
249828|3||
";29.99;"T:\wygenrowane_do_EU\A\0\miniatura_t_1.jpg
T:\wygenrowane_do_EU\KOLEKCJA\mockup.png
T:\wygenrowane_do_EU\KOLEKCJA\mockup2.png
T:\wygenrowane_do_EU\A\0\1.jpg
T:\wygenrowane_do_EU\A\0\2.jpg
T:\wygenrowane_do_EU\A\0\3.jpg
T:\wygenrowane_do_EU\A\0\4.jpg
T:\wygenrowane_do_EU\A\0\5.jpg
T:\wygenrowane_do_EU\A\0\6.jpg
T:\wygenrowane_do_EU\A\0\miniatura1.jpg
";99;23;0;10532;1000;;;
13659;"Ceramiczne SZKŁO HARTOWANE NA XIAOMI REDMI 10";;"REDMI 10";XIAOMI;"11323|3|11323_1|
224017|0|Szkło hartowane na XIAOMI REDMI 10|
219781|0|XIAOMI REDMI 10|
207854|3|207854_234034|
249950|3|249950_1786046|
207862|1|3|
249055|3|249055_1019864|
207866|2|0,50|
207874|3|207874_1[rn]207874_2|
207878|3|207878_234050|
17448|2|0,50|
225693|0|5905573060664|
229205|3|229205_340245|
249828|3||
";29.99;"T:\wygenrowane_do_EU\A\0\miniatura_t_1.jpg
T:\wygenrowane_do_EU\KOLEKCJA\mockup.png
T:\wygenrowane_do_EU\KOLEKCJA\mockup2.png
T:\wygenrowane_do_EU\A\0\1.jpg
T:\wygenrowane_do_EU\A\0\2.jpg
T:\wygenrowane_do_EU\A\0\3.jpg
T:\wygenrowane_do_EU\A\0\4.jpg
T:\wygenrowane_do_EU\A\0\5.jpg
T:\wygenrowane_do_EU\A\0\6.jpg
T:\wygenrowane_do_EU\A\0\miniatura1.jpg
";99;23;0;10532;1000;;;
13660;"Ceramiczne SZKŁO HARTOWANE NA SAMSUNG GALAXY M52 5G";;"GALAXY M52 5G";SAMSUNG;"11323|3|11323_1|
224017|0|Szkło hartowane na SAMSUNG GALAXY M52 5G|
219781|0|SAMSUNG GALAXY M52 5G|
207854|3|207854_234034|
249950|3|249950_1786046|
207862|1|3|
249055|3|249055_1019864|
207866|2|0,50|
207874|3|207874_1[rn]207874_2|
207878|3|207878_234050|
17448|2|0,50|
225693|0|5905573060657|
229205|3|229205_340245|
249828|3||
";29.99;"T:\wygenrowane_do_EU\A\0\miniatura_t_1.jpg
T:\wygenrowane_do_EU\KOLEKCJA\mockup.png
T:\wygenrowane_do_EU\KOLEKCJA\mockup2.png
T:\wygenrowane_do_EU\A\0\1.jpg
T:\wygenrowane_do_EU\A\0\2.jpg
T:\wygenrowane_do_EU\A\0\3.jpg
T:\wygenrowane_do_EU\A\0\4.jpg
T:\wygenrowane_do_EU\A\0\5.jpg
T:\wygenrowane_do_EU\A\0\6.jpg
T:\wygenrowane_do_EU\A\0\miniatura1.jpg
";99;23;0;10532;1000;;;
13661;"Ceramiczne SZKŁO HARTOWANE NA APPLE iPhone 6 PLUS";;"iPhone 6 PLUS";APPLE;"11323|3|11323_1|
224017|0|Szkło hartowane na APPLE iPhone 6 PLUS|
219781|0|APPLE iPhone 6 PLUS|
207854|3|207854_234034|
249950|3|249950_1786046|
207862|1|3|
249055|3|249055_1019864|
207866|2|0,50|
207874|3|207874_1[rn]207874_2|
207878|3|207878_234050|
17448|2|0,50|
225693|0|5905573060640|
229205|3|229205_340245|
249828|3||
";29.99;"T:\wygenrowane_do_EU\A\0\miniatura_t_1.jpg
T:\wygenrowane_do_EU\KOLEKCJA\mockup.png
T:\wygenrowane_do_EU\KOLEKCJA\mockup2.png
T:\wygenrowane_do_EU\A\0\1.jpg
T:\wygenrowane_do_EU\A\0\2.jpg
T:\wygenrowane_do_EU\A\0\3.jpg
T:\wygenrowane_do_EU\A\0\4.jpg
T:\wygenrowane_do_EU\A\0\5.jpg
T:\wygenrowane_do_EU\A\0\6.jpg
T:\wygenrowane_do_EU\A\0\miniatura1.jpg
";99;23;0;10532;1000;;;
13661;"Ceramiczne SZKŁO HARTOWANE NA APPLE iPhone 6s PLUS";;"iPhone 6s PLUS";APPLE;"11323|3|11323_1|
224017|0|Szkło hartowane na APPLE iPhone 6s PLUS|
219781|0|APPLE iPhone 6s PLUS|
207854|3|207854_234034|
249950|3|249950_1786046|
207862|1|3|
249055|3|249055_1019864|
207866|2|0,50|
207874|3|207874_1[rn]207874_2|
207878|3|207878_234050|
17448|2|0,50|
225693|0|5905573060640|
229205|3|229205_340245|
249828|3||
";29.99;"T:\wygenrowane_do_EU\A\0\miniatura_t_1.jpg
T:\wygenrowane_do_EU\KOLEKCJA\mockup.png
T:\wygenrowane_do_EU\KOLEKCJA\mockup2.png
T:\wygenrowane_do_EU\A\0\1.jpg
T:\wygenrowane_do_EU\A\0\2.jpg
T:\wygenrowane_do_EU\A\0\3.jpg
T:\wygenrowane_do_EU\A\0\4.jpg
T:\wygenrowane_do_EU\A\0\5.jpg
T:\wygenrowane_do_EU\A\0\6.jpg
T:\wygenrowane_do_EU\A\0\miniatura1.jpg
";99;23;0;10532;1000;;;
13662;"Ceramiczne SZKŁO HARTOWANE NA APPLE iPhone 13 MINI";;"iPhone 13 MINI";APPLE;"11323|3|11323_1|
224017|0|Szkło hartowane na APPLE iPhone 13 MINI|
219781|0|APPLE iPhone 13 MINI|
207854|3|207854_234034|
249950|3|249950_1786046|
207862|1|3|
249055|3|249055_1019864|
207866|2|0,50|
207874|3|207874_1[rn]207874_2|
207878|3|207878_234050|
17448|2|0,50|
225693|0|5905573060633|
229205|3|229205_340245|
249828|3||
";29.99;"T:\wygenrowane_do_EU\A\0\miniatura_t_1.jpg
T:\wygenrowane_do_EU\KOLEKCJA\mockup.png
T:\wygenrowane_do_EU\KOLEKCJA\mockup2.png
T:\wygenrowane_do_EU\A\0\1.jpg
T:\wygenrowane_do_EU\A\0\2.jpg
T:\wygenrowane_do_EU\A\0\3.jpg
T:\wygenrowane_do_EU\A\0\4.jpg
T:\wygenrowane_do_EU\A\0\5.jpg
T:\wygenrowane_do_EU\A\0\6.jpg
T:\wygenrowane_do_EU\A\0\miniatura1.jpg
";99;23;0;10532;1000;;;
13663;"Ceramiczne SZKŁO HARTOWANE NA APPLE iPhone 12";;"iPhone 12";APPLE;"11323|3|11323_1|
224017|0|Szkło hartowane na APPLE iPhone 12|
219781|0|APPLE iPhone 12|
207854|3|207854_234034|
249950|3|249950_1786046|
207862|1|3|
249055|3|249055_1019864|
207866|2|0,50|
207874|3|207874_1[rn]207874_2|
207878|3|207878_234050|
17448|2|0,50|
225693|0|5905573060626|
229205|3|229205_340245|
249828|3||
";29.99;"T:\wygenrowane_do_EU\A\0\miniatura_t_1.jpg
T:\wygenrowane_do_EU\KOLEKCJA\mockup.png
T:\wygenrowane_do_EU\KOLEKCJA\mockup2.png
T:\wygenrowane_do_EU\A\0\1.jpg
T:\wygenrowane_do_EU\A\0\2.jpg
T:\wygenrowane_do_EU\A\0\3.jpg
T:\wygenrowane_do_EU\A\0\4.jpg
T:\wygenrowane_do_EU\A\0\5.jpg
T:\wygenrowane_do_EU\A\0\6.jpg
T:\wygenrowane_do_EU\A\0\miniatura1.jpg
";99;23;0;10532;1000;;;
13663;"Ceramiczne SZKŁO HARTOWANE NA APPLE iPhone 12 PRO";;"iPhone 12 PRO";APPLE;"11323|3|11323_1|
224017|0|Szkło hartowane na APPLE iPhone 12 PRO|
219781|0|APPLE iPhone 12 PRO|
207854|3|207854_234034|
249950|3|249950_1786046|
207862|1|3|
249055|3|249055_1019864|
207866|2|0,50|
207874|3|207874_1[rn]207874_2|
207878|3|207878_234050|
17448|2|0,50|
225693|0|5905573060626|
229205|3|229205_340245|
249828|3||
";29.99;"T:\wygenrowane_do_EU\A\0\miniatura_t_1.jpg
T:\wygenrowane_do_EU\KOLEKCJA\mockup.png
T:\wygenrowane_do_EU\KOLEKCJA\mockup2.png
T:\wygenrowane_do_EU\A\0\1.jpg
T:\wygenrowane_do_EU\A\0\2.jpg
T:\wygenrowane_do_EU\A\0\3.jpg
T:\wygenrowane_do_EU\A\0\4.jpg
T:\wygenrowane_do_EU\A\0\5.jpg
T:\wygenrowane_do_EU\A\0\6.jpg
T:\wygenrowane_do_EU\A\0\miniatura1.jpg
";99;23;0;10532;1000;;;
13664;"Ceramiczne SZKŁO HARTOWANE NA APPLE iPhone 13";;"iPhone 13";APPLE;"11323|3|11323_1|
224017|0|Szkło hartowane na APPLE iPhone 13|
219781|0|APPLE iPhone 13|
207854|3|207854_234034|
249950|3|249950_1786046|
207862|1|3|
249055|3|249055_1019864|
207866|2|0,50|
207874|3|207874_1[rn]207874_2|
207878|3|207878_234050|
17448|2|0,50|
225693|0|5905573060619|
229205|3|229205_340245|
249828|3||
";29.99;"T:\wygenrowane_do_EU\A\0\miniatura_t_1.jpg
T:\wygenrowane_do_EU\KOLEKCJA\mockup.png
T:\wygenrowane_do_EU\KOLEKCJA\mockup2.png
T:\wygenrowane_do_EU\A\0\1.jpg
T:\wygenrowane_do_EU\A\0\2.jpg
T:\wygenrowane_do_EU\A\0\3.jpg
T:\wygenrowane_do_EU\A\0\4.jpg
T:\wygenrowane_do_EU\A\0\5.jpg
T:\wygenrowane_do_EU\A\0\6.jpg
T:\wygenrowane_do_EU\A\0\miniatura1.jpg
";99;23;0;10532;1000;;;
13664;"Ceramiczne SZKŁO HARTOWANE NA APPLE iPhone 13 PRO";;"iPhone 13 PRO";APPLE;"11323|3|11323_1|
224017|0|Szkło hartowane na APPLE iPhone 13 PRO|
219781|0|APPLE iPhone 13 PRO|
207854|3|207854_234034|
249950|3|249950_1786046|
207862|1|3|
249055|3|249055_1019864|
207866|2|0,50|
207874|3|207874_1[rn]207874_2|
207878|3|207878_234050|
17448|2|0,50|
225693|0|5905573060619|
229205|3|229205_340245|
249828|3||
";29.99;"T:\wygenrowane_do_EU\A\0\miniatura_t_1.jpg
T:\wygenrowane_do_EU\KOLEKCJA\mockup.png
T:\wygenrowane_do_EU\KOLEKCJA\mockup2.png
T:\wygenrowane_do_EU\A\0\1.jpg
T:\wygenrowane_do_EU\A\0\2.jpg
T:\wygenrowane_do_EU\A\0\3.jpg
T:\wygenrowane_do_EU\A\0\4.jpg
T:\wygenrowane_do_EU\A\0\5.jpg
T:\wygenrowane_do_EU\A\0\6.jpg
T:\wygenrowane_do_EU\A\0\miniatura1.jpg
";99;23;0;10532;1000;;;
13664;"Ceramiczne SZKŁO HARTOWANE NA APPLE iPhone 14";;"iPhone 14";APPLE;"11323|3|11323_1|
224017|0|Szkło hartowane na APPLE iPhone 14|
219781|0|APPLE iPhone 14|
207854|3|207854_234034|
249950|3|249950_1786046|
207862|1|3|
249055|3|249055_1019864|
207866|2|0,50|
207874|3|207874_1[rn]207874_2|
207878|3|207878_234050|
17448|2|0,50|
225693|0|5905573060619|
229205|3|229205_340245|
249828|3||
";29.99;"T:\wygenrowane_do_EU\A\0\miniatura_t_1.jpg
T:\wygenrowane_do_EU\KOLEKCJA\mockup.png
T:\wygenrowane_do_EU\KOLEKCJA\mockup2.png
T:\wygenrowane_do_EU\A\0\1.jpg
T:\wygenrowane_do_EU\A\0\2.jpg
T:\wygenrowane_do_EU\A\0\3.jpg
T:\wygenrowane_do_EU\A\0\4.jpg
T:\wygenrowane_do_EU\A\0\5.jpg
T:\wygenrowane_do_EU\A\0\6.jpg
T:\wygenrowane_do_EU\A\0\miniatura1.jpg
";99;23;0;10532;1000;;;
13664;"Ceramiczne SZKŁO HARTOWANE NA APPLE Iphone 16e";;"Iphone 16e";APPLE;"249828|3||
";29.99;"T:\wygenrowane_do_EU\A\0\miniatura_t_1.jpg
T:\wygenrowane_do_EU\KOLEKCJA\mockup.png
T:\wygenrowane_do_EU\KOLEKCJA\mockup2.png
T:\wygenrowane_do_EU\A\0\1.jpg
T:\wygenrowane_do_EU\A\0\2.jpg
T:\wygenrowane_do_EU\A\0\3.jpg
T:\wygenrowane_do_EU\A\0\4.jpg
T:\wygenrowane_do_EU\A\0\5.jpg
T:\wygenrowane_do_EU\A\0\6.jpg
T:\wygenrowane_do_EU\A\0\miniatura1.jpg
";99;23;0;10532;1000;;;
13666;"Ceramiczne SZKŁO HARTOWANE NA APPLE iPhone XR";;"iPhone XR";APPLE;"11323|3|11323_1|
224017|0|Szkło hartowane na APPLE iPhone XR|
219781|0|APPLE iPhone XR|
207854|3|207854_234034|
249950|3|249950_1786046|
207862|1|3|
249055|3|249055_1019864|
207866|2|0,50|
207874|3|207874_1[rn]207874_2|
207878|3|207878_234050|
17448|2|0,50|
225693|0|5905573060602|
229205|3|229205_340245|
249828|3||
";29.99;"T:\wygenrowane_do_EU\A\0\miniatura_t_1.jpg
T:\wygenrowane_do_EU\KOLEKCJA\mockup.png
T:\wygenrowane_do_EU\KOLEKCJA\mockup2.png
T:\wygenrowane_do_EU\A\0\1.jpg
T:\wygenrowane_do_EU\A\0\2.jpg
T:\wygenrowane_do_EU\A\0\3.jpg
T:\wygenrowane_do_EU\A\0\4.jpg
T:\wygenrowane_do_EU\A\0\5.jpg
T:\wygenrowane_do_EU\A\0\6.jpg
T:\wygenrowane_do_EU\A\0\miniatura1.jpg
";99;23;0;10532;1000;;;
13666;"Ceramiczne SZKŁO HARTOWANE NA APPLE iPhone 11";;"iPhone 11";APPLE;"11323|3|11323_1|
224017|0|Szkło hartowane na APPLE iPhone 11|
219781|0|APPLE iPhone 11|
207854|3|207854_234034|
249950|3|249950_1786046|
207862|1|3|
249055|3|249055_1019864|
207866|2|0,50|
207874|3|207874_1[rn]207874_2|
207878|3|207878_234050|
17448|2|0,50|
225693|0|5905573060602|
229205|3|229205_340245|
249828|3||
";29.99;"T:\wygenrowane_do_EU\A\0\miniatura_t_1.jpg
T:\wygenrowane_do_EU\KOLEKCJA\mockup.png
T:\wygenrowane_do_EU\KOLEKCJA\mockup2.png
T:\wygenrowane_do_EU\A\0\1.jpg
T:\wygenrowane_do_EU\A\0\2.jpg
T:\wygenrowane_do_EU\A\0\3.jpg
T:\wygenrowane_do_EU\A\0\4.jpg
T:\wygenrowane_do_EU\A\0\5.jpg
T:\wygenrowane_do_EU\A\0\6.jpg
T:\wygenrowane_do_EU\A\0\miniatura1.jpg
";99;23;0;10532;1000;;;
13667;"Ceramiczne SZKŁO HARTOWANE NA APPLE iPhone XS MAX";;"iPhone XS MAX";APPLE;"11323|3|11323_1|
224017|0|Szkło hartowane na APPLE iPhone XS MAX|
219781|0|APPLE iPhone XS MAX|
207854|3|207854_234034|
249950|3|249950_1786046|
207862|1|3|
249055|3|249055_1019864|
207866|2|0,50|
207874|3|207874_1[rn]207874_2|
207878|3|207878_234050|
17448|2|0,50|
225693|0|5905573060596|
229205|3|229205_340245|
249828|3||
";29.99;"T:\wygenrowane_do_EU\A\0\miniatura_t_1.jpg
T:\wygenrowane_do_EU\KOLEKCJA\mockup.png
T:\wygenrowane_do_EU\KOLEKCJA\mockup2.png
T:\wygenrowane_do_EU\A\0\1.jpg
T:\wygenrowane_do_EU\A\0\2.jpg
T:\wygenrowane_do_EU\A\0\3.jpg
T:\wygenrowane_do_EU\A\0\4.jpg
T:\wygenrowane_do_EU\A\0\5.jpg
T:\wygenrowane_do_EU\A\0\6.jpg
T:\wygenrowane_do_EU\A\0\miniatura1.jpg
";99;23;0;10532;1000;;;
13667;"Ceramiczne SZKŁO HARTOWANE NA APPLE iPhone 11 PRO MAX";;"iPhone 11 PRO MAX";APPLE;"11323|3|11323_1|
224017|0|Szkło hartowane na APPLE iPhone 11 PRO MAX|
219781|0|APPLE iPhone 11 PRO MAX|
207854|3|207854_234034|
249950|3|249950_1786046|
207862|1|3|
249055|3|249055_1019864|
207866|2|0,50|
207874|3|207874_1[rn]207874_2|
207878|3|207878_234050|
17448|2|0,50|
225693|0|5905573060596|
229205|3|229205_340245|
249828|3||
";29.99;"T:\wygenrowane_do_EU\A\0\miniatura_t_1.jpg
T:\wygenrowane_do_EU\KOLEKCJA\mockup.png
T:\wygenrowane_do_EU\KOLEKCJA\mockup2.png
T:\wygenrowane_do_EU\A\0\1.jpg
T:\wygenrowane_do_EU\A\0\2.jpg
T:\wygenrowane_do_EU\A\0\3.jpg
T:\wygenrowane_do_EU\A\0\4.jpg
T:\wygenrowane_do_EU\A\0\5.jpg
T:\wygenrowane_do_EU\A\0\6.jpg
T:\wygenrowane_do_EU\A\0\miniatura1.jpg
";99;23;0;10532;1000;;;
13668;"Ceramiczne SZKŁO HARTOWANE NA APPLE iPhone 11 PRO";;"iPhone 11 PRO";APPLE;"11323|3|11323_1|
224017|0|Szkło hartowane na APPLE iPhone 11 PRO|
219781|0|APPLE iPhone 11 PRO|
207854|3|207854_234034|
249950|3|249950_1786046|
207862|1|3|
249055|3|249055_1019864|
207866|2|0,50|
207874|3|207874_1[rn]207874_2|
207878|3|207878_234050|
17448|2|0,50|
225693|0|5905573060589|
229205|3|229205_340245|
249828|3||
";29.99;"T:\wygenrowane_do_EU\A\0\miniatura_t_1.jpg
T:\wygenrowane_do_EU\KOLEKCJA\mockup.png
T:\wygenrowane_do_EU\KOLEKCJA\mockup2.png
T:\wygenrowane_do_EU\A\0\1.jpg
T:\wygenrowane_do_EU\A\0\2.jpg
T:\wygenrowane_do_EU\A\0\3.jpg
T:\wygenrowane_do_EU\A\0\4.jpg
T:\wygenrowane_do_EU\A\0\5.jpg
T:\wygenrowane_do_EU\A\0\6.jpg
T:\wygenrowane_do_EU\A\0\miniatura1.jpg
";99;23;0;10532;1000;;;
13668;"Ceramiczne SZKŁO HARTOWANE NA APPLE iPhone X";;"iPhone X";APPLE;"11323|3|11323_1|
224017|0|Szkło hartowane na APPLE iPhone X|
219781|0|APPLE iPhone X|
207854|3|207854_234034|
249950|3|249950_1786046|
207862|1|3|
249055|3|249055_1019864|
207866|2|0,50|
207874|3|207874_1[rn]207874_2|
207878|3|207878_234050|
17448|2|0,50|
225693|0|5905573060589|
229205|3|229205_340245|
249828|3||
";29.99;"T:\wygenrowane_do_EU\A\0\miniatura_t_1.jpg
T:\wygenrowane_do_EU\KOLEKCJA\mockup.png
T:\wygenrowane_do_EU\KOLEKCJA\mockup2.png
T:\wygenrowane_do_EU\A\0\1.jpg
T:\wygenrowane_do_EU\A\0\2.jpg
T:\wygenrowane_do_EU\A\0\3.jpg
T:\wygenrowane_do_EU\A\0\4.jpg
T:\wygenrowane_do_EU\A\0\5.jpg
T:\wygenrowane_do_EU\A\0\6.jpg
T:\wygenrowane_do_EU\A\0\miniatura1.jpg
";99;23;0;10532;1000;;;
13668;"Ceramiczne SZKŁO HARTOWANE NA APPLE iPhone XS";;"iPhone XS";APPLE;"11323|3|11323_1|
224017|0|Szkło hartowane na APPLE iPhone XS|
219781|0|APPLE iPhone XS|
207854|3|207854_234034|
249950|3|249950_1786046|
207862|1|3|
249055|3|249055_1019864|
207866|2|0,50|
207874|3|207874_1[rn]207874_2|
207878|3|207878_234050|
17448|2|0,50|
225693|0|5905573060589|
229205|3|229205_340245|
249828|3||
";29.99;"T:\wygenrowane_do_EU\A\0\miniatura_t_1.jpg
T:\wygenrowane_do_EU\KOLEKCJA\mockup.png
T:\wygenrowane_do_EU\KOLEKCJA\mockup2.png
T:\wygenrowane_do_EU\A\0\1.jpg
T:\wygenrowane_do_EU\A\0\2.jpg
T:\wygenrowane_do_EU\A\0\3.jpg
T:\wygenrowane_do_EU\A\0\4.jpg
T:\wygenrowane_do_EU\A\0\5.jpg
T:\wygenrowane_do_EU\A\0\6.jpg
T:\wygenrowane_do_EU\A\0\miniatura1.jpg
";99;23;0;10532;1000;;;
13669;"Ceramiczne SZKŁO HARTOWANE NA OPPO RENO 7 4G";;"RENO 7 4G";OPPO;"11323|3|11323_1|
224017|0|Szkło hartowane na OPPO RENO 7 4G|
219781|0|OPPO RENO 7 4G|
207854|3|207854_234034|
249950|3|249950_1786046|
207862|1|3|
249055|3|249055_1019864|
207866|2|0,50|
207874|3|207874_1[rn]207874_2|
207878|3|207878_234050|
17448|2|0,50|
225693|0|5905573060572|
229205|3|229205_340245|
249828|3||
";29.99;"T:\wygenrowane_do_EU\A\0\miniatura_t_1.jpg
T:\wygenrowane_do_EU\KOLEKCJA\mockup.png
T:\wygenrowane_do_EU\KOLEKCJA\mockup2.png
T:\wygenrowane_do_EU\A\0\1.jpg
T:\wygenrowane_do_EU\A\0\2.jpg
T:\wygenrowane_do_EU\A\0\3.jpg
T:\wygenrowane_do_EU\A\0\4.jpg
T:\wygenrowane_do_EU\A\0\5.jpg
T:\wygenrowane_do_EU\A\0\6.jpg
T:\wygenrowane_do_EU\A\0\miniatura1.jpg
";99;23;0;10532;1000;;;
13669;"Ceramiczne SZKŁO HARTOWANE NA OPPO RENO 8 4G";;"RENO 8 4G";OPPO;"11323|3|11323_1|
224017|0|Szkło hartowane na OPPO RENO 8 4G|
219781|0|OPPO RENO 8 4G|
207854|3|207854_234034|
249950|3|249950_1786046|
207862|1|3|
249055|3|249055_1019864|
207866|2|0,50|
207874|3|207874_1[rn]207874_2|
207878|3|207878_234050|
17448|2|0,50|
225693|0|5905573060572|
229205|3|229205_340245|
249828|3||
";29.99;"T:\wygenrowane_do_EU\A\0\miniatura_t_1.jpg
T:\wygenrowane_do_EU\KOLEKCJA\mockup.png
T:\wygenrowane_do_EU\KOLEKCJA\mockup2.png
T:\wygenrowane_do_EU\A\0\1.jpg
T:\wygenrowane_do_EU\A\0\2.jpg
T:\wygenrowane_do_EU\A\0\3.jpg
T:\wygenrowane_do_EU\A\0\4.jpg
T:\wygenrowane_do_EU\A\0\5.jpg
T:\wygenrowane_do_EU\A\0\6.jpg
T:\wygenrowane_do_EU\A\0\miniatura1.jpg
";99;23;0;10532;1000;;;
13669;"Ceramiczne SZKŁO HARTOWANE NA OPPO RENO 8Z";;"RENO 8Z";OPPO;"11323|3|11323_1|
224017|0|Szkło hartowane na OPPO RENO 8Z|
219781|0|OPPO RENO 8Z|
207854|3|207854_234034|
249950|3|249950_1786046|
207862|1|3|
249055|3|249055_1019864|
207866|2|0,50|
207874|3|207874_1[rn]207874_2|
207878|3|207878_234050|
17448|2|0,50|
225693|0|5905573060572|
229205|3|229205_340245|
249828|3||
";29.99;"T:\wygenrowane_do_EU\A\0\miniatura_t_1.jpg
T:\wygenrowane_do_EU\KOLEKCJA\mockup.png
T:\wygenrowane_do_EU\KOLEKCJA\mockup2.png
T:\wygenrowane_do_EU\A\0\1.jpg
T:\wygenrowane_do_EU\A\0\2.jpg
T:\wygenrowane_do_EU\A\0\3.jpg
T:\wygenrowane_do_EU\A\0\4.jpg
T:\wygenrowane_do_EU\A\0\5.jpg
T:\wygenrowane_do_EU\A\0\6.jpg
T:\wygenrowane_do_EU\A\0\miniatura1.jpg
";99;23;0;10532;1000;;;
13669;"Ceramiczne SZKŁO HARTOWANE NA OPPO RENO 8 LITE";;"RENO 8 LITE";OPPO;"11323|3|11323_1|
224017|0|Szkło hartowane na OPPO RENO 8 LITE|
219781|0|OPPO RENO 8 LITE|
207854|3|207854_234034|
249950|3|249950_1786046|
207862|1|3|
249055|3|249055_1019864|
207866|2|0,50|
207874|3|207874_1[rn]207874_2|
207878|3|207878_234050|
17448|2|0,50|
225693|0|5905573060572|
229205|3|229205_340245|
249828|3||
";29.99;"T:\wygenrowane_do_EU\A\0\miniatura_t_1.jpg
T:\wygenrowane_do_EU\KOLEKCJA\mockup.png
T:\wygenrowane_do_EU\KOLEKCJA\mockup2.png
T:\wygenrowane_do_EU\A\0\1.jpg
T:\wygenrowane_do_EU\A\0\2.jpg
T:\wygenrowane_do_EU\A\0\3.jpg
T:\wygenrowane_do_EU\A\0\4.jpg
T:\wygenrowane_do_EU\A\0\5.jpg
T:\wygenrowane_do_EU\A\0\6.jpg
T:\wygenrowane_do_EU\A\0\miniatura1.jpg
";99;23;0;10532;1000;;;
13669;"Ceramiczne SZKŁO HARTOWANE NA OPPO RENO 8T";;"RENO 8T";OPPO;"11323|3|11323_1|
224017|0|Szkło hartowane na OPPO RENO 8T|
219781|0|OPPO RENO 8T|
207854|3|207854_234034|
249950|3|249950_1786046|
207862|1|3|
249055|3|249055_1019864|
207866|2|0,50|
207874|3|207874_1[rn]207874_2|
207878|3|207878_234050|
17448|2|0,50|
225693|0|5905573060572|
229205|3|229205_340245|
249828|3||
";29.99;"T:\wygenrowane_do_EU\A\0\miniatura_t_1.jpg
T:\wygenrowane_do_EU\KOLEKCJA\mockup.png
T:\wygenrowane_do_EU\KOLEKCJA\mockup2.png
T:\wygenrowane_do_EU\A\0\1.jpg
T:\wygenrowane_do_EU\A\0\2.jpg
T:\wygenrowane_do_EU\A\0\3.jpg
T:\wygenrowane_do_EU\A\0\4.jpg
T:\wygenrowane_do_EU\A\0\5.jpg
T:\wygenrowane_do_EU\A\0\6.jpg
T:\wygenrowane_do_EU\A\0\miniatura1.jpg
";99;23;0;10532;1000;;;
13670;"Ceramiczne SZKŁO HARTOWANE NA XIAOMI REDMI NOTE 7";;"REDMI NOTE 7";XIAOMI;"11323|3|11323_1|
224017|0|Szkło hartowane na XIAOMI REDMI NOTE 7|
219781|0|XIAOMI REDMI NOTE 7|
207854|3|207854_234034|
249950|3|249950_1786046|
207862|1|3|
249055|3|249055_1019864|
207866|2|0,50|
207874|3|207874_1[rn]207874_2|
207878|3|207878_234050|
17448|2|0,50|
225693|0|5905573060565|
229205|3|229205_340245|
249828|3||
";29.99;"T:\wygenrowane_do_EU\A\0\miniatura_t_1.jpg
T:\wygenrowane_do_EU\KOLEKCJA\mockup.png
T:\wygenrowane_do_EU\KOLEKCJA\mockup2.png
T:\wygenrowane_do_EU\A\0\1.jpg
T:\wygenrowane_do_EU\A\0\2.jpg
T:\wygenrowane_do_EU\A\0\3.jpg
T:\wygenrowane_do_EU\A\0\4.jpg
T:\wygenrowane_do_EU\A\0\5.jpg
T:\wygenrowane_do_EU\A\0\6.jpg
T:\wygenrowane_do_EU\A\0\miniatura1.jpg
";99;23;0;10532;1000;;;
13671;"Ceramiczne SZKŁO HARTOWANE NA REALME 8I";;8I;REALME;"11323|3|11323_1|
224017|0|Szkło hartowane na REALME 8I|
219781|0|REALME 8I|
207854|3|207854_234034|
249950|3|249950_1786046|
207862|1|3|
249055|3|249055_1019864|
207866|2|0,50|
207874|3|207874_1[rn]207874_2|
207878|3|207878_234050|
17448|2|0,50|
225693|0|5905573060558|
229205|3|229205_340245|
249828|3||
";29.99;"T:\wygenrowane_do_EU\A\0\miniatura_t_1.jpg
T:\wygenrowane_do_EU\KOLEKCJA\mockup.png
T:\wygenrowane_do_EU\KOLEKCJA\mockup2.png
T:\wygenrowane_do_EU\A\0\1.jpg
T:\wygenrowane_do_EU\A\0\2.jpg
T:\wygenrowane_do_EU\A\0\3.jpg
T:\wygenrowane_do_EU\A\0\4.jpg
T:\wygenrowane_do_EU\A\0\5.jpg
T:\wygenrowane_do_EU\A\0\6.jpg
T:\wygenrowane_do_EU\A\0\miniatura1.jpg
";99;23;0;10532;1000;;;
13671;"Ceramiczne SZKŁO HARTOWANE NA REALME 9I";;9I;REALME;"11323|3|11323_1|
224017|0|Szkło hartowane na REALME 9I|
219781|0|REALME 9I|
207854|3|207854_234034|
249950|3|249950_1786046|
207862|1|3|
249055|3|249055_1019864|
207866|2|0,50|
207874|3|207874_1[rn]207874_2|
207878|3|207878_234050|
17448|2|0,50|
225693|0|5905573060558|
229205|3|229205_340245|
249828|3||
";29.99;"T:\wygenrowane_do_EU\A\0\miniatura_t_1.jpg
T:\wygenrowane_do_EU\KOLEKCJA\mockup.png
T:\wygenrowane_do_EU\KOLEKCJA\mockup2.png
T:\wygenrowane_do_EU\A\0\1.jpg
T:\wygenrowane_do_EU\A\0\2.jpg
T:\wygenrowane_do_EU\A\0\3.jpg
T:\wygenrowane_do_EU\A\0\4.jpg
T:\wygenrowane_do_EU\A\0\5.jpg
T:\wygenrowane_do_EU\A\0\6.jpg
T:\wygenrowane_do_EU\A\0\miniatura1.jpg
";99;23;0;10532;1000;;;
13671;"Ceramiczne SZKŁO HARTOWANE NA OPPO A96";;A96;OPPO;"11323|3|11323_1|
224017|0|Szkło hartowane na OPPO A96|
219781|0|OPPO A96|
207854|3|207854_234034|
249950|3|249950_1786046|
207862|1|3|
249055|3|249055_1019864|
207866|2|0,50|
207874|3|207874_1[rn]207874_2|
207878|3|207878_234050|
17448|2|0,50|
225693|0|5905573060558|
229205|3|229205_340245|
249828|3||
";29.99;"T:\wygenrowane_do_EU\A\0\miniatura_t_1.jpg
T:\wygenrowane_do_EU\KOLEKCJA\mockup.png
T:\wygenrowane_do_EU\KOLEKCJA\mockup2.png
T:\wygenrowane_do_EU\A\0\1.jpg
T:\wygenrowane_do_EU\A\0\2.jpg
T:\wygenrowane_do_EU\A\0\3.jpg
T:\wygenrowane_do_EU\A\0\4.jpg
T:\wygenrowane_do_EU\A\0\5.jpg
T:\wygenrowane_do_EU\A\0\6.jpg
T:\wygenrowane_do_EU\A\0\miniatura1.jpg
";99;23;0;10532;1000;;;
13672;"Ceramiczne SZKŁO HARTOWANE NA REALME 9 PRO PLUS";;"9 PRO PLUS";REALME;"11323|3|11323_1|
224017|0|Szkło hartowane na REALME 9 PRO PLUS|
219781|0|REALME 9 PRO PLUS|
207854|3|207854_234034|
249950|3|249950_1786046|
207862|1|3|
249055|3|249055_1019864|
207866|2|0,50|
207874|3|207874_1[rn]207874_2|
207878|3|207878_234050|
17448|2|0,50|
225693|0|5905573060541|
229205|3|229205_340245|
249828|3||
";29.99;"T:\wygenrowane_do_EU\A\0\miniatura_t_1.jpg
T:\wygenrowane_do_EU\KOLEKCJA\mockup.png
T:\wygenrowane_do_EU\KOLEKCJA\mockup2.png
T:\wygenrowane_do_EU\A\0\1.jpg
T:\wygenrowane_do_EU\A\0\2.jpg
T:\wygenrowane_do_EU\A\0\3.jpg
T:\wygenrowane_do_EU\A\0\4.jpg
T:\wygenrowane_do_EU\A\0\5.jpg
T:\wygenrowane_do_EU\A\0\6.jpg
T:\wygenrowane_do_EU\A\0\miniatura1.jpg
";99;23;0;10532;1000;;;
13672;"Ceramiczne SZKŁO HARTOWANE NA REALME 9 4G";;"9 4G";REALME;"11323|3|11323_1|
224017|0|Szkło hartowane na REALME 9 4G|
219781|0|REALME 9 4G|
207854|3|207854_234034|
249950|3|249950_1786046|
207862|1|3|
249055|3|249055_1019864|
207866|2|0,50|
207874|3|207874_1[rn]207874_2|
207878|3|207878_234050|
17448|2|0,50|
225693|0|5905573060541|
229205|3|229205_340245|
249828|3||
";29.99;"T:\wygenrowane_do_EU\A\0\miniatura_t_1.jpg
T:\wygenrowane_do_EU\KOLEKCJA\mockup.png
T:\wygenrowane_do_EU\KOLEKCJA\mockup2.png
T:\wygenrowane_do_EU\A\0\1.jpg
T:\wygenrowane_do_EU\A\0\2.jpg
T:\wygenrowane_do_EU\A\0\3.jpg
T:\wygenrowane_do_EU\A\0\4.jpg
T:\wygenrowane_do_EU\A\0\5.jpg
T:\wygenrowane_do_EU\A\0\6.jpg
T:\wygenrowane_do_EU\A\0\miniatura1.jpg
";99;23;0;10532;1000;;;
13674;"Ceramiczne SZKŁO HARTOWANE NA XIAOMI 12T";;12T;XIAOMI;"11323|3|11323_1|
224017|0|Szkło hartowane na XIAOMI 12T|
219781|0|XIAOMI 12T|
207854|3|207854_234034|
249950|3|249950_1786046|
207862|1|3|
249055|3|249055_1019864|
207866|2|0,50|
207874|3|207874_1[rn]207874_2|
207878|3|207878_234050|
17448|2|0,50|
225693|0|5905573060534|
229205|3|229205_340245|
249828|3||
";29.99;"T:\wygenrowane_do_EU\A\0\miniatura_t_1.jpg
T:\wygenrowane_do_EU\KOLEKCJA\mockup.png
T:\wygenrowane_do_EU\KOLEKCJA\mockup2.png
T:\wygenrowane_do_EU\A\0\1.jpg
T:\wygenrowane_do_EU\A\0\2.jpg
T:\wygenrowane_do_EU\A\0\3.jpg
T:\wygenrowane_do_EU\A\0\4.jpg
T:\wygenrowane_do_EU\A\0\5.jpg
T:\wygenrowane_do_EU\A\0\6.jpg
T:\wygenrowane_do_EU\A\0\miniatura1.jpg
";99;23;0;10532;1000;;;
13674;"Ceramiczne SZKŁO HARTOWANE NA XIAOMI 12T PRO";;"12T PRO";XIAOMI;"11323|3|11323_1|
224017|0|Szkło hartowane na XIAOMI 12T PRO|
219781|0|XIAOMI 12T PRO|
207854|3|207854_234034|
249950|3|249950_1786046|
207862|1|3|
249055|3|249055_1019864|
207866|2|0,50|
207874|3|207874_1[rn]207874_2|
207878|3|207878_234050|
17448|2|0,50|
225693|0|5905573060534|
229205|3|229205_340245|
249828|3||
";29.99;"T:\wygenrowane_do_EU\A\0\miniatura_t_1.jpg
T:\wygenrowane_do_EU\KOLEKCJA\mockup.png
T:\wygenrowane_do_EU\KOLEKCJA\mockup2.png
T:\wygenrowane_do_EU\A\0\1.jpg
T:\wygenrowane_do_EU\A\0\2.jpg
T:\wygenrowane_do_EU\A\0\3.jpg
T:\wygenrowane_do_EU\A\0\4.jpg
T:\wygenrowane_do_EU\A\0\5.jpg
T:\wygenrowane_do_EU\A\0\6.jpg
T:\wygenrowane_do_EU\A\0\miniatura1.jpg
";99;23;0;10532;1000;;;
13674;"Ceramiczne SZKŁO HARTOWANE NA XIAOMI REDMI NOTE 12 PRO";;"REDMI NOTE 12 PRO";XIAOMI;"11323|3|11323_1|
224017|0|Szkło hartowane na XIAOMI REDMI NOTE 12 PRO|
219781|0|XIAOMI REDMI NOTE 12 PRO|
207854|3|207854_234034|
249950|3|249950_1786046|
207862|1|3|
249055|3|249055_1019864|
207866|2|0,50|
207874|3|207874_1[rn]207874_2|
207878|3|207878_234050|
17448|2|0,50|
225693|0|5905573060534|
229205|3|229205_340245|
249828|3||
";29.99;"T:\wygenrowane_do_EU\A\0\miniatura_t_1.jpg
T:\wygenrowane_do_EU\KOLEKCJA\mockup.png
T:\wygenrowane_do_EU\KOLEKCJA\mockup2.png
T:\wygenrowane_do_EU\A\0\1.jpg
T:\wygenrowane_do_EU\A\0\2.jpg
T:\wygenrowane_do_EU\A\0\3.jpg
T:\wygenrowane_do_EU\A\0\4.jpg
T:\wygenrowane_do_EU\A\0\5.jpg
T:\wygenrowane_do_EU\A\0\6.jpg
T:\wygenrowane_do_EU\A\0\miniatura1.jpg
";99;23;0;10532;1000;;;
13674;"Ceramiczne SZKŁO HARTOWANE NA XIAOMI POCO X5 PRO";;"POCO X5 PRO";XIAOMI;"11323|3|11323_1|
224017|0|Szkło hartowane na XIAOMI POCO X5 PRO|
219781|0|XIAOMI POCO X5 PRO|
207854|3|207854_234034|
249950|3|249950_1786046|
207862|1|3|
249055|3|249055_1019864|
207866|2|0,50|
207874|3|207874_1[rn]207874_2|
207878|3|207878_234050|
17448|2|0,50|
225693|0|5905573060534|
229205|3|229205_340245|
249828|3||
";29.99;"T:\wygenrowane_do_EU\A\0\miniatura_t_1.jpg
T:\wygenrowane_do_EU\KOLEKCJA\mockup.png
T:\wygenrowane_do_EU\KOLEKCJA\mockup2.png
T:\wygenrowane_do_EU\A\0\1.jpg
T:\wygenrowane_do_EU\A\0\2.jpg
T:\wygenrowane_do_EU\A\0\3.jpg
T:\wygenrowane_do_EU\A\0\4.jpg
T:\wygenrowane_do_EU\A\0\5.jpg
T:\wygenrowane_do_EU\A\0\6.jpg
T:\wygenrowane_do_EU\A\0\miniatura1.jpg
";99;23;0;10532;1000;;;
13675;"Ceramiczne SZKŁO HARTOWANE NA XIAOMI REDMI NOTE 11 PRO";;"REDMI NOTE 11 PRO";XIAOMI;"11323|3|11323_1|
224017|0|Szkło hartowane na XIAOMI REDMI NOTE 11 PRO|
219781|0|XIAOMI REDMI NOTE 11 PRO|
207854|3|207854_234034|
249950|3|249950_1786046|
207862|1|3|
249055|3|249055_1019864|
207866|2|0,50|
207874|3|207874_1[rn]207874_2|
207878|3|207878_234050|
17448|2|0,50|
225693|0|5905573060527|
229205|3|229205_340245|
249828|3||
";29.99;"T:\wygenrowane_do_EU\A\0\miniatura_t_1.jpg
T:\wygenrowane_do_EU\KOLEKCJA\mockup.png
T:\wygenrowane_do_EU\KOLEKCJA\mockup2.png
T:\wygenrowane_do_EU\A\0\1.jpg
T:\wygenrowane_do_EU\A\0\2.jpg
T:\wygenrowane_do_EU\A\0\3.jpg
T:\wygenrowane_do_EU\A\0\4.jpg
T:\wygenrowane_do_EU\A\0\5.jpg
T:\wygenrowane_do_EU\A\0\6.jpg
T:\wygenrowane_do_EU\A\0\miniatura1.jpg
";99;23;0;10532;1000;;;
13675;"Ceramiczne SZKŁO HARTOWANE NA XIAOMI REDMI NOTE 11 PRO 5G";;"REDMI NOTE 11 PRO 5G";XIAOMI;"11323|3|11323_1|
224017|0|Szkło hartowane na XIAOMI REDMI NOTE 11 PRO 5G|
219781|0|XIAOMI REDMI NOTE 11 PRO 5G|
207854|3|207854_234034|
249950|3|249950_1786046|
207862|1|3|
249055|3|249055_1019864|
207866|2|0,50|
207874|3|207874_1[rn]207874_2|
207878|3|207878_234050|
17448|2|0,50|
225693|0|5905573060527|
229205|3|229205_340245|
249828|3||
";29.99;"T:\wygenrowane_do_EU\A\0\miniatura_t_1.jpg
T:\wygenrowane_do_EU\KOLEKCJA\mockup.png
T:\wygenrowane_do_EU\KOLEKCJA\mockup2.png
T:\wygenrowane_do_EU\A\0\1.jpg
T:\wygenrowane_do_EU\A\0\2.jpg
T:\wygenrowane_do_EU\A\0\3.jpg
T:\wygenrowane_do_EU\A\0\4.jpg
T:\wygenrowane_do_EU\A\0\5.jpg
T:\wygenrowane_do_EU\A\0\6.jpg
T:\wygenrowane_do_EU\A\0\miniatura1.jpg
";99;23;0;10532;1000;;;
13676;"Ceramiczne SZKŁO HARTOWANE NA XIAOMI REDMI 10";;"REDMI 10";XIAOMI;"11323|3|11323_1|
224017|0|Szkło hartowane na XIAOMI REDMI 10|
219781|0|XIAOMI REDMI 10|
207854|3|207854_234034|
249950|3|249950_1786046|
207862|1|3|
249055|3|249055_1019864|
207866|2|0,50|
207874|3|207874_1[rn]207874_2|
207878|3|207878_234050|
17448|2|0,50|
225693|0|5905573060510|
229205|3|229205_340245|
249828|3||
";29.99;"T:\wygenrowane_do_EU\A\0\miniatura_t_1.jpg
T:\wygenrowane_do_EU\KOLEKCJA\mockup.png
T:\wygenrowane_do_EU\KOLEKCJA\mockup2.png
T:\wygenrowane_do_EU\A\0\1.jpg
T:\wygenrowane_do_EU\A\0\2.jpg
T:\wygenrowane_do_EU\A\0\3.jpg
T:\wygenrowane_do_EU\A\0\4.jpg
T:\wygenrowane_do_EU\A\0\5.jpg
T:\wygenrowane_do_EU\A\0\6.jpg
T:\wygenrowane_do_EU\A\0\miniatura1.jpg
";99;23;0;10532;1000;;;
13676;"Ceramiczne SZKŁO HARTOWANE NA XIAOMI REDMI NOTE 11 4G";;"REDMI NOTE 11 4G";XIAOMI;"11323|3|11323_1|
224017|0|Szkło hartowane na XIAOMI REDMI NOTE 11 4G|
219781|0|XIAOMI REDMI NOTE 11 4G|
207854|3|207854_234034|
249950|3|249950_1786046|
207862|1|3|
249055|3|249055_1019864|
207866|2|0,50|
207874|3|207874_1[rn]207874_2|
207878|3|207878_234050|
17448|2|0,50|
225693|0|5905573060510|
229205|3|229205_340245|
249828|3||
";29.99;"T:\wygenrowane_do_EU\A\0\miniatura_t_1.jpg
T:\wygenrowane_do_EU\KOLEKCJA\mockup.png
T:\wygenrowane_do_EU\KOLEKCJA\mockup2.png
T:\wygenrowane_do_EU\A\0\1.jpg
T:\wygenrowane_do_EU\A\0\2.jpg
T:\wygenrowane_do_EU\A\0\3.jpg
T:\wygenrowane_do_EU\A\0\4.jpg
T:\wygenrowane_do_EU\A\0\5.jpg
T:\wygenrowane_do_EU\A\0\6.jpg
T:\wygenrowane_do_EU\A\0\miniatura1.jpg
";99;23;0;10532;1000;;;
13676;"Ceramiczne SZKŁO HARTOWANE NA XIAOMI REDMI NOTE 11S";;"REDMI NOTE 11S";XIAOMI;"11323|3|11323_1|
224017|0|Szkło hartowane na XIAOMI REDMI NOTE 11S|
219781|0|XIAOMI REDMI NOTE 11S|
207854|3|207854_234034|
249950|3|249950_1786046|
207862|1|3|
249055|3|249055_1019864|
207866|2|0,50|
207874|3|207874_1[rn]207874_2|
207878|3|207878_234050|
17448|2|0,50|
225693|0|5905573060510|
229205|3|229205_340245|
249828|3||
";29.99;"T:\wygenrowane_do_EU\A\0\miniatura_t_1.jpg
T:\wygenrowane_do_EU\KOLEKCJA\mockup.png
T:\wygenrowane_do_EU\KOLEKCJA\mockup2.png
T:\wygenrowane_do_EU\A\0\1.jpg
T:\wygenrowane_do_EU\A\0\2.jpg
T:\wygenrowane_do_EU\A\0\3.jpg
T:\wygenrowane_do_EU\A\0\4.jpg
T:\wygenrowane_do_EU\A\0\5.jpg
T:\wygenrowane_do_EU\A\0\6.jpg
T:\wygenrowane_do_EU\A\0\miniatura1.jpg
";99;23;0;10532;1000;;;
13677;"Ceramiczne SZKŁO HARTOWANE NA HONOR X8 4G";;"X8 4G";HONOR;"11323|3|11323_1|
224017|0|Szkło hartowane na HONOR X8 4G|
219781|0|HONOR X8 4G|
207854|3|207854_234034|
249950|3|249950_1786046|
207862|1|3|
249055|3|249055_1019864|
207866|2|0,50|
207874|3|207874_1[rn]207874_2|
207878|3|207878_234050|
17448|2|0,50|
225693|0|5905573060503|
229205|3|229205_340245|
249828|3||
";29.99;"T:\wygenrowane_do_EU\A\0\miniatura_t_1.jpg
T:\wygenrowane_do_EU\KOLEKCJA\mockup.png
T:\wygenrowane_do_EU\KOLEKCJA\mockup2.png
T:\wygenrowane_do_EU\A\0\1.jpg
T:\wygenrowane_do_EU\A\0\2.jpg
T:\wygenrowane_do_EU\A\0\3.jpg
T:\wygenrowane_do_EU\A\0\4.jpg
T:\wygenrowane_do_EU\A\0\5.jpg
T:\wygenrowane_do_EU\A\0\6.jpg
T:\wygenrowane_do_EU\A\0\miniatura1.jpg
";99;23;0;10532;1000;;;
13677;"Ceramiczne SZKŁO HARTOWANE NA XIAOMI MI 10T";;"MI 10T";XIAOMI;"11323|3|11323_1|
224017|0|Szkło hartowane na XIAOMI MI 10T|
219781|0|XIAOMI MI 10T|
207854|3|207854_234034|
249950|3|249950_1786046|
207862|1|3|
249055|3|249055_1019864|
207866|2|0,50|
207874|3|207874_1[rn]207874_2|
207878|3|207878_234050|
17448|2|0,50|
225693|0|5905573060503|
229205|3|229205_340245|
249828|3||
";29.99;"T:\wygenrowane_do_EU\A\0\miniatura_t_1.jpg
T:\wygenrowane_do_EU\KOLEKCJA\mockup.png
T:\wygenrowane_do_EU\KOLEKCJA\mockup2.png
T:\wygenrowane_do_EU\A\0\1.jpg
T:\wygenrowane_do_EU\A\0\2.jpg
T:\wygenrowane_do_EU\A\0\3.jpg
T:\wygenrowane_do_EU\A\0\4.jpg
T:\wygenrowane_do_EU\A\0\5.jpg
T:\wygenrowane_do_EU\A\0\6.jpg
T:\wygenrowane_do_EU\A\0\miniatura1.jpg
";99;23;0;10532;1000;;;
13677;"Ceramiczne SZKŁO HARTOWANE NA XIAOMI POCO F4 GT";;"POCO F4 GT";XIAOMI;"11323|3|11323_1|
224017|0|Szkło hartowane na XIAOMI POCO F4 GT|
219781|0|XIAOMI POCO F4 GT|
207854|3|207854_234034|
249950|3|249950_1786046|
207862|1|3|
249055|3|249055_1019864|
207866|2|0,50|
207874|3|207874_1[rn]207874_2|
207878|3|207878_234050|
17448|2|0,50|
225693|0|5905573060503|
229205|3|229205_340245|
249828|3||
";29.99;"T:\wygenrowane_do_EU\A\0\miniatura_t_1.jpg
T:\wygenrowane_do_EU\KOLEKCJA\mockup.png
T:\wygenrowane_do_EU\KOLEKCJA\mockup2.png
T:\wygenrowane_do_EU\A\0\1.jpg
T:\wygenrowane_do_EU\A\0\2.jpg
T:\wygenrowane_do_EU\A\0\3.jpg
T:\wygenrowane_do_EU\A\0\4.jpg
T:\wygenrowane_do_EU\A\0\5.jpg
T:\wygenrowane_do_EU\A\0\6.jpg
T:\wygenrowane_do_EU\A\0\miniatura1.jpg
";99;23;0;10532;1000;;;
13677;"Ceramiczne SZKŁO HARTOWANE NA XIAOMI REDMI NOTE 12 4G";;"REDMI NOTE 12 4G";XIAOMI;"11323|3|11323_1|
224017|0|Szkło hartowane na XIAOMI REDMI NOTE 12 4G|
219781|0|XIAOMI REDMI NOTE 12 4G|
207854|3|207854_234034|
249950|3|249950_1786046|
207862|1|3|
249055|3|249055_1019864|
207866|2|0,50|
207874|3|207874_1[rn]207874_2|
207878|3|207878_234050|
17448|2|0,50|
225693|0|5905573060503|
229205|3|229205_340245|
249828|3||
";29.99;"T:\wygenrowane_do_EU\A\0\miniatura_t_1.jpg
T:\wygenrowane_do_EU\KOLEKCJA\mockup.png
T:\wygenrowane_do_EU\KOLEKCJA\mockup2.png
T:\wygenrowane_do_EU\A\0\1.jpg
T:\wygenrowane_do_EU\A\0\2.jpg
T:\wygenrowane_do_EU\A\0\3.jpg
T:\wygenrowane_do_EU\A\0\4.jpg
T:\wygenrowane_do_EU\A\0\5.jpg
T:\wygenrowane_do_EU\A\0\6.jpg
T:\wygenrowane_do_EU\A\0\miniatura1.jpg
";99;23;0;10532;1000;;;
13677;"Ceramiczne SZKŁO HARTOWANE NA XIAOMI REDMI NOTE 12 5G";;"REDMI NOTE 12 5G";XIAOMI;"11323|3|11323_1|
224017|0|Szkło hartowane na XIAOMI REDMI NOTE 12 5G|
219781|0|XIAOMI REDMI NOTE 12 5G|
207854|3|207854_234034|
249950|3|249950_1786046|
207862|1|3|
249055|3|249055_1019864|
207866|2|0,50|
207874|3|207874_1[rn]207874_2|
207878|3|207878_234050|
17448|2|0,50|
225693|0|5905573060503|
229205|3|229205_340245|
249828|3||
";29.99;"T:\wygenrowane_do_EU\A\0\miniatura_t_1.jpg
T:\wygenrowane_do_EU\KOLEKCJA\mockup.png
T:\wygenrowane_do_EU\KOLEKCJA\mockup2.png
T:\wygenrowane_do_EU\A\0\1.jpg
T:\wygenrowane_do_EU\A\0\2.jpg
T:\wygenrowane_do_EU\A\0\3.jpg
T:\wygenrowane_do_EU\A\0\4.jpg
T:\wygenrowane_do_EU\A\0\5.jpg
T:\wygenrowane_do_EU\A\0\6.jpg
T:\wygenrowane_do_EU\A\0\miniatura1.jpg
";99;23;0;10532;1000;;;
13677;"Ceramiczne SZKŁO HARTOWANE NA XIAOMI POCO X4 GT";;"POCO X4 GT";XIAOMI;"11323|3|11323_1|
224017|0|Szkło hartowane na XIAOMI POCO X4 GT|
219781|0|XIAOMI POCO X4 GT|
207854|3|207854_234034|
249950|3|249950_1786046|
207862|1|3|
249055|3|249055_1019864|
207866|2|0,50|
207874|3|207874_1[rn]207874_2|
207878|3|207878_234050|
17448|2|0,50|
225693|0|5905573060503|
229205|3|229205_340245|
249828|3||
";29.99;"T:\wygenrowane_do_EU\A\0\miniatura_t_1.jpg
T:\wygenrowane_do_EU\KOLEKCJA\mockup.png
T:\wygenrowane_do_EU\KOLEKCJA\mockup2.png
T:\wygenrowane_do_EU\A\0\1.jpg
T:\wygenrowane_do_EU\A\0\2.jpg
T:\wygenrowane_do_EU\A\0\3.jpg
T:\wygenrowane_do_EU\A\0\4.jpg
T:\wygenrowane_do_EU\A\0\5.jpg
T:\wygenrowane_do_EU\A\0\6.jpg
T:\wygenrowane_do_EU\A\0\miniatura1.jpg
";99;23;0;10532;1000;;;
13677;"Ceramiczne SZKŁO HARTOWANE NA XIAOMI POCO X4 PRO 5G";;"POCO X4 PRO 5G";XIAOMI;"11323|3|11323_1|
224017|0|Szkło hartowane na XIAOMI POCO X4 PRO 5G|
219781|0|XIAOMI POCO X4 PRO 5G|
207854|3|207854_234034|
249950|3|249950_1786046|
207862|1|3|
249055|3|249055_1019864|
207866|2|0,50|
207874|3|207874_1[rn]207874_2|
207878|3|207878_234050|
17448|2|0,50|
225693|0|5905573060503|
229205|3|229205_340245|
249828|3||
";29.99;"T:\wygenrowane_do_EU\A\0\miniatura_t_1.jpg
T:\wygenrowane_do_EU\KOLEKCJA\mockup.png
T:\wygenrowane_do_EU\KOLEKCJA\mockup2.png
T:\wygenrowane_do_EU\A\0\1.jpg
T:\wygenrowane_do_EU\A\0\2.jpg
T:\wygenrowane_do_EU\A\0\3.jpg
T:\wygenrowane_do_EU\A\0\4.jpg
T:\wygenrowane_do_EU\A\0\5.jpg
T:\wygenrowane_do_EU\A\0\6.jpg
T:\wygenrowane_do_EU\A\0\miniatura1.jpg
";99;23;0;10532;1000;;;
13677;"Ceramiczne SZKŁO HARTOWANE NA MOTOROLA MOTO E32";;"MOTO E32";MOTOROLA;"11323|3|11323_1|
224017|0|Szkło hartowane na MOTOROLA MOTO E32|
219781|0|MOTOROLA MOTO E32|
207854|3|207854_234034|
249950|3|249950_1786046|
207862|1|3|
249055|3|249055_1019864|
207866|2|0,50|
207874|3|207874_1[rn]207874_2|
207878|3|207878_234050|
17448|2|0,50|
225693|0|5905573060503|
229205|3|229205_340245|
249828|3||
";29.99;"T:\wygenrowane_do_EU\A\0\miniatura_t_1.jpg
T:\wygenrowane_do_EU\KOLEKCJA\mockup.png
T:\wygenrowane_do_EU\KOLEKCJA\mockup2.png
T:\wygenrowane_do_EU\A\0\1.jpg
T:\wygenrowane_do_EU\A\0\2.jpg
T:\wygenrowane_do_EU\A\0\3.jpg
T:\wygenrowane_do_EU\A\0\4.jpg
T:\wygenrowane_do_EU\A\0\5.jpg
T:\wygenrowane_do_EU\A\0\6.jpg
T:\wygenrowane_do_EU\A\0\miniatura1.jpg
";99;23;0;10532;1000;;;
13677;"Ceramiczne SZKŁO HARTOWANE NA MOTOROLA MOTO E32S";;"MOTO E32S";MOTOROLA;"11323|3|11323_1|
224017|0|Szkło hartowane na MOTOROLA MOTO E32S|
219781|0|MOTOROLA MOTO E32S|
207854|3|207854_234034|
249950|3|249950_1786046|
207862|1|3|
249055|3|249055_1019864|
207866|2|0,50|
207874|3|207874_1[rn]207874_2|
207878|3|207878_234050|
17448|2|0,50|
225693|0|5905573060503|
229205|3|229205_340245|
249828|3||
";29.99;"T:\wygenrowane_do_EU\A\0\miniatura_t_1.jpg
T:\wygenrowane_do_EU\KOLEKCJA\mockup.png
T:\wygenrowane_do_EU\KOLEKCJA\mockup2.png
T:\wygenrowane_do_EU\A\0\1.jpg
T:\wygenrowane_do_EU\A\0\2.jpg
T:\wygenrowane_do_EU\A\0\3.jpg
T:\wygenrowane_do_EU\A\0\4.jpg
T:\wygenrowane_do_EU\A\0\5.jpg
T:\wygenrowane_do_EU\A\0\6.jpg
T:\wygenrowane_do_EU\A\0\miniatura1.jpg
";99;23;0;10532;1000;;;
13677;"Ceramiczne SZKŁO HARTOWANE NA MOTOROLA MOTO E22S";;"MOTO E22S";MOTOROLA;"11323|3|11323_1|
224017|0|Szkło hartowane na MOTOROLA MOTO E22S|
219781|0|MOTOROLA MOTO E22S|
207854|3|207854_234034|
249950|3|249950_1786046|
207862|1|3|
249055|3|249055_1019864|
207866|2|0,50|
207874|3|207874_1[rn]207874_2|
207878|3|207878_234050|
17448|2|0,50|
225693|0|5905573060503|
229205|3|229205_340245|
249828|3||
";29.99;"T:\wygenrowane_do_EU\A\0\miniatura_t_1.jpg
T:\wygenrowane_do_EU\KOLEKCJA\mockup.png
T:\wygenrowane_do_EU\KOLEKCJA\mockup2.png
T:\wygenrowane_do_EU\A\0\1.jpg
T:\wygenrowane_do_EU\A\0\2.jpg
T:\wygenrowane_do_EU\A\0\3.jpg
T:\wygenrowane_do_EU\A\0\4.jpg
T:\wygenrowane_do_EU\A\0\5.jpg
T:\wygenrowane_do_EU\A\0\6.jpg
T:\wygenrowane_do_EU\A\0\miniatura1.jpg
";99;23;0;10532;1000;;;
13677;"Ceramiczne SZKŁO HARTOWANE NA REALME 9 PRO";;"9 PRO";REALME;"11323|3|11323_1|
224017|0|Szkło hartowane na REALME 9 PRO|
219781|0|REALME 9 PRO|
207854|3|207854_234034|
249950|3|249950_1786046|
207862|1|3|
249055|3|249055_1019864|
207866|2|0,50|
207874|3|207874_1[rn]207874_2|
207878|3|207878_234050|
17448|2|0,50|
225693|0|5905573060503|
229205|3|229205_340245|
249828|3||
";29.99;"T:\wygenrowane_do_EU\A\0\miniatura_t_1.jpg
T:\wygenrowane_do_EU\KOLEKCJA\mockup.png
T:\wygenrowane_do_EU\KOLEKCJA\mockup2.png
T:\wygenrowane_do_EU\A\0\1.jpg
T:\wygenrowane_do_EU\A\0\2.jpg
T:\wygenrowane_do_EU\A\0\3.jpg
T:\wygenrowane_do_EU\A\0\4.jpg
T:\wygenrowane_do_EU\A\0\5.jpg
T:\wygenrowane_do_EU\A\0\6.jpg
T:\wygenrowane_do_EU\A\0\miniatura1.jpg
";99;23;0;10532;1000;;;
13677;"Ceramiczne SZKŁO HARTOWANE NA REALME GT 2 PRO";;"GT 2 PRO";REALME;"11323|3|11323_1|
224017|0|Szkło hartowane na REALME GT 2 PRO|
219781|0|REALME GT 2 PRO|
207854|3|207854_234034|
249950|3|249950_1786046|
207862|1|3|
249055|3|249055_1019864|
207866|2|0,50|
207874|3|207874_1[rn]207874_2|
207878|3|207878_234050|
17448|2|0,50|
225693|0|5905573060503|
229205|3|229205_340245|
249828|3||
";29.99;"T:\wygenrowane_do_EU\A\0\miniatura_t_1.jpg
T:\wygenrowane_do_EU\KOLEKCJA\mockup.png
T:\wygenrowane_do_EU\KOLEKCJA\mockup2.png
T:\wygenrowane_do_EU\A\0\1.jpg
T:\wygenrowane_do_EU\A\0\2.jpg
T:\wygenrowane_do_EU\A\0\3.jpg
T:\wygenrowane_do_EU\A\0\4.jpg
T:\wygenrowane_do_EU\A\0\5.jpg
T:\wygenrowane_do_EU\A\0\6.jpg
T:\wygenrowane_do_EU\A\0\miniatura1.jpg
";99;23;0;10532;1000;;;
13677;"Ceramiczne SZKŁO HARTOWANE NA REALME GT NEO 3";;"GT NEO 3";REALME;"11323|3|11323_1|
224017|0|Szkło hartowane na REALME GT NEO 3|
219781|0|REALME GT NEO 3|
207854|3|207854_234034|
249950|3|249950_1786046|
207862|1|3|
249055|3|249055_1019864|
207866|2|0,50|
207874|3|207874_1[rn]207874_2|
207878|3|207878_234050|
17448|2|0,50|
225693|0|5905573060503|
229205|3|229205_340245|
249828|3||
";29.99;"T:\wygenrowane_do_EU\A\0\miniatura_t_1.jpg
T:\wygenrowane_do_EU\KOLEKCJA\mockup.png
T:\wygenrowane_do_EU\KOLEKCJA\mockup2.png
T:\wygenrowane_do_EU\A\0\1.jpg
T:\wygenrowane_do_EU\A\0\2.jpg
T:\wygenrowane_do_EU\A\0\3.jpg
T:\wygenrowane_do_EU\A\0\4.jpg
T:\wygenrowane_do_EU\A\0\5.jpg
T:\wygenrowane_do_EU\A\0\6.jpg
T:\wygenrowane_do_EU\A\0\miniatura1.jpg
";99;23;0;10532;1000;;;
13678;"Ceramiczne SZKŁO HARTOWANE NA MOTOROLA MOTO E30";;"MOTO E30";MOTOROLA;"11323|3|11323_1|
224017|0|Szkło hartowane na MOTOROLA MOTO E30|
219781|0|MOTOROLA MOTO E30|
207854|3|207854_234034|
249950|3|249950_1786046|
207862|1|3|
249055|3|249055_1019864|
207866|2|0,50|
207874|3|207874_1[rn]207874_2|
207878|3|207878_234050|
17448|2|0,50|
225693|0|5905573060497|
229205|3|229205_340245|
249828|3||
";29.99;"T:\wygenrowane_do_EU\A\0\miniatura_t_1.jpg
T:\wygenrowane_do_EU\KOLEKCJA\mockup.png
T:\wygenrowane_do_EU\KOLEKCJA\mockup2.png
T:\wygenrowane_do_EU\A\0\1.jpg
T:\wygenrowane_do_EU\A\0\2.jpg
T:\wygenrowane_do_EU\A\0\3.jpg
T:\wygenrowane_do_EU\A\0\4.jpg
T:\wygenrowane_do_EU\A\0\5.jpg
T:\wygenrowane_do_EU\A\0\6.jpg
T:\wygenrowane_do_EU\A\0\miniatura1.jpg
";99;23;0;10532;1000;;;
13678;"Ceramiczne SZKŁO HARTOWANE NA MOTOROLA MOTO E40";;"MOTO E40";MOTOROLA;"11323|3|11323_1|
224017|0|Szkło hartowane na MOTOROLA MOTO E40|
219781|0|MOTOROLA MOTO E40|
207854|3|207854_234034|
249950|3|249950_1786046|
207862|1|3|
249055|3|249055_1019864|
207866|2|0,50|
207874|3|207874_1[rn]207874_2|
207878|3|207878_234050|
17448|2|0,50|
225693|0|5905573060497|
229205|3|229205_340245|
249828|3||
";29.99;"T:\wygenrowane_do_EU\A\0\miniatura_t_1.jpg
T:\wygenrowane_do_EU\KOLEKCJA\mockup.png
T:\wygenrowane_do_EU\KOLEKCJA\mockup2.png
T:\wygenrowane_do_EU\A\0\1.jpg
T:\wygenrowane_do_EU\A\0\2.jpg
T:\wygenrowane_do_EU\A\0\3.jpg
T:\wygenrowane_do_EU\A\0\4.jpg
T:\wygenrowane_do_EU\A\0\5.jpg
T:\wygenrowane_do_EU\A\0\6.jpg
T:\wygenrowane_do_EU\A\0\miniatura1.jpg
";99;23;0;10532;1000;;;
13679;"Ceramiczne SZKŁO HARTOWANE NA MOTOROLA MOTO G42";;"MOTO G42";MOTOROLA;"11323|3|11323_1|
224017|0|Szkło hartowane na MOTOROLA MOTO G42|
219781|0|MOTOROLA MOTO G42|
207854|3|207854_234034|
249950|3|249950_1786046|
207862|1|3|
249055|3|249055_1019864|
207866|2|0,50|
207874|3|207874_1[rn]207874_2|
207878|3|207878_234050|
17448|2|0,50|
225693|0|5905573060480|
229205|3|229205_340245|
249828|3||
";29.99;"T:\wygenrowane_do_EU\A\0\miniatura_t_1.jpg
T:\wygenrowane_do_EU\KOLEKCJA\mockup.png
T:\wygenrowane_do_EU\KOLEKCJA\mockup2.png
T:\wygenrowane_do_EU\A\0\1.jpg
T:\wygenrowane_do_EU\A\0\2.jpg
T:\wygenrowane_do_EU\A\0\3.jpg
T:\wygenrowane_do_EU\A\0\4.jpg
T:\wygenrowane_do_EU\A\0\5.jpg
T:\wygenrowane_do_EU\A\0\6.jpg
T:\wygenrowane_do_EU\A\0\miniatura1.jpg
";99;23;0;10532;1000;;;
13679;"Ceramiczne SZKŁO HARTOWANE NA MOTOROLA MOTO G32";;"MOTO G32";MOTOROLA;"11323|3|11323_1|
224017|0|Szkło hartowane na MOTOROLA MOTO G32|
219781|0|MOTOROLA MOTO G32|
207854|3|207854_234034|
249950|3|249950_1786046|
207862|1|3|
249055|3|249055_1019864|
207866|2|0,50|
207874|3|207874_1[rn]207874_2|
207878|3|207878_234050|
17448|2|0,50|
225693|0|5905573060480|
229205|3|229205_340245|
249828|3||
";29.99;"T:\wygenrowane_do_EU\A\0\miniatura_t_1.jpg
T:\wygenrowane_do_EU\KOLEKCJA\mockup.png
T:\wygenrowane_do_EU\KOLEKCJA\mockup2.png
T:\wygenrowane_do_EU\A\0\1.jpg
T:\wygenrowane_do_EU\A\0\2.jpg
T:\wygenrowane_do_EU\A\0\3.jpg
T:\wygenrowane_do_EU\A\0\4.jpg
T:\wygenrowane_do_EU\A\0\5.jpg
T:\wygenrowane_do_EU\A\0\6.jpg
T:\wygenrowane_do_EU\A\0\miniatura1.jpg
";99;23;0;10532;1000;;;
13680;"Ceramiczne SZKŁO HARTOWANE NA MOTOROLA MOTO E20";;"MOTO E20";MOTOROLA;"11323|3|11323_1|
224017|0|Szkło hartowane na MOTOROLA MOTO E20|
219781|0|MOTOROLA MOTO E20|
207854|3|207854_234034|
249950|3|249950_1786046|
207862|1|3|
249055|3|249055_1019864|
207866|2|0,50|
207874|3|207874_1[rn]207874_2|
207878|3|207878_234050|
17448|2|0,50|
225693|0|5905573060473|
229205|3|229205_340245|
249828|3||
";29.99;"T:\wygenrowane_do_EU\A\0\miniatura_t_1.jpg
T:\wygenrowane_do_EU\KOLEKCJA\mockup.png
T:\wygenrowane_do_EU\KOLEKCJA\mockup2.png
T:\wygenrowane_do_EU\A\0\1.jpg
T:\wygenrowane_do_EU\A\0\2.jpg
T:\wygenrowane_do_EU\A\0\3.jpg
T:\wygenrowane_do_EU\A\0\4.jpg
T:\wygenrowane_do_EU\A\0\5.jpg
T:\wygenrowane_do_EU\A\0\6.jpg
T:\wygenrowane_do_EU\A\0\miniatura1.jpg
";99;23;0;10532;1000;;;
13682;"Ceramiczne SZKŁO HARTOWANE NA HUAWEI P SMART 2019";;"P SMART 2019";HUAWEI;"11323|3|11323_1|
224017|0|Szkło hartowane na HUAWEI P SMART 2019|
219781|0|HUAWEI P SMART 2019|
207854|3|207854_234034|
249950|3|249950_1786046|
207862|1|3|
249055|3|249055_1019864|
207866|2|0,50|
207874|3|207874_1[rn]207874_2|
207878|3|207878_234050|
17448|2|0,50|
225693|0|5905573060466|
229205|3|229205_340245|
249828|3||
";29.99;"T:\wygenrowane_do_EU\A\0\miniatura_t_1.jpg
T:\wygenrowane_do_EU\KOLEKCJA\mockup.png
T:\wygenrowane_do_EU\KOLEKCJA\mockup2.png
T:\wygenrowane_do_EU\A\0\1.jpg
T:\wygenrowane_do_EU\A\0\2.jpg
T:\wygenrowane_do_EU\A\0\3.jpg
T:\wygenrowane_do_EU\A\0\4.jpg
T:\wygenrowane_do_EU\A\0\5.jpg
T:\wygenrowane_do_EU\A\0\6.jpg
T:\wygenrowane_do_EU\A\0\miniatura1.jpg
";99;23;0;10532;1000;;;
13682;"Ceramiczne SZKŁO HARTOWANE NA HUAWEI P SMART PLUS 2019";;"P SMART PLUS 2019";HUAWEI;"11323|3|11323_1|
224017|0|Szkło hartowane na HUAWEI P SMART PLUS 2019|
219781|0|HUAWEI P SMART PLUS 2019|
207854|3|207854_234034|
249950|3|249950_1786046|
207862|1|3|
249055|3|249055_1019864|
207866|2|0,50|
207874|3|207874_1[rn]207874_2|
207878|3|207878_234050|
17448|2|0,50|
225693|0|5905573060466|
229205|3|229205_340245|
249828|3||
";29.99;"T:\wygenrowane_do_EU\A\0\miniatura_t_1.jpg
T:\wygenrowane_do_EU\KOLEKCJA\mockup.png
T:\wygenrowane_do_EU\KOLEKCJA\mockup2.png
T:\wygenrowane_do_EU\A\0\1.jpg
T:\wygenrowane_do_EU\A\0\2.jpg
T:\wygenrowane_do_EU\A\0\3.jpg
T:\wygenrowane_do_EU\A\0\4.jpg
T:\wygenrowane_do_EU\A\0\5.jpg
T:\wygenrowane_do_EU\A\0\6.jpg
T:\wygenrowane_do_EU\A\0\miniatura1.jpg
";99;23;0;10532;1000;;;
13682;"Ceramiczne SZKŁO HARTOWANE NA HUAWEI P SMART 2020";;"P SMART 2020";HUAWEI;"11323|3|11323_1|
224017|0|Szkło hartowane na HUAWEI P SMART 2020|
219781|0|HUAWEI P SMART 2020|
207854|3|207854_234034|
249950|3|249950_1786046|
207862|1|3|
249055|3|249055_1019864|
207866|2|0,50|
207874|3|207874_1[rn]207874_2|
207878|3|207878_234050|
17448|2|0,50|
225693|0|5905573060466|
229205|3|229205_340245|
249828|3||
";29.99;"T:\wygenrowane_do_EU\A\0\miniatura_t_1.jpg
T:\wygenrowane_do_EU\KOLEKCJA\mockup.png
T:\wygenrowane_do_EU\KOLEKCJA\mockup2.png
T:\wygenrowane_do_EU\A\0\1.jpg
T:\wygenrowane_do_EU\A\0\2.jpg
T:\wygenrowane_do_EU\A\0\3.jpg
T:\wygenrowane_do_EU\A\0\4.jpg
T:\wygenrowane_do_EU\A\0\5.jpg
T:\wygenrowane_do_EU\A\0\6.jpg
T:\wygenrowane_do_EU\A\0\miniatura1.jpg
";99;23;0;10532;1000;;;
13682;"Ceramiczne SZKŁO HARTOWANE NA HONOR 10 LITE";;"10 LITE";HONOR;"11323|3|11323_1|
224017|0|Szkło hartowane na HONOR 10 LITE|
219781|0|HONOR 10 LITE|
207854|3|207854_234034|
249950|3|249950_1786046|
207862|1|3|
249055|3|249055_1019864|
207866|2|0,50|
207874|3|207874_1[rn]207874_2|
207878|3|207878_234050|
17448|2|0,50|
225693|0|5905573060466|
229205|3|229205_340245|
249828|3||
";29.99;"T:\wygenrowane_do_EU\A\0\miniatura_t_1.jpg
T:\wygenrowane_do_EU\KOLEKCJA\mockup.png
T:\wygenrowane_do_EU\KOLEKCJA\mockup2.png
T:\wygenrowane_do_EU\A\0\1.jpg
T:\wygenrowane_do_EU\A\0\2.jpg
T:\wygenrowane_do_EU\A\0\3.jpg
T:\wygenrowane_do_EU\A\0\4.jpg
T:\wygenrowane_do_EU\A\0\5.jpg
T:\wygenrowane_do_EU\A\0\6.jpg
T:\wygenrowane_do_EU\A\0\miniatura1.jpg
";99;23;0;10532;1000;;;
13684;"Ceramiczne SZKŁO HARTOWANE NA HUAWEI P30 LITE";;"P30 LITE";HUAWEI;"11323|3|11323_1|
224017|0|Szkło hartowane na HUAWEI P30 LITE|
219781|0|HUAWEI P30 LITE|
207854|3|207854_234034|
249950|3|249950_1786046|
207862|1|3|
249055|3|249055_1019864|
207866|2|0,50|
207874|3|207874_1[rn]207874_2|
207878|3|207878_234050|
17448|2|0,50|
225693|0|5905573060459|
229205|3|229205_340245|
249828|3||
";29.99;"T:\wygenrowane_do_EU\A\0\miniatura_t_1.jpg
T:\wygenrowane_do_EU\KOLEKCJA\mockup.png
T:\wygenrowane_do_EU\KOLEKCJA\mockup2.png
T:\wygenrowane_do_EU\A\0\1.jpg
T:\wygenrowane_do_EU\A\0\2.jpg
T:\wygenrowane_do_EU\A\0\3.jpg
T:\wygenrowane_do_EU\A\0\4.jpg
T:\wygenrowane_do_EU\A\0\5.jpg
T:\wygenrowane_do_EU\A\0\6.jpg
T:\wygenrowane_do_EU\A\0\miniatura1.jpg
";99;23;0;10532;1000;;;
13685;"Ceramiczne SZKŁO HARTOWANE NA HUAWEI Y6 2019";;"Y6 2019";HUAWEI;"11323|3|11323_1|
224017|0|Szkło hartowane na HUAWEI Y6 2019|
219781|0|HUAWEI Y6 2019|
207854|3|207854_234034|
249950|3|249950_1786046|
207862|1|3|
249055|3|249055_1019864|
207866|2|0,50|
207874|3|207874_1[rn]207874_2|
207878|3|207878_234050|
17448|2|0,50|
225693|0|5905573060442|
229205|3|229205_340245|
249828|3||
";29.99;"T:\wygenrowane_do_EU\A\0\miniatura_t_1.jpg
T:\wygenrowane_do_EU\KOLEKCJA\mockup.png
T:\wygenrowane_do_EU\KOLEKCJA\mockup2.png
T:\wygenrowane_do_EU\A\0\1.jpg
T:\wygenrowane_do_EU\A\0\2.jpg
T:\wygenrowane_do_EU\A\0\3.jpg
T:\wygenrowane_do_EU\A\0\4.jpg
T:\wygenrowane_do_EU\A\0\5.jpg
T:\wygenrowane_do_EU\A\0\6.jpg
T:\wygenrowane_do_EU\A\0\miniatura1.jpg
";99;23;0;10532;1000;;;
13686;"Ceramiczne SZKŁO HARTOWANE NA SAMSUNG GALAXY A21";;"GALAXY A21";SAMSUNG;"11323|3|11323_1|
224017|0|Szkło hartowane na SAMSUNG GALAXY A21|
219781|0|SAMSUNG GALAXY A21|
207854|3|207854_234034|
249950|3|249950_1786046|
207862|1|3|
249055|3|249055_1019864|
207866|2|0,50|
207874|3|207874_1[rn]207874_2|
207878|3|207878_234050|
17448|2|0,50|
225693|0|5905573060435|
229205|3|229205_340245|
249828|3||
";29.99;"T:\wygenrowane_do_EU\A\0\miniatura_t_1.jpg
T:\wygenrowane_do_EU\KOLEKCJA\mockup.png
T:\wygenrowane_do_EU\KOLEKCJA\mockup2.png
T:\wygenrowane_do_EU\A\0\1.jpg
T:\wygenrowane_do_EU\A\0\2.jpg
T:\wygenrowane_do_EU\A\0\3.jpg
T:\wygenrowane_do_EU\A\0\4.jpg
T:\wygenrowane_do_EU\A\0\5.jpg
T:\wygenrowane_do_EU\A\0\6.jpg
T:\wygenrowane_do_EU\A\0\miniatura1.jpg
";99;23;0;10532;1000;;;
13686;"Ceramiczne SZKŁO HARTOWANE NA SAMSUNG GALAXY A21S";;"GALAXY A21S";SAMSUNG;"11323|3|11323_1|
224017|0|Szkło hartowane na SAMSUNG GALAXY A21S|
219781|0|SAMSUNG GALAXY A21S|
207854|3|207854_234034|
249950|3|249950_1786046|
207862|1|3|
249055|3|249055_1019864|
207866|2|0,50|
207874|3|207874_1[rn]207874_2|
207878|3|207878_234050|
17448|2|0,50|
225693|0|5905573060435|
229205|3|229205_340245|
249828|3||
";29.99;"T:\wygenrowane_do_EU\A\0\miniatura_t_1.jpg
T:\wygenrowane_do_EU\KOLEKCJA\mockup.png
T:\wygenrowane_do_EU\KOLEKCJA\mockup2.png
T:\wygenrowane_do_EU\A\0\1.jpg
T:\wygenrowane_do_EU\A\0\2.jpg
T:\wygenrowane_do_EU\A\0\3.jpg
T:\wygenrowane_do_EU\A\0\4.jpg
T:\wygenrowane_do_EU\A\0\5.jpg
T:\wygenrowane_do_EU\A\0\6.jpg
T:\wygenrowane_do_EU\A\0\miniatura1.jpg
";99;23;0;10532;1000;;;
13686;"Ceramiczne SZKŁO HARTOWANE NA SAMSUNG GALAXY A80";;"GALAXY A80";SAMSUNG;"11323|3|11323_1|
224017|0|Szkło hartowane na SAMSUNG GALAXY A80|
219781|0|SAMSUNG GALAXY A80|
207854|3|207854_234034|
249950|3|249950_1786046|
207862|1|3|
249055|3|249055_1019864|
207866|2|0,50|
207874|3|207874_1[rn]207874_2|
207878|3|207878_234050|
17448|2|0,50|
225693|0|5905573060435|
229205|3|229205_340245|
249828|3||
";29.99;"T:\wygenrowane_do_EU\A\0\miniatura_t_1.jpg
T:\wygenrowane_do_EU\KOLEKCJA\mockup.png
T:\wygenrowane_do_EU\KOLEKCJA\mockup2.png
T:\wygenrowane_do_EU\A\0\1.jpg
T:\wygenrowane_do_EU\A\0\2.jpg
T:\wygenrowane_do_EU\A\0\3.jpg
T:\wygenrowane_do_EU\A\0\4.jpg
T:\wygenrowane_do_EU\A\0\5.jpg
T:\wygenrowane_do_EU\A\0\6.jpg
T:\wygenrowane_do_EU\A\0\miniatura1.jpg
";99;23;0;10532;1000;;;
13686;"Ceramiczne SZKŁO HARTOWANE NA REALME GT NEO 3T";;"GT NEO 3T";REALME;"11323|3|11323_1|
224017|0|Szkło hartowane na REALME GT NEO 3T|
219781|0|REALME GT NEO 3T|
207854|3|207854_234034|
249950|3|249950_1786046|
207862|1|3|
249055|3|249055_1019864|
207866|2|0,50|
207874|3|207874_1[rn]207874_2|
207878|3|207878_234050|
17448|2|0,50|
225693|0|5905573060435|
229205|3|229205_340245|
249828|3||
";29.99;"T:\wygenrowane_do_EU\A\0\miniatura_t_1.jpg
T:\wygenrowane_do_EU\KOLEKCJA\mockup.png
T:\wygenrowane_do_EU\KOLEKCJA\mockup2.png
T:\wygenrowane_do_EU\A\0\1.jpg
T:\wygenrowane_do_EU\A\0\2.jpg
T:\wygenrowane_do_EU\A\0\3.jpg
T:\wygenrowane_do_EU\A\0\4.jpg
T:\wygenrowane_do_EU\A\0\5.jpg
T:\wygenrowane_do_EU\A\0\6.jpg
T:\wygenrowane_do_EU\A\0\miniatura1.jpg
";99;23;0;10532;1000;;;
13687;"Ceramiczne SZKŁO HARTOWANE NA SAMSUNG GALAXY A20";;"GALAXY A20";SAMSUNG;"11323|3|11323_1|
224017|0|Szkło hartowane na SAMSUNG GALAXY A20|
219781|0|SAMSUNG GALAXY A20|
207854|3|207854_234034|
249950|3|249950_1786046|
207862|1|3|
249055|3|249055_1019864|
207866|2|0,50|
207874|3|207874_1[rn]207874_2|
207878|3|207878_234050|
17448|2|0,50|
225693|0|5905573060428|
229205|3|229205_340245|
249828|3||
";29.99;"T:\wygenrowane_do_EU\A\0\miniatura_t_1.jpg
T:\wygenrowane_do_EU\KOLEKCJA\mockup.png
T:\wygenrowane_do_EU\KOLEKCJA\mockup2.png
T:\wygenrowane_do_EU\A\0\1.jpg
T:\wygenrowane_do_EU\A\0\2.jpg
T:\wygenrowane_do_EU\A\0\3.jpg
T:\wygenrowane_do_EU\A\0\4.jpg
T:\wygenrowane_do_EU\A\0\5.jpg
T:\wygenrowane_do_EU\A\0\6.jpg
T:\wygenrowane_do_EU\A\0\miniatura1.jpg
";99;23;0;10532;1000;;;
13687;"Ceramiczne SZKŁO HARTOWANE NA SAMSUNG GALAXY A30";;"GALAXY A30";SAMSUNG;"11323|3|11323_1|
224017|0|Szkło hartowane na SAMSUNG GALAXY A30|
219781|0|SAMSUNG GALAXY A30|
207854|3|207854_234034|
249950|3|249950_1786046|
207862|1|3|
249055|3|249055_1019864|
207866|2|0,50|
207874|3|207874_1[rn]207874_2|
207878|3|207878_234050|
17448|2|0,50|
225693|0|5905573060428|
229205|3|229205_340245|
249828|3||
";29.99;"T:\wygenrowane_do_EU\A\0\miniatura_t_1.jpg
T:\wygenrowane_do_EU\KOLEKCJA\mockup.png
T:\wygenrowane_do_EU\KOLEKCJA\mockup2.png
T:\wygenrowane_do_EU\A\0\1.jpg
T:\wygenrowane_do_EU\A\0\2.jpg
T:\wygenrowane_do_EU\A\0\3.jpg
T:\wygenrowane_do_EU\A\0\4.jpg
T:\wygenrowane_do_EU\A\0\5.jpg
T:\wygenrowane_do_EU\A\0\6.jpg
T:\wygenrowane_do_EU\A\0\miniatura1.jpg
";99;23;0;10532;1000;;;
13687;"Ceramiczne SZKŁO HARTOWANE NA SAMSUNG GALAXY A30S";;"GALAXY A30S";SAMSUNG;"11323|3|11323_1|
224017|0|Szkło hartowane na SAMSUNG GALAXY A30S|
219781|0|SAMSUNG GALAXY A30S|
207854|3|207854_234034|
249950|3|249950_1786046|
207862|1|3|
249055|3|249055_1019864|
207866|2|0,50|
207874|3|207874_1[rn]207874_2|
207878|3|207878_234050|
17448|2|0,50|
225693|0|5905573060428|
229205|3|229205_340245|
249828|3||
";29.99;"T:\wygenrowane_do_EU\A\0\miniatura_t_1.jpg
T:\wygenrowane_do_EU\KOLEKCJA\mockup.png
T:\wygenrowane_do_EU\KOLEKCJA\mockup2.png
T:\wygenrowane_do_EU\A\0\1.jpg
T:\wygenrowane_do_EU\A\0\2.jpg
T:\wygenrowane_do_EU\A\0\3.jpg
T:\wygenrowane_do_EU\A\0\4.jpg
T:\wygenrowane_do_EU\A\0\5.jpg
T:\wygenrowane_do_EU\A\0\6.jpg
T:\wygenrowane_do_EU\A\0\miniatura1.jpg
";99;23;0;10532;1000;;;
13687;"Ceramiczne SZKŁO HARTOWANE NA SAMSUNG GALAXY A50";;"GALAXY A50";SAMSUNG;"11323|3|11323_1|
224017|0|Szkło hartowane na SAMSUNG GALAXY A50|
219781|0|SAMSUNG GALAXY A50|
207854|3|207854_234034|
249950|3|249950_1786046|
207862|1|3|
249055|3|249055_1019864|
207866|2|0,50|
207874|3|207874_1[rn]207874_2|
207878|3|207878_234050|
17448|2|0,50|
225693|0|5905573060428|
229205|3|229205_340245|
249828|3||
";29.99;"T:\wygenrowane_do_EU\A\0\miniatura_t_1.jpg
T:\wygenrowane_do_EU\KOLEKCJA\mockup.png
T:\wygenrowane_do_EU\KOLEKCJA\mockup2.png
T:\wygenrowane_do_EU\A\0\1.jpg
T:\wygenrowane_do_EU\A\0\2.jpg
T:\wygenrowane_do_EU\A\0\3.jpg
T:\wygenrowane_do_EU\A\0\4.jpg
T:\wygenrowane_do_EU\A\0\5.jpg
T:\wygenrowane_do_EU\A\0\6.jpg
T:\wygenrowane_do_EU\A\0\miniatura1.jpg
";99;23;0;10532;1000;;;
13687;"Ceramiczne SZKŁO HARTOWANE NA SAMSUNG GALAXY A50S";;"GALAXY A50S";SAMSUNG;"11323|3|11323_1|
224017|0|Szkło hartowane na SAMSUNG GALAXY A50S|
219781|0|SAMSUNG GALAXY A50S|
207854|3|207854_234034|
249950|3|249950_1786046|
207862|1|3|
249055|3|249055_1019864|
207866|2|0,50|
207874|3|207874_1[rn]207874_2|
207878|3|207878_234050|
17448|2|0,50|
225693|0|5905573060428|
229205|3|229205_340245|
249828|3||
";29.99;"T:\wygenrowane_do_EU\A\0\miniatura_t_1.jpg
T:\wygenrowane_do_EU\KOLEKCJA\mockup.png
T:\wygenrowane_do_EU\KOLEKCJA\mockup2.png
T:\wygenrowane_do_EU\A\0\1.jpg
T:\wygenrowane_do_EU\A\0\2.jpg
T:\wygenrowane_do_EU\A\0\3.jpg
T:\wygenrowane_do_EU\A\0\4.jpg
T:\wygenrowane_do_EU\A\0\5.jpg
T:\wygenrowane_do_EU\A\0\6.jpg
T:\wygenrowane_do_EU\A\0\miniatura1.jpg
";99;23;0;10532;1000;;;
13687;"Ceramiczne SZKŁO HARTOWANE NA SAMSUNG GALAXY M21";;"GALAXY M21";SAMSUNG;"11323|3|11323_1|
224017|0|Szkło hartowane na SAMSUNG GALAXY M21|
219781|0|SAMSUNG GALAXY M21|
207854|3|207854_234034|
249950|3|249950_1786046|
207862|1|3|
249055|3|249055_1019864|
207866|2|0,50|
207874|3|207874_1[rn]207874_2|
207878|3|207878_234050|
17448|2|0,50|
225693|0|5905573060428|
229205|3|229205_340245|
249828|3||
";29.99;"T:\wygenrowane_do_EU\A\0\miniatura_t_1.jpg
T:\wygenrowane_do_EU\KOLEKCJA\mockup.png
T:\wygenrowane_do_EU\KOLEKCJA\mockup2.png
T:\wygenrowane_do_EU\A\0\1.jpg
T:\wygenrowane_do_EU\A\0\2.jpg
T:\wygenrowane_do_EU\A\0\3.jpg
T:\wygenrowane_do_EU\A\0\4.jpg
T:\wygenrowane_do_EU\A\0\5.jpg
T:\wygenrowane_do_EU\A\0\6.jpg
T:\wygenrowane_do_EU\A\0\miniatura1.jpg
";99;23;0;10532;1000;;;
13687;"Ceramiczne SZKŁO HARTOWANE NA SAMSUNG GALAXY A31";;"GALAXY A31";SAMSUNG;"11323|3|11323_1|
224017|0|Szkło hartowane na SAMSUNG GALAXY A31|
219781|0|SAMSUNG GALAXY A31|
207854|3|207854_234034|
249950|3|249950_1786046|
207862|1|3|
249055|3|249055_1019864|
207866|2|0,50|
207874|3|207874_1[rn]207874_2|
207878|3|207878_234050|
17448|2|0,50|
225693|0|5905573060428|
229205|3|229205_340245|
249828|3||
";29.99;"T:\wygenrowane_do_EU\A\0\miniatura_t_1.jpg
T:\wygenrowane_do_EU\KOLEKCJA\mockup.png
T:\wygenrowane_do_EU\KOLEKCJA\mockup2.png
T:\wygenrowane_do_EU\A\0\1.jpg
T:\wygenrowane_do_EU\A\0\2.jpg
T:\wygenrowane_do_EU\A\0\3.jpg
T:\wygenrowane_do_EU\A\0\4.jpg
T:\wygenrowane_do_EU\A\0\5.jpg
T:\wygenrowane_do_EU\A\0\6.jpg
T:\wygenrowane_do_EU\A\0\miniatura1.jpg
";99;23;0;10532;1000;;;
13687;"Ceramiczne SZKŁO HARTOWANE NA SAMSUNG GALAXY A22 4G";;"GALAXY A22 4G";SAMSUNG;"11323|3|11323_1|
224017|0|Szkło hartowane na SAMSUNG GALAXY A22 4G|
219781|0|SAMSUNG GALAXY A22 4G|
207854|3|207854_234034|
249950|3|249950_1786046|
207862|1|3|
249055|3|249055_1019864|
207866|2|0,50|
207874|3|207874_1[rn]207874_2|
207878|3|207878_234050|
17448|2|0,50|
225693|0|5905573060428|
229205|3|229205_340245|
249828|3||
";29.99;"T:\wygenrowane_do_EU\A\0\miniatura_t_1.jpg
T:\wygenrowane_do_EU\KOLEKCJA\mockup.png
T:\wygenrowane_do_EU\KOLEKCJA\mockup2.png
T:\wygenrowane_do_EU\A\0\1.jpg
T:\wygenrowane_do_EU\A\0\2.jpg
T:\wygenrowane_do_EU\A\0\3.jpg
T:\wygenrowane_do_EU\A\0\4.jpg
T:\wygenrowane_do_EU\A\0\5.jpg
T:\wygenrowane_do_EU\A\0\6.jpg
T:\wygenrowane_do_EU\A\0\miniatura1.jpg
";99;23;0;10532;1000;;;
13687;"Ceramiczne SZKŁO HARTOWANE NA SAMSUNG GALAXY A33 5G";;"GALAXY A33 5G";SAMSUNG;"11323|3|11323_1|
224017|0|Szkło hartowane na SAMSUNG GALAXY A33 5G|
219781|0|SAMSUNG GALAXY A33 5G|
207854|3|207854_234034|
249950|3|249950_1786046|
207862|1|3|
249055|3|249055_1019864|
207866|2|0,50|
207874|3|207874_1[rn]207874_2|
207878|3|207878_234050|
17448|2|0,50|
225693|0|5905573060428|
229205|3|229205_340245|
249828|3||
";29.99;"T:\wygenrowane_do_EU\A\0\miniatura_t_1.jpg
T:\wygenrowane_do_EU\KOLEKCJA\mockup.png
T:\wygenrowane_do_EU\KOLEKCJA\mockup2.png
T:\wygenrowane_do_EU\A\0\1.jpg
T:\wygenrowane_do_EU\A\0\2.jpg
T:\wygenrowane_do_EU\A\0\3.jpg
T:\wygenrowane_do_EU\A\0\4.jpg
T:\wygenrowane_do_EU\A\0\5.jpg
T:\wygenrowane_do_EU\A\0\6.jpg
T:\wygenrowane_do_EU\A\0\miniatura1.jpg
";99;23;0;10532;1000;;;
13687;"Ceramiczne SZKŁO HARTOWANE NA SAMSUNG GALAXY A32 4G";;"GALAXY A32 4G";SAMSUNG;"11323|3|11323_1|
224017|0|Szkło hartowane na SAMSUNG GALAXY A32 4G|
219781|0|SAMSUNG GALAXY A32 4G|
207854|3|207854_234034|
249950|3|249950_1786046|
207862|1|3|
249055|3|249055_1019864|
207866|2|0,50|
207874|3|207874_1[rn]207874_2|
207878|3|207878_234050|
17448|2|0,50|
225693|0|5905573060428|
229205|3|229205_340245|
249828|3||
";29.99;"T:\wygenrowane_do_EU\A\0\miniatura_t_1.jpg
T:\wygenrowane_do_EU\KOLEKCJA\mockup.png
T:\wygenrowane_do_EU\KOLEKCJA\mockup2.png
T:\wygenrowane_do_EU\A\0\1.jpg
T:\wygenrowane_do_EU\A\0\2.jpg
T:\wygenrowane_do_EU\A\0\3.jpg
T:\wygenrowane_do_EU\A\0\4.jpg
T:\wygenrowane_do_EU\A\0\5.jpg
T:\wygenrowane_do_EU\A\0\6.jpg
T:\wygenrowane_do_EU\A\0\miniatura1.jpg
";99;23;0;10532;1000;;;
13688;"Ceramiczne SZKŁO HARTOWANE NA APPLE iPhone 13 PRO MAX";;"iPhone 13 PRO MAX";APPLE;"11323|3|11323_1|
224017|0|Szkło hartowane na APPLE iPhone 13 PRO MAX|
219781|0|APPLE iPhone 13 PRO MAX|
207854|3|207854_234034|
249950|3|249950_1786046|
207862|1|3|
249055|3|249055_1019864|
207866|2|0,50|
207874|3|207874_1[rn]207874_2|
207878|3|207878_234050|
17448|2|0,50|
225693|0|5905573060411|
229205|3|229205_340245|
249828|3||
";29.99;"T:\wygenrowane_do_EU\A\0\miniatura_t_1.jpg
T:\wygenrowane_do_EU\KOLEKCJA\mockup.png
T:\wygenrowane_do_EU\KOLEKCJA\mockup2.png
T:\wygenrowane_do_EU\A\0\1.jpg
T:\wygenrowane_do_EU\A\0\2.jpg
T:\wygenrowane_do_EU\A\0\3.jpg
T:\wygenrowane_do_EU\A\0\4.jpg
T:\wygenrowane_do_EU\A\0\5.jpg
T:\wygenrowane_do_EU\A\0\6.jpg
T:\wygenrowane_do_EU\A\0\miniatura1.jpg
";99;23;0;10532;1000;;;
13688;"Ceramiczne SZKŁO HARTOWANE NA APPLE iPhone 14 PLUS";;"iPhone 14 PLUS";APPLE;"11323|3|11323_1|
224017|0|Szkło hartowane na APPLE iPhone 14 PLUS|
219781|0|APPLE iPhone 14 PLUS|
207854|3|207854_234034|
249950|3|249950_1786046|
207862|1|3|
249055|3|249055_1019864|
207866|2|0,50|
207874|3|207874_1[rn]207874_2|
207878|3|207878_234050|
17448|2|0,50|
225693|0|5905573060411|
229205|3|229205_340245|
249828|3||
";29.99;"T:\wygenrowane_do_EU\A\0\miniatura_t_1.jpg
T:\wygenrowane_do_EU\KOLEKCJA\mockup.png
T:\wygenrowane_do_EU\KOLEKCJA\mockup2.png
T:\wygenrowane_do_EU\A\0\1.jpg
T:\wygenrowane_do_EU\A\0\2.jpg
T:\wygenrowane_do_EU\A\0\3.jpg
T:\wygenrowane_do_EU\A\0\4.jpg
T:\wygenrowane_do_EU\A\0\5.jpg
T:\wygenrowane_do_EU\A\0\6.jpg
T:\wygenrowane_do_EU\A\0\miniatura1.jpg
";99;23;0;10532;1000;;;
13689;"Ceramiczne SZKŁO HARTOWANE NA APPLE iPhone 6";;"iPhone 6";APPLE;"11323|3|11323_1|
224017|0|Szkło hartowane na APPLE iPhone 6|
219781|0|APPLE iPhone 6|
207854|3|207854_234034|
249950|3|249950_1786046|
207862|1|3|
249055|3|249055_1019864|
207866|2|0,50|
207874|3|207874_1[rn]207874_2|
207878|3|207878_234050|
17448|2|0,50|
225693|0|5905573060404|
229205|3|229205_340245|
249828|3||
";29.99;"T:\wygenrowane_do_EU\A\0\miniatura_t_1.jpg
T:\wygenrowane_do_EU\KOLEKCJA\mockup.png
T:\wygenrowane_do_EU\KOLEKCJA\mockup2.png
T:\wygenrowane_do_EU\A\0\1.jpg
T:\wygenrowane_do_EU\A\0\2.jpg
T:\wygenrowane_do_EU\A\0\3.jpg
T:\wygenrowane_do_EU\A\0\4.jpg
T:\wygenrowane_do_EU\A\0\5.jpg
T:\wygenrowane_do_EU\A\0\6.jpg
T:\wygenrowane_do_EU\A\0\miniatura1.jpg
";99;23;0;10532;1000;;;
13689;"Ceramiczne SZKŁO HARTOWANE NA APPLE iPhone 6s";;"iPhone 6s";APPLE;"11323|3|11323_1|
224017|0|Szkło hartowane na APPLE iPhone 6s|
219781|0|APPLE iPhone 6s|
207854|3|207854_234034|
249950|3|249950_1786046|
207862|1|3|
249055|3|249055_1019864|
207866|2|0,50|
207874|3|207874_1[rn]207874_2|
207878|3|207878_234050|
17448|2|0,50|
225693|0|5905573060404|
229205|3|229205_340245|
249828|3||
";29.99;"T:\wygenrowane_do_EU\A\0\miniatura_t_1.jpg
T:\wygenrowane_do_EU\KOLEKCJA\mockup.png
T:\wygenrowane_do_EU\KOLEKCJA\mockup2.png
T:\wygenrowane_do_EU\A\0\1.jpg
T:\wygenrowane_do_EU\A\0\2.jpg
T:\wygenrowane_do_EU\A\0\3.jpg
T:\wygenrowane_do_EU\A\0\4.jpg
T:\wygenrowane_do_EU\A\0\5.jpg
T:\wygenrowane_do_EU\A\0\6.jpg
T:\wygenrowane_do_EU\A\0\miniatura1.jpg
";99;23;0;10532;1000;;;
13690;"Ceramiczne SZKŁO HARTOWANE NA APPLE iPhone 7 PLUS";;"iPhone 7 PLUS";APPLE;"11323|3|11323_1|
224017|0|Szkło hartowane na APPLE iPhone 7 PLUS|
219781|0|APPLE iPhone 7 PLUS|
207854|3|207854_234034|
249950|3|249950_1786046|
207862|1|3|
249055|3|249055_1019864|
207866|2|0,50|
207874|3|207874_1[rn]207874_2|
207878|3|207878_234050|
17448|2|0,50|
225693|0|5905573060398|
229205|3|229205_340245|
249828|3||
";29.99;"T:\wygenrowane_do_EU\A\0\miniatura_t_1.jpg
T:\wygenrowane_do_EU\KOLEKCJA\mockup.png
T:\wygenrowane_do_EU\KOLEKCJA\mockup2.png
T:\wygenrowane_do_EU\A\0\1.jpg
T:\wygenrowane_do_EU\A\0\2.jpg
T:\wygenrowane_do_EU\A\0\3.jpg
T:\wygenrowane_do_EU\A\0\4.jpg
T:\wygenrowane_do_EU\A\0\5.jpg
T:\wygenrowane_do_EU\A\0\6.jpg
T:\wygenrowane_do_EU\A\0\miniatura1.jpg
";99;23;0;10532;1000;;;
13690;"Ceramiczne SZKŁO HARTOWANE NA APPLE iPhone 8 PLUS";;"iPhone 8 PLUS";APPLE;"11323|3|11323_1|
224017|0|Szkło hartowane na APPLE iPhone 8 PLUS|
219781|0|APPLE iPhone 8 PLUS|
207854|3|207854_234034|
249950|3|249950_1786046|
207862|1|3|
249055|3|249055_1019864|
207866|2|0,50|
207874|3|207874_1[rn]207874_2|
207878|3|207878_234050|
17448|2|0,50|
225693|0|5905573060398|
229205|3|229205_340245|
249828|3||
";29.99;"T:\wygenrowane_do_EU\A\0\miniatura_t_1.jpg
T:\wygenrowane_do_EU\KOLEKCJA\mockup.png
T:\wygenrowane_do_EU\KOLEKCJA\mockup2.png
T:\wygenrowane_do_EU\A\0\1.jpg
T:\wygenrowane_do_EU\A\0\2.jpg
T:\wygenrowane_do_EU\A\0\3.jpg
T:\wygenrowane_do_EU\A\0\4.jpg
T:\wygenrowane_do_EU\A\0\5.jpg
T:\wygenrowane_do_EU\A\0\6.jpg
T:\wygenrowane_do_EU\A\0\miniatura1.jpg
";99;23;0;10532;1000;;;
13691;"Ceramiczne SZKŁO HARTOWANE NA XIAOMI POCO X3";;"POCO X3";XIAOMI;"11323|3|11323_1|
224017|0|Szkło hartowane na XIAOMI POCO X3|
219781|0|XIAOMI POCO X3|
207854|3|207854_234034|
249950|3|249950_1786046|
207862|1|3|
249055|3|249055_1019864|
207866|2|0,50|
207874|3|207874_1[rn]207874_2|
207878|3|207878_234050|
17448|2|0,50|
225693|0|5905573060381|
229205|3|229205_340245|
249828|3||
";29.99;"T:\wygenrowane_do_EU\A\0\miniatura_t_1.jpg
T:\wygenrowane_do_EU\KOLEKCJA\mockup.png
T:\wygenrowane_do_EU\KOLEKCJA\mockup2.png
T:\wygenrowane_do_EU\A\0\1.jpg
T:\wygenrowane_do_EU\A\0\2.jpg
T:\wygenrowane_do_EU\A\0\3.jpg
T:\wygenrowane_do_EU\A\0\4.jpg
T:\wygenrowane_do_EU\A\0\5.jpg
T:\wygenrowane_do_EU\A\0\6.jpg
T:\wygenrowane_do_EU\A\0\miniatura1.jpg
";99;23;0;10532;1000;;;
13691;"Ceramiczne SZKŁO HARTOWANE NA XIAOMI POCO X3 PRO";;"POCO X3 PRO";XIAOMI;"11323|3|11323_1|
224017|0|Szkło hartowane na XIAOMI POCO X3 PRO|
219781|0|XIAOMI POCO X3 PRO|
207854|3|207854_234034|
249950|3|249950_1786046|
207862|1|3|
249055|3|249055_1019864|
207866|2|0,50|
207874|3|207874_1[rn]207874_2|
207878|3|207878_234050|
17448|2|0,50|
225693|0|5905573060381|
229205|3|229205_340245|
249828|3||
";29.99;"T:\wygenrowane_do_EU\A\0\miniatura_t_1.jpg
T:\wygenrowane_do_EU\KOLEKCJA\mockup.png
T:\wygenrowane_do_EU\KOLEKCJA\mockup2.png
T:\wygenrowane_do_EU\A\0\1.jpg
T:\wygenrowane_do_EU\A\0\2.jpg
T:\wygenrowane_do_EU\A\0\3.jpg
T:\wygenrowane_do_EU\A\0\4.jpg
T:\wygenrowane_do_EU\A\0\5.jpg
T:\wygenrowane_do_EU\A\0\6.jpg
T:\wygenrowane_do_EU\A\0\miniatura1.jpg
";99;23;0;10532;1000;;;
13691;"Ceramiczne SZKŁO HARTOWANE NA XIAOMI REDMI NOTE 10 PRO";;"REDMI NOTE 10 PRO";XIAOMI;"11323|3|11323_1|
224017|0|Szkło hartowane na XIAOMI REDMI NOTE 10 PRO|
219781|0|XIAOMI REDMI NOTE 10 PRO|
207854|3|207854_234034|
249950|3|249950_1786046|
207862|1|3|
249055|3|249055_1019864|
207866|2|0,50|
207874|3|207874_1[rn]207874_2|
207878|3|207878_234050|
17448|2|0,50|
225693|0|5905573060381|
229205|3|229205_340245|
249828|3||
";29.99;"T:\wygenrowane_do_EU\A\0\miniatura_t_1.jpg
T:\wygenrowane_do_EU\KOLEKCJA\mockup.png
T:\wygenrowane_do_EU\KOLEKCJA\mockup2.png
T:\wygenrowane_do_EU\A\0\1.jpg
T:\wygenrowane_do_EU\A\0\2.jpg
T:\wygenrowane_do_EU\A\0\3.jpg
T:\wygenrowane_do_EU\A\0\4.jpg
T:\wygenrowane_do_EU\A\0\5.jpg
T:\wygenrowane_do_EU\A\0\6.jpg
T:\wygenrowane_do_EU\A\0\miniatura1.jpg
";99;23;0;10532;1000;;;
14113;"Ceramiczne SZKŁO HARTOWANE NA SAMSUNG GALAXY S21 ULTRA";;"GALAXY S21 ULTRA";SAMSUNG;"11323|3|11323_1|
224017|0|Szkło hartowane na SAMSUNG GALAXY S21 ULTRA|
219781|0|SAMSUNG GALAXY S21 ULTRA|
207854|3|207854_234034|
249950|3|249950_1786046|
207862|1|3|
249055|3|249055_1019864|
207866|2|0,50|
207874|3|207874_1[rn]207874_2|
207878|3|207878_234050|
17448|2|0,50|
225693|0|5905573060374|
229205|3|229205_340245|
249828|3||
";29.99;"T:\wygenrowane_do_EU\A\0\miniatura_t_1.jpg
T:\wygenrowane_do_EU\KOLEKCJA\mockup.png
T:\wygenrowane_do_EU\KOLEKCJA\mockup2.png
T:\wygenrowane_do_EU\A\0\1.jpg
T:\wygenrowane_do_EU\A\0\2.jpg
T:\wygenrowane_do_EU\A\0\3.jpg
T:\wygenrowane_do_EU\A\0\4.jpg
T:\wygenrowane_do_EU\A\0\5.jpg
T:\wygenrowane_do_EU\A\0\6.jpg
T:\wygenrowane_do_EU\A\0\miniatura1.jpg
";99;23;0;10532;1000;;;
14114;"Ceramiczne SZKŁO HARTOWANE NA HUAWEI MATE 20 LITE";;"MATE 20 LITE";HUAWEI;"11323|3|11323_1|
224017|0|Szkło hartowane na HUAWEI MATE 20 LITE|
219781|0|HUAWEI MATE 20 LITE|
207854|3|207854_234034|
249950|3|249950_1786046|
207862|1|3|
249055|3|249055_1019864|
207866|2|0,50|
207874|3|207874_1[rn]207874_2|
207878|3|207878_234050|
17448|2|0,50|
225693|0|5905573060367|
229205|3|229205_340245|
249828|3||
";29.99;"T:\wygenrowane_do_EU\A\0\miniatura_t_1.jpg
T:\wygenrowane_do_EU\KOLEKCJA\mockup.png
T:\wygenrowane_do_EU\KOLEKCJA\mockup2.png
T:\wygenrowane_do_EU\A\0\1.jpg
T:\wygenrowane_do_EU\A\0\2.jpg
T:\wygenrowane_do_EU\A\0\3.jpg
T:\wygenrowane_do_EU\A\0\4.jpg
T:\wygenrowane_do_EU\A\0\5.jpg
T:\wygenrowane_do_EU\A\0\6.jpg
T:\wygenrowane_do_EU\A\0\miniatura1.jpg
";99;23;0;10532;1000;;;
14115;"Ceramiczne SZKŁO HARTOWANE NA APPLE iPhone 14 PRO MAX";;"iPhone 14 PRO MAX";APPLE;"11323|3|11323_1|
224017|0|Szkło hartowane na APPLE iPhone 14 PRO MAX|
219781|0|APPLE iPhone 14 PRO MAX|
207854|3|207854_234034|
249950|3|249950_1786046|
207862|1|3|
249055|3|249055_1019864|
207866|2|0,50|
207874|3|207874_1[rn]207874_2|
207878|3|207878_234050|
17448|2|0,50|
225693|0|5905573060350|
229205|3|229205_340245|
249828|3||
";29.99;"T:\wygenrowane_do_EU\A\0\miniatura_t_1.jpg
T:\wygenrowane_do_EU\KOLEKCJA\mockup.png
T:\wygenrowane_do_EU\KOLEKCJA\mockup2.png
T:\wygenrowane_do_EU\A\0\1.jpg
T:\wygenrowane_do_EU\A\0\2.jpg
T:\wygenrowane_do_EU\A\0\3.jpg
T:\wygenrowane_do_EU\A\0\4.jpg
T:\wygenrowane_do_EU\A\0\5.jpg
T:\wygenrowane_do_EU\A\0\6.jpg
T:\wygenrowane_do_EU\A\0\miniatura1.jpg
";99;23;0;10532;1000;;;
14116;"Ceramiczne SZKŁO HARTOWANE NA HUAWEI Y6 2018";;"Y6 2018";HUAWEI;"11323|3|11323_1|
224017|0|Szkło hartowane na HUAWEI Y6 2018|
219781|0|HUAWEI Y6 2018|
207854|3|207854_234034|
249950|3|249950_1786046|
207862|1|3|
249055|3|249055_1019864|
207866|2|0,50|
207874|3|207874_1[rn]207874_2|
207878|3|207878_234050|
17448|2|0,50|
225693|0|5905573060343|
229205|3|229205_340245|
249828|3||
";29.99;"T:\wygenrowane_do_EU\A\0\miniatura_t_1.jpg
T:\wygenrowane_do_EU\KOLEKCJA\mockup.png
T:\wygenrowane_do_EU\KOLEKCJA\mockup2.png
T:\wygenrowane_do_EU\A\0\1.jpg
T:\wygenrowane_do_EU\A\0\2.jpg
T:\wygenrowane_do_EU\A\0\3.jpg
T:\wygenrowane_do_EU\A\0\4.jpg
T:\wygenrowane_do_EU\A\0\5.jpg
T:\wygenrowane_do_EU\A\0\6.jpg
T:\wygenrowane_do_EU\A\0\miniatura1.jpg
";99;23;0;10532;1000;;;
14116;"Ceramiczne SZKŁO HARTOWANE NA HUAWEI Y6 prime 2018";;"Y6 prime 2018";HUAWEI;"11323|3|11323_1|
224017|0|Szkło hartowane na HUAWEI Y6 prime 2018|
219781|0|HUAWEI Y6 prime 2018|
207854|3|207854_234034|
249950|3|249950_1786046|
207862|1|3|
249055|3|249055_1019864|
207866|2|0,50|
207874|3|207874_1[rn]207874_2|
207878|3|207878_234050|
17448|2|0,50|
225693|0|5905573060343|
229205|3|229205_340245|
249828|3||
";29.99;"T:\wygenrowane_do_EU\A\0\miniatura_t_1.jpg
T:\wygenrowane_do_EU\KOLEKCJA\mockup.png
T:\wygenrowane_do_EU\KOLEKCJA\mockup2.png
T:\wygenrowane_do_EU\A\0\1.jpg
T:\wygenrowane_do_EU\A\0\2.jpg
T:\wygenrowane_do_EU\A\0\3.jpg
T:\wygenrowane_do_EU\A\0\4.jpg
T:\wygenrowane_do_EU\A\0\5.jpg
T:\wygenrowane_do_EU\A\0\6.jpg
T:\wygenrowane_do_EU\A\0\miniatura1.jpg
";99;23;0;10532;1000;;;
14123;"Ceramiczne SZKŁO HARTOWANE NA MOTOROLA EDGE 30";;"EDGE 30";MOTOROLA;"11323|3|11323_1|
224017|0|Szkło hartowane na MOTOROLA EDGE 30|
219781|0|MOTOROLA EDGE 30|
207854|3|207854_234034|
249950|3|249950_1786046|
207862|1|3|
249055|3|249055_1019864|
207866|2|0,50|
207874|3|207874_1[rn]207874_2|
207878|3|207878_234050|
17448|2|0,50|
225693|0|5905573060336|
229205|3|229205_340245|
249828|3||
";29.99;"T:\wygenrowane_do_EU\A\0\miniatura_t_1.jpg
T:\wygenrowane_do_EU\KOLEKCJA\mockup.png
T:\wygenrowane_do_EU\KOLEKCJA\mockup2.png
T:\wygenrowane_do_EU\A\0\1.jpg
T:\wygenrowane_do_EU\A\0\2.jpg
T:\wygenrowane_do_EU\A\0\3.jpg
T:\wygenrowane_do_EU\A\0\4.jpg
T:\wygenrowane_do_EU\A\0\5.jpg
T:\wygenrowane_do_EU\A\0\6.jpg
T:\wygenrowane_do_EU\A\0\miniatura1.jpg
";99;23;0;10532;1000;;;
14124;"Ceramiczne SZKŁO HARTOWANE NA OPPO A15";;A15;OPPO;"11323|3|11323_1|
224017|0|Szkło hartowane na OPPO A15|
219781|0|OPPO A15|
207854|3|207854_234034|
249950|3|249950_1786046|
207862|1|3|
249055|3|249055_1019864|
207866|2|0,50|
207874|3|207874_1[rn]207874_2|
207878|3|207878_234050|
17448|2|0,50|
225693|0|5905573060329|
229205|3|229205_340245|
249828|3||
";29.99;"T:\wygenrowane_do_EU\A\0\miniatura_t_1.jpg
T:\wygenrowane_do_EU\KOLEKCJA\mockup.png
T:\wygenrowane_do_EU\KOLEKCJA\mockup2.png
T:\wygenrowane_do_EU\A\0\1.jpg
T:\wygenrowane_do_EU\A\0\2.jpg
T:\wygenrowane_do_EU\A\0\3.jpg
T:\wygenrowane_do_EU\A\0\4.jpg
T:\wygenrowane_do_EU\A\0\5.jpg
T:\wygenrowane_do_EU\A\0\6.jpg
T:\wygenrowane_do_EU\A\0\miniatura1.jpg
";99;23;0;10532;1000;;;
14124;"Ceramiczne SZKŁO HARTOWANE NA OPPO A15S";;A15S;OPPO;"11323|3|11323_1|
224017|0|Szkło hartowane na OPPO A15S|
219781|0|OPPO A15S|
207854|3|207854_234034|
249950|3|249950_1786046|
207862|1|3|
249055|3|249055_1019864|
207866|2|0,50|
207874|3|207874_1[rn]207874_2|
207878|3|207878_234050|
17448|2|0,50|
225693|0|5905573060329|
229205|3|229205_340245|
249828|3||
";29.99;"T:\wygenrowane_do_EU\A\0\miniatura_t_1.jpg
T:\wygenrowane_do_EU\KOLEKCJA\mockup.png
T:\wygenrowane_do_EU\KOLEKCJA\mockup2.png
T:\wygenrowane_do_EU\A\0\1.jpg
T:\wygenrowane_do_EU\A\0\2.jpg
T:\wygenrowane_do_EU\A\0\3.jpg
T:\wygenrowane_do_EU\A\0\4.jpg
T:\wygenrowane_do_EU\A\0\5.jpg
T:\wygenrowane_do_EU\A\0\6.jpg
T:\wygenrowane_do_EU\A\0\miniatura1.jpg
";99;23;0;10532;1000;;;
14124;"Ceramiczne SZKŁO HARTOWANE NA OPPO A16";;A16;OPPO;"11323|3|11323_1|
224017|0|Szkło hartowane na OPPO A16|
219781|0|OPPO A16|
207854|3|207854_234034|
249950|3|249950_1786046|
207862|1|3|
249055|3|249055_1019864|
207866|2|0,50|
207874|3|207874_1[rn]207874_2|
207878|3|207878_234050|
17448|2|0,50|
225693|0|5905573060329|
229205|3|229205_340245|
249828|3||
";29.99;"T:\wygenrowane_do_EU\A\0\miniatura_t_1.jpg
T:\wygenrowane_do_EU\KOLEKCJA\mockup.png
T:\wygenrowane_do_EU\KOLEKCJA\mockup2.png
T:\wygenrowane_do_EU\A\0\1.jpg
T:\wygenrowane_do_EU\A\0\2.jpg
T:\wygenrowane_do_EU\A\0\3.jpg
T:\wygenrowane_do_EU\A\0\4.jpg
T:\wygenrowane_do_EU\A\0\5.jpg
T:\wygenrowane_do_EU\A\0\6.jpg
T:\wygenrowane_do_EU\A\0\miniatura1.jpg
";99;23;0;10532;1000;;;
14124;"Ceramiczne SZKŁO HARTOWANE NA OPPO A54S";;A54S;OPPO;"11323|3|11323_1|
224017|0|Szkło hartowane na OPPO A54S|
219781|0|OPPO A54S|
207854|3|207854_234034|
249950|3|249950_1786046|
207862|1|3|
249055|3|249055_1019864|
207866|2|0,50|
207874|3|207874_1[rn]207874_2|
207878|3|207878_234050|
17448|2|0,50|
225693|0|5905573060329|
229205|3|229205_340245|
249828|3||
";29.99;"T:\wygenrowane_do_EU\A\0\miniatura_t_1.jpg
T:\wygenrowane_do_EU\KOLEKCJA\mockup.png
T:\wygenrowane_do_EU\KOLEKCJA\mockup2.png
T:\wygenrowane_do_EU\A\0\1.jpg
T:\wygenrowane_do_EU\A\0\2.jpg
T:\wygenrowane_do_EU\A\0\3.jpg
T:\wygenrowane_do_EU\A\0\4.jpg
T:\wygenrowane_do_EU\A\0\5.jpg
T:\wygenrowane_do_EU\A\0\6.jpg
T:\wygenrowane_do_EU\A\0\miniatura1.jpg
";99;23;0;10532;1000;;;
14124;"Ceramiczne SZKŁO HARTOWANE NA OPPO A16S";;A16S;OPPO;"11323|3|11323_1|
224017|0|Szkło hartowane na OPPO A16S|
219781|0|OPPO A16S|
207854|3|207854_234034|
249950|3|249950_1786046|
207862|1|3|
249055|3|249055_1019864|
207866|2|0,50|
207874|3|207874_1[rn]207874_2|
207878|3|207878_234050|
17448|2|0,50|
225693|0|5905573060329|
229205|3|229205_340245|
249828|3||
";29.99;"T:\wygenrowane_do_EU\A\0\miniatura_t_1.jpg
T:\wygenrowane_do_EU\KOLEKCJA\mockup.png
T:\wygenrowane_do_EU\KOLEKCJA\mockup2.png
T:\wygenrowane_do_EU\A\0\1.jpg
T:\wygenrowane_do_EU\A\0\2.jpg
T:\wygenrowane_do_EU\A\0\3.jpg
T:\wygenrowane_do_EU\A\0\4.jpg
T:\wygenrowane_do_EU\A\0\5.jpg
T:\wygenrowane_do_EU\A\0\6.jpg
T:\wygenrowane_do_EU\A\0\miniatura1.jpg
";99;23;0;10532;1000;;;
14124;"Ceramiczne SZKŁO HARTOWANE NA OPPO A56S";;A56S;OPPO;"11323|3|11323_1|
224017|0|Szkło hartowane na OPPO A56S|
219781|0|OPPO A56S|
207854|3|207854_234034|
249950|3|249950_1786046|
207862|1|3|
249055|3|249055_1019864|
207866|2|0,50|
207874|3|207874_1[rn]207874_2|
207878|3|207878_234050|
17448|2|0,50|
225693|0|5905573060329|
229205|3|229205_340245|
249828|3||
";29.99;"T:\wygenrowane_do_EU\A\0\miniatura_t_1.jpg
T:\wygenrowane_do_EU\KOLEKCJA\mockup.png
T:\wygenrowane_do_EU\KOLEKCJA\mockup2.png
T:\wygenrowane_do_EU\A\0\1.jpg
T:\wygenrowane_do_EU\A\0\2.jpg
T:\wygenrowane_do_EU\A\0\3.jpg
T:\wygenrowane_do_EU\A\0\4.jpg
T:\wygenrowane_do_EU\A\0\5.jpg
T:\wygenrowane_do_EU\A\0\6.jpg
T:\wygenrowane_do_EU\A\0\miniatura1.jpg
";99;23;0;10532;1000;;;
14124;"Ceramiczne SZKŁO HARTOWANE NA OPPO A17";;A17;OPPO;"11323|3|11323_1|
224017|0|Szkło hartowane na OPPO A17|
219781|0|OPPO A17|
207854|3|207854_234034|
249950|3|249950_1786046|
207862|1|3|
249055|3|249055_1019864|
207866|2|0,50|
207874|3|207874_1[rn]207874_2|
207878|3|207878_234050|
17448|2|0,50|
225693|0|5905573060329|
229205|3|229205_340245|
249828|3||
";29.99;"T:\wygenrowane_do_EU\A\0\miniatura_t_1.jpg
T:\wygenrowane_do_EU\KOLEKCJA\mockup.png
T:\wygenrowane_do_EU\KOLEKCJA\mockup2.png
T:\wygenrowane_do_EU\A\0\1.jpg
T:\wygenrowane_do_EU\A\0\2.jpg
T:\wygenrowane_do_EU\A\0\3.jpg
T:\wygenrowane_do_EU\A\0\4.jpg
T:\wygenrowane_do_EU\A\0\5.jpg
T:\wygenrowane_do_EU\A\0\6.jpg
T:\wygenrowane_do_EU\A\0\miniatura1.jpg
";99;23;0;10532;1000;;;
14124;"Ceramiczne SZKŁO HARTOWANE NA OPPO A17K";;A17K;OPPO;"11323|3|11323_1|
224017|0|Szkło hartowane na OPPO A17K|
219781|0|OPPO A17K|
207854|3|207854_234034|
249950|3|249950_1786046|
207862|1|3|
249055|3|249055_1019864|
207866|2|0,50|
207874|3|207874_1[rn]207874_2|
207878|3|207878_234050|
17448|2|0,50|
225693|0|5905573060329|
229205|3|229205_340245|
249828|3||
";29.99;"T:\wygenrowane_do_EU\A\0\miniatura_t_1.jpg
T:\wygenrowane_do_EU\KOLEKCJA\mockup.png
T:\wygenrowane_do_EU\KOLEKCJA\mockup2.png
T:\wygenrowane_do_EU\A\0\1.jpg
T:\wygenrowane_do_EU\A\0\2.jpg
T:\wygenrowane_do_EU\A\0\3.jpg
T:\wygenrowane_do_EU\A\0\4.jpg
T:\wygenrowane_do_EU\A\0\5.jpg
T:\wygenrowane_do_EU\A\0\6.jpg
T:\wygenrowane_do_EU\A\0\miniatura1.jpg
";99;23;0;10532;1000;;;
14124;"Ceramiczne SZKŁO HARTOWANE NA OPPO A17K";;A17K;OPPO;"11323|3|11323_1|
224017|0|Szkło hartowane na OPPO A17K|
219781|0|OPPO A17K|
207854|3|207854_234034|
249950|3|249950_1786046|
207862|1|3|
249055|3|249055_1019864|
207866|2|0,50|
207874|3|207874_1[rn]207874_2|
207878|3|207878_234050|
17448|2|0,50|
225693|0|5905573060329|
229205|3|229205_340245|
249828|3||
";29.99;"T:\wygenrowane_do_EU\A\0\miniatura_t_1.jpg
T:\wygenrowane_do_EU\KOLEKCJA\mockup.png
T:\wygenrowane_do_EU\KOLEKCJA\mockup2.png
T:\wygenrowane_do_EU\A\0\1.jpg
T:\wygenrowane_do_EU\A\0\2.jpg
T:\wygenrowane_do_EU\A\0\3.jpg
T:\wygenrowane_do_EU\A\0\4.jpg
T:\wygenrowane_do_EU\A\0\5.jpg
T:\wygenrowane_do_EU\A\0\6.jpg
T:\wygenrowane_do_EU\A\0\miniatura1.jpg
";99;23;0;10532;1000;;;
14124;"Ceramiczne SZKŁO HARTOWANE NA OPPO A57 4G";;"A57 4G";OPPO;"11323|3|11323_1|
224017|0|Szkło hartowane na OPPO A57 4G|
219781|0|OPPO A57 4G|
207854|3|207854_234034|
249950|3|249950_1786046|
207862|1|3|
249055|3|249055_1019864|
207866|2|0,50|
207874|3|207874_1[rn]207874_2|
207878|3|207878_234050|
17448|2|0,50|
225693|0|5905573060329|
229205|3|229205_340245|
249828|3||
";29.99;"T:\wygenrowane_do_EU\A\0\miniatura_t_1.jpg
T:\wygenrowane_do_EU\KOLEKCJA\mockup.png
T:\wygenrowane_do_EU\KOLEKCJA\mockup2.png
T:\wygenrowane_do_EU\A\0\1.jpg
T:\wygenrowane_do_EU\A\0\2.jpg
T:\wygenrowane_do_EU\A\0\3.jpg
T:\wygenrowane_do_EU\A\0\4.jpg
T:\wygenrowane_do_EU\A\0\5.jpg
T:\wygenrowane_do_EU\A\0\6.jpg
T:\wygenrowane_do_EU\A\0\miniatura1.jpg
";99;23;0;10532;1000;;;
14124;"Ceramiczne SZKŁO HARTOWANE NA OPPO A57S";;A57S;OPPO;"11323|3|11323_1|
224017|0|Szkło hartowane na OPPO A57S|
219781|0|OPPO A57S|
207854|3|207854_234034|
249950|3|249950_1786046|
207862|1|3|
249055|3|249055_1019864|
207866|2|0,50|
207874|3|207874_1[rn]207874_2|
207878|3|207878_234050|
17448|2|0,50|
225693|0|5905573060329|
229205|3|229205_340245|
249828|3||
";29.99;"T:\wygenrowane_do_EU\A\0\miniatura_t_1.jpg
T:\wygenrowane_do_EU\KOLEKCJA\mockup.png
T:\wygenrowane_do_EU\KOLEKCJA\mockup2.png
T:\wygenrowane_do_EU\A\0\1.jpg
T:\wygenrowane_do_EU\A\0\2.jpg
T:\wygenrowane_do_EU\A\0\3.jpg
T:\wygenrowane_do_EU\A\0\4.jpg
T:\wygenrowane_do_EU\A\0\5.jpg
T:\wygenrowane_do_EU\A\0\6.jpg
T:\wygenrowane_do_EU\A\0\miniatura1.jpg
";99;23;0;10532;1000;;;
14124;"Ceramiczne SZKŁO HARTOWANE NA OPPO A57E";;A57E;OPPO;"11323|3|11323_1|
224017|0|Szkło hartowane na OPPO A57E|
219781|0|OPPO A57E|
207854|3|207854_234034|
249950|3|249950_1786046|
207862|1|3|
249055|3|249055_1019864|
207866|2|0,50|
207874|3|207874_1[rn]207874_2|
207878|3|207878_234050|
17448|2|0,50|
225693|0|5905573060329|
229205|3|229205_340245|
249828|3||
";29.99;"T:\wygenrowane_do_EU\A\0\miniatura_t_1.jpg
T:\wygenrowane_do_EU\KOLEKCJA\mockup.png
T:\wygenrowane_do_EU\KOLEKCJA\mockup2.png
T:\wygenrowane_do_EU\A\0\1.jpg
T:\wygenrowane_do_EU\A\0\2.jpg
T:\wygenrowane_do_EU\A\0\3.jpg
T:\wygenrowane_do_EU\A\0\4.jpg
T:\wygenrowane_do_EU\A\0\5.jpg
T:\wygenrowane_do_EU\A\0\6.jpg
T:\wygenrowane_do_EU\A\0\miniatura1.jpg
";99;23;0;10532;1000;;;
14124;"Ceramiczne SZKŁO HARTOWANE NA OPPO A58 5G";;"A58 5G";OPPO;"11323|3|11323_1|
224017|0|Szkło hartowane na OPPO A58 5G|
219781|0|OPPO A58 5G|
207854|3|207854_234034|
249950|3|249950_1786046|
207862|1|3|
249055|3|249055_1019864|
207866|2|0,50|
207874|3|207874_1[rn]207874_2|
207878|3|207878_234050|
17448|2|0,50|
225693|0|5905573060329|
229205|3|229205_340245|
249828|3||
";29.99;"T:\wygenrowane_do_EU\A\0\miniatura_t_1.jpg
T:\wygenrowane_do_EU\KOLEKCJA\mockup.png
T:\wygenrowane_do_EU\KOLEKCJA\mockup2.png
T:\wygenrowane_do_EU\A\0\1.jpg
T:\wygenrowane_do_EU\A\0\2.jpg
T:\wygenrowane_do_EU\A\0\3.jpg
T:\wygenrowane_do_EU\A\0\4.jpg
T:\wygenrowane_do_EU\A\0\5.jpg
T:\wygenrowane_do_EU\A\0\6.jpg
T:\wygenrowane_do_EU\A\0\miniatura1.jpg
";99;23;0;10532;1000;;;
14124;"Ceramiczne SZKŁO HARTOWANE NA OPPO A77";;A77;OPPO;"11323|3|11323_1|
224017|0|Szkło hartowane na OPPO A77|
219781|0|OPPO A77|
207854|3|207854_234034|
249950|3|249950_1786046|
207862|1|3|
249055|3|249055_1019864|
207866|2|0,50|
207874|3|207874_1[rn]207874_2|
207878|3|207878_234050|
17448|2|0,50|
225693|0|5905573060329|
229205|3|229205_340245|
249828|3||
";29.99;"T:\wygenrowane_do_EU\A\0\miniatura_t_1.jpg
T:\wygenrowane_do_EU\KOLEKCJA\mockup.png
T:\wygenrowane_do_EU\KOLEKCJA\mockup2.png
T:\wygenrowane_do_EU\A\0\1.jpg
T:\wygenrowane_do_EU\A\0\2.jpg
T:\wygenrowane_do_EU\A\0\3.jpg
T:\wygenrowane_do_EU\A\0\4.jpg
T:\wygenrowane_do_EU\A\0\5.jpg
T:\wygenrowane_do_EU\A\0\6.jpg
T:\wygenrowane_do_EU\A\0\miniatura1.jpg
";99;23;0;10532;1000;;;
14124;"Ceramiczne SZKŁO HARTOWANE NA OPPO A57 5G";;"A57 5G";OPPO;"11323|3|11323_1|
224017|0|Szkło hartowane na OPPO A57 5G|
219781|0|OPPO A57 5G|
207854|3|207854_234034|
249950|3|249950_1786046|
207862|1|3|
249055|3|249055_1019864|
207866|2|0,50|
207874|3|207874_1[rn]207874_2|
207878|3|207878_234050|
17448|2|0,50|
225693|0|5905573060329|
229205|3|229205_340245|
249828|3||
";29.99;"T:\wygenrowane_do_EU\A\0\miniatura_t_1.jpg
T:\wygenrowane_do_EU\KOLEKCJA\mockup.png
T:\wygenrowane_do_EU\KOLEKCJA\mockup2.png
T:\wygenrowane_do_EU\A\0\1.jpg
T:\wygenrowane_do_EU\A\0\2.jpg
T:\wygenrowane_do_EU\A\0\3.jpg
T:\wygenrowane_do_EU\A\0\4.jpg
T:\wygenrowane_do_EU\A\0\5.jpg
T:\wygenrowane_do_EU\A\0\6.jpg
T:\wygenrowane_do_EU\A\0\miniatura1.jpg
";99;23;0;10532;1000;;;
14124;"Ceramiczne SZKŁO HARTOWANE NA OPPO A77 4G";;"A77 4G";OPPO;"11323|3|11323_1|
224017|0|Szkło hartowane na OPPO A77 4G|
219781|0|OPPO A77 4G|
207854|3|207854_234034|
249950|3|249950_1786046|
207862|1|3|
249055|3|249055_1019864|
207866|2|0,50|
207874|3|207874_1[rn]207874_2|
207878|3|207878_234050|
17448|2|0,50|
225693|0|5905573060329|
229205|3|229205_340245|
249828|3||
";29.99;"T:\wygenrowane_do_EU\A\0\miniatura_t_1.jpg
T:\wygenrowane_do_EU\KOLEKCJA\mockup.png
T:\wygenrowane_do_EU\KOLEKCJA\mockup2.png
T:\wygenrowane_do_EU\A\0\1.jpg
T:\wygenrowane_do_EU\A\0\2.jpg
T:\wygenrowane_do_EU\A\0\3.jpg
T:\wygenrowane_do_EU\A\0\4.jpg
T:\wygenrowane_do_EU\A\0\5.jpg
T:\wygenrowane_do_EU\A\0\6.jpg
T:\wygenrowane_do_EU\A\0\miniatura1.jpg
";99;23;0;10532;1000;;;
14155;"Ceramiczne SZKŁO HARTOWANE NA XIAOMI 13";;13;XIAOMI;"11323|3|11323_1|
224017|0|Szkło hartowane na XIAOMI 13|
219781|0|XIAOMI 13|
207854|3|207854_234034|
249950|3|249950_1786046|
207862|1|3|
249055|3|249055_1019864|
207866|2|0,50|
207874|3|207874_1[rn]207874_2|
207878|3|207878_234050|
17448|2|0,50|
225693|0|5905573060312|
229205|3|229205_340245|
249828|3||
";29.99;"T:\wygenrowane_do_EU\A\0\miniatura_t_1.jpg
T:\wygenrowane_do_EU\KOLEKCJA\mockup.png
T:\wygenrowane_do_EU\KOLEKCJA\mockup2.png
T:\wygenrowane_do_EU\A\0\1.jpg
T:\wygenrowane_do_EU\A\0\2.jpg
T:\wygenrowane_do_EU\A\0\3.jpg
T:\wygenrowane_do_EU\A\0\4.jpg
T:\wygenrowane_do_EU\A\0\5.jpg
T:\wygenrowane_do_EU\A\0\6.jpg
T:\wygenrowane_do_EU\A\0\miniatura1.jpg
";99;23;0;10532;1000;;;
14156;"Ceramiczne SZKŁO HARTOWANE NA MOTOROLA MOTO G31";;"MOTO G31";MOTOROLA;"11323|3|11323_1|
224017|0|Szkło hartowane na MOTOROLA MOTO G31|
219781|0|MOTOROLA MOTO G31|
207854|3|207854_234034|
249950|3|249950_1786046|
207862|1|3|
249055|3|249055_1019864|
207866|2|0,50|
207874|3|207874_1[rn]207874_2|
207878|3|207878_234050|
17448|2|0,50|
225693|0|5905573060305|
229205|3|229205_340245|
249828|3||
";29.99;"T:\wygenrowane_do_EU\A\0\miniatura_t_1.jpg
T:\wygenrowane_do_EU\KOLEKCJA\mockup.png
T:\wygenrowane_do_EU\KOLEKCJA\mockup2.png
T:\wygenrowane_do_EU\A\0\1.jpg
T:\wygenrowane_do_EU\A\0\2.jpg
T:\wygenrowane_do_EU\A\0\3.jpg
T:\wygenrowane_do_EU\A\0\4.jpg
T:\wygenrowane_do_EU\A\0\5.jpg
T:\wygenrowane_do_EU\A\0\6.jpg
T:\wygenrowane_do_EU\A\0\miniatura1.jpg
";99;23;0;10532;1000;;;
14157;"Ceramiczne SZKŁO HARTOWANE NA SAMSUNG GALAXY M02";;"GALAXY M02";SAMSUNG;"11323|3|11323_1|
224017|0|Szkło hartowane na SAMSUNG GALAXY M02|
219781|0|SAMSUNG GALAXY M02|
207854|3|207854_234034|
249950|3|249950_1786046|
207862|1|3|
249055|3|249055_1019864|
207866|2|0,50|
207874|3|207874_1[rn]207874_2|
207878|3|207878_234050|
17448|2|0,50|
225693|0|5905573060299|
229205|3|229205_340245|
249828|3||
";29.99;"T:\wygenrowane_do_EU\A\0\miniatura_t_1.jpg
T:\wygenrowane_do_EU\KOLEKCJA\mockup.png
T:\wygenrowane_do_EU\KOLEKCJA\mockup2.png
T:\wygenrowane_do_EU\A\0\1.jpg
T:\wygenrowane_do_EU\A\0\2.jpg
T:\wygenrowane_do_EU\A\0\3.jpg
T:\wygenrowane_do_EU\A\0\4.jpg
T:\wygenrowane_do_EU\A\0\5.jpg
T:\wygenrowane_do_EU\A\0\6.jpg
T:\wygenrowane_do_EU\A\0\miniatura1.jpg
";99;23;0;10532;1000;;;
14157;"Ceramiczne SZKŁO HARTOWANE NA SAMSUNG GALAXY M02S";;"GALAXY M02S";SAMSUNG;"11323|3|11323_1|
224017|0|Szkło hartowane na SAMSUNG GALAXY M02S|
219781|0|SAMSUNG GALAXY M02S|
207854|3|207854_234034|
249950|3|249950_1786046|
207862|1|3|
249055|3|249055_1019864|
207866|2|0,50|
207874|3|207874_1[rn]207874_2|
207878|3|207878_234050|
17448|2|0,50|
225693|0|5905573060299|
229205|3|229205_340245|
249828|3||
";29.99;"T:\wygenrowane_do_EU\A\0\miniatura_t_1.jpg
T:\wygenrowane_do_EU\KOLEKCJA\mockup.png
T:\wygenrowane_do_EU\KOLEKCJA\mockup2.png
T:\wygenrowane_do_EU\A\0\1.jpg
T:\wygenrowane_do_EU\A\0\2.jpg
T:\wygenrowane_do_EU\A\0\3.jpg
T:\wygenrowane_do_EU\A\0\4.jpg
T:\wygenrowane_do_EU\A\0\5.jpg
T:\wygenrowane_do_EU\A\0\6.jpg
T:\wygenrowane_do_EU\A\0\miniatura1.jpg
";99;23;0;10532;1000;;;
14157;"Ceramiczne SZKŁO HARTOWANE NA SAMSUNG GALAXY A20S";;"GALAXY A20S";SAMSUNG;"11323|3|11323_1|
224017|0|Szkło hartowane na SAMSUNG GALAXY A20S|
219781|0|SAMSUNG GALAXY A20S|
207854|3|207854_234034|
249950|3|249950_1786046|
207862|1|3|
249055|3|249055_1019864|
207866|2|0,50|
207874|3|207874_1[rn]207874_2|
207878|3|207878_234050|
17448|2|0,50|
225693|0|5905573060299|
229205|3|229205_340245|
249828|3||
";29.99;"T:\wygenrowane_do_EU\A\0\miniatura_t_1.jpg
T:\wygenrowane_do_EU\KOLEKCJA\mockup.png
T:\wygenrowane_do_EU\KOLEKCJA\mockup2.png
T:\wygenrowane_do_EU\A\0\1.jpg
T:\wygenrowane_do_EU\A\0\2.jpg
T:\wygenrowane_do_EU\A\0\3.jpg
T:\wygenrowane_do_EU\A\0\4.jpg
T:\wygenrowane_do_EU\A\0\5.jpg
T:\wygenrowane_do_EU\A\0\6.jpg
T:\wygenrowane_do_EU\A\0\miniatura1.jpg
";99;23;0;10532;1000;;;
14157;"Ceramiczne SZKŁO HARTOWANE NA SAMSUNG GALAXY A03S";;"GALAXY A03S";SAMSUNG;"11323|3|11323_1|
224017|0|Szkło hartowane na SAMSUNG GALAXY A03S|
219781|0|SAMSUNG GALAXY A03S|
207854|3|207854_234034|
249950|3|249950_1786046|
207862|1|3|
249055|3|249055_1019864|
207866|2|0,50|
207874|3|207874_1[rn]207874_2|
207878|3|207878_234050|
17448|2|0,50|
225693|0|5905573060299|
229205|3|229205_340245|
249828|3||
";29.99;"T:\wygenrowane_do_EU\A\0\miniatura_t_1.jpg
T:\wygenrowane_do_EU\KOLEKCJA\mockup.png
T:\wygenrowane_do_EU\KOLEKCJA\mockup2.png
T:\wygenrowane_do_EU\A\0\1.jpg
T:\wygenrowane_do_EU\A\0\2.jpg
T:\wygenrowane_do_EU\A\0\3.jpg
T:\wygenrowane_do_EU\A\0\4.jpg
T:\wygenrowane_do_EU\A\0\5.jpg
T:\wygenrowane_do_EU\A\0\6.jpg
T:\wygenrowane_do_EU\A\0\miniatura1.jpg
";99;23;0;10532;1000;;;
14157;"Ceramiczne SZKŁO HARTOWANE NA SAMSUNG GALAXY A02";;"GALAXY A02";SAMSUNG;"11323|3|11323_1|
224017|0|Szkło hartowane na SAMSUNG GALAXY A02|
219781|0|SAMSUNG GALAXY A02|
207854|3|207854_234034|
249950|3|249950_1786046|
207862|1|3|
249055|3|249055_1019864|
207866|2|0,50|
207874|3|207874_1[rn]207874_2|
207878|3|207878_234050|
17448|2|0,50|
225693|0|5905573060299|
229205|3|229205_340245|
249828|3||
";29.99;"T:\wygenrowane_do_EU\A\0\miniatura_t_1.jpg
T:\wygenrowane_do_EU\KOLEKCJA\mockup.png
T:\wygenrowane_do_EU\KOLEKCJA\mockup2.png
T:\wygenrowane_do_EU\A\0\1.jpg
T:\wygenrowane_do_EU\A\0\2.jpg
T:\wygenrowane_do_EU\A\0\3.jpg
T:\wygenrowane_do_EU\A\0\4.jpg
T:\wygenrowane_do_EU\A\0\5.jpg
T:\wygenrowane_do_EU\A\0\6.jpg
T:\wygenrowane_do_EU\A\0\miniatura1.jpg
";99;23;0;10532;1000;;;
14157;"Ceramiczne SZKŁO HARTOWANE NA SAMSUNG GALAXY A02S";;"GALAXY A02S";SAMSUNG;"11323|3|11323_1|
224017|0|Szkło hartowane na SAMSUNG GALAXY A02S|
219781|0|SAMSUNG GALAXY A02S|
207854|3|207854_234034|
249950|3|249950_1786046|
207862|1|3|
249055|3|249055_1019864|
207866|2|0,50|
207874|3|207874_1[rn]207874_2|
207878|3|207878_234050|
17448|2|0,50|
225693|0|5905573060299|
229205|3|229205_340245|
249828|3||
";29.99;"T:\wygenrowane_do_EU\A\0\miniatura_t_1.jpg
T:\wygenrowane_do_EU\KOLEKCJA\mockup.png
T:\wygenrowane_do_EU\KOLEKCJA\mockup2.png
T:\wygenrowane_do_EU\A\0\1.jpg
T:\wygenrowane_do_EU\A\0\2.jpg
T:\wygenrowane_do_EU\A\0\3.jpg
T:\wygenrowane_do_EU\A\0\4.jpg
T:\wygenrowane_do_EU\A\0\5.jpg
T:\wygenrowane_do_EU\A\0\6.jpg
T:\wygenrowane_do_EU\A\0\miniatura1.jpg
";99;23;0;10532;1000;;;
14157;"Ceramiczne SZKŁO HARTOWANE NA SAMSUNG GALAXY A70";;"GALAXY A70";SAMSUNG;"11323|3|11323_1|
224017|0|Szkło hartowane na SAMSUNG GALAXY A70|
219781|0|SAMSUNG GALAXY A70|
207854|3|207854_234034|
249950|3|249950_1786046|
207862|1|3|
249055|3|249055_1019864|
207866|2|0,50|
207874|3|207874_1[rn]207874_2|
207878|3|207878_234050|
17448|2|0,50|
225693|0|5905573060299|
229205|3|229205_340245|
249828|3||
";29.99;"T:\wygenrowane_do_EU\A\0\miniatura_t_1.jpg
T:\wygenrowane_do_EU\KOLEKCJA\mockup.png
T:\wygenrowane_do_EU\KOLEKCJA\mockup2.png
T:\wygenrowane_do_EU\A\0\1.jpg
T:\wygenrowane_do_EU\A\0\2.jpg
T:\wygenrowane_do_EU\A\0\3.jpg
T:\wygenrowane_do_EU\A\0\4.jpg
T:\wygenrowane_do_EU\A\0\5.jpg
T:\wygenrowane_do_EU\A\0\6.jpg
T:\wygenrowane_do_EU\A\0\miniatura1.jpg
";99;23;0;10532;1000;;;
14157;"Ceramiczne SZKŁO HARTOWANE NA REALME C55";;C55;REALME;"11323|3|11323_1|
224017|0|Szkło hartowane na REALME C55|
219781|0|REALME C55|
207854|3|207854_234034|
249950|3|249950_1786046|
207862|1|3|
249055|3|249055_1019864|
207866|2|0,50|
207874|3|207874_1[rn]207874_2|
207878|3|207878_234050|
17448|2|0,50|
225693|0|5905573060299|
229205|3|229205_340245|
249828|3||
";29.99;"T:\wygenrowane_do_EU\A\0\miniatura_t_1.jpg
T:\wygenrowane_do_EU\KOLEKCJA\mockup.png
T:\wygenrowane_do_EU\KOLEKCJA\mockup2.png
T:\wygenrowane_do_EU\A\0\1.jpg
T:\wygenrowane_do_EU\A\0\2.jpg
T:\wygenrowane_do_EU\A\0\3.jpg
T:\wygenrowane_do_EU\A\0\4.jpg
T:\wygenrowane_do_EU\A\0\5.jpg
T:\wygenrowane_do_EU\A\0\6.jpg
T:\wygenrowane_do_EU\A\0\miniatura1.jpg
";99;23;0;10532;1000;;;
14158;"Ceramiczne SZKŁO HARTOWANE NA XIAOMI POCO M5";;"POCO M5";XIAOMI;"11323|3|11323_1|
224017|0|Szkło hartowane na XIAOMI POCO M5|
219781|0|XIAOMI POCO M5|
207854|3|207854_234034|
249950|3|249950_1786046|
207862|1|3|
249055|3|249055_1019864|
207866|2|0,50|
207874|3|207874_1[rn]207874_2|
207878|3|207878_234050|
17448|2|0,50|
225693|0|5905573060282|
229205|3|229205_340245|
249828|3||
";29.99;"T:\wygenrowane_do_EU\A\0\miniatura_t_1.jpg
T:\wygenrowane_do_EU\KOLEKCJA\mockup.png
T:\wygenrowane_do_EU\KOLEKCJA\mockup2.png
T:\wygenrowane_do_EU\A\0\1.jpg
T:\wygenrowane_do_EU\A\0\2.jpg
T:\wygenrowane_do_EU\A\0\3.jpg
T:\wygenrowane_do_EU\A\0\4.jpg
T:\wygenrowane_do_EU\A\0\5.jpg
T:\wygenrowane_do_EU\A\0\6.jpg
T:\wygenrowane_do_EU\A\0\miniatura1.jpg
";99;23;0;10532;1000;;;
14158;"Ceramiczne SZKŁO HARTOWANE NA XIAOMI REDMI 10 5G";;"REDMI 10 5G";XIAOMI;"11323|3|11323_1|
224017|0|Szkło hartowane na XIAOMI REDMI 10 5G|
219781|0|XIAOMI REDMI 10 5G|
207854|3|207854_234034|
249950|3|249950_1786046|
207862|1|3|
249055|3|249055_1019864|
207866|2|0,50|
207874|3|207874_1[rn]207874_2|
207878|3|207878_234050|
17448|2|0,50|
225693|0|5905573060282|
229205|3|229205_340245|
249828|3||
";29.99;"T:\wygenrowane_do_EU\A\0\miniatura_t_1.jpg
T:\wygenrowane_do_EU\KOLEKCJA\mockup.png
T:\wygenrowane_do_EU\KOLEKCJA\mockup2.png
T:\wygenrowane_do_EU\A\0\1.jpg
T:\wygenrowane_do_EU\A\0\2.jpg
T:\wygenrowane_do_EU\A\0\3.jpg
T:\wygenrowane_do_EU\A\0\4.jpg
T:\wygenrowane_do_EU\A\0\5.jpg
T:\wygenrowane_do_EU\A\0\6.jpg
T:\wygenrowane_do_EU\A\0\miniatura1.jpg
";99;23;0;10532;1000;;;
14158;"Ceramiczne SZKŁO HARTOWANE NA NOKIA 5.3";;5.3;NOKIA;"11323|3|11323_1|
224017|0|Szkło hartowane na NOKIA 5.3|
219781|0|NOKIA 5.3|
207854|3|207854_234034|
249950|3|249950_1786046|
207862|1|3|
249055|3|249055_1019864|
207866|2|0,50|
207874|3|207874_1[rn]207874_2|
207878|3|207878_234050|
17448|2|0,50|
225693|0|5905573060282|
229205|3|229205_340245|
249828|3||
";29.99;"T:\wygenrowane_do_EU\A\0\miniatura_t_1.jpg
T:\wygenrowane_do_EU\KOLEKCJA\mockup.png
T:\wygenrowane_do_EU\KOLEKCJA\mockup2.png
T:\wygenrowane_do_EU\A\0\1.jpg
T:\wygenrowane_do_EU\A\0\2.jpg
T:\wygenrowane_do_EU\A\0\3.jpg
T:\wygenrowane_do_EU\A\0\4.jpg
T:\wygenrowane_do_EU\A\0\5.jpg
T:\wygenrowane_do_EU\A\0\6.jpg
T:\wygenrowane_do_EU\A\0\miniatura1.jpg
";99;23;0;10532;1000;;;
14158;"Ceramiczne SZKŁO HARTOWANE NA MOTOROLA MOTO G8 POWER LITE";;"MOTO G8 POWER LITE";MOTOROLA;"11323|3|11323_1|
224017|0|Szkło hartowane na MOTOROLA MOTO G8 POWER LITE|
219781|0|MOTOROLA MOTO G8 POWER LITE|
207854|3|207854_234034|
249950|3|249950_1786046|
207862|1|3|
249055|3|249055_1019864|
207866|2|0,50|
207874|3|207874_1[rn]207874_2|
207878|3|207878_234050|
17448|2|0,50|
225693|0|5905573060282|
229205|3|229205_340245|
249828|3||
";29.99;"T:\wygenrowane_do_EU\A\0\miniatura_t_1.jpg
T:\wygenrowane_do_EU\KOLEKCJA\mockup.png
T:\wygenrowane_do_EU\KOLEKCJA\mockup2.png
T:\wygenrowane_do_EU\A\0\1.jpg
T:\wygenrowane_do_EU\A\0\2.jpg
T:\wygenrowane_do_EU\A\0\3.jpg
T:\wygenrowane_do_EU\A\0\4.jpg
T:\wygenrowane_do_EU\A\0\5.jpg
T:\wygenrowane_do_EU\A\0\6.jpg
T:\wygenrowane_do_EU\A\0\miniatura1.jpg
";99;23;0;10532;1000;;;
14158;"Ceramiczne SZKŁO HARTOWANE NA MOTOROLA MOTO E22";;"MOTO E22";MOTOROLA;"11323|3|11323_1|
224017|0|Szkło hartowane na MOTOROLA MOTO E22|
219781|0|MOTOROLA MOTO E22|
207854|3|207854_234034|
249950|3|249950_1786046|
207862|1|3|
249055|3|249055_1019864|
207866|2|0,50|
207874|3|207874_1[rn]207874_2|
207878|3|207878_234050|
17448|2|0,50|
225693|0|5905573060282|
229205|3|229205_340245|
249828|3||
";29.99;"T:\wygenrowane_do_EU\A\0\miniatura_t_1.jpg
T:\wygenrowane_do_EU\KOLEKCJA\mockup.png
T:\wygenrowane_do_EU\KOLEKCJA\mockup2.png
T:\wygenrowane_do_EU\A\0\1.jpg
T:\wygenrowane_do_EU\A\0\2.jpg
T:\wygenrowane_do_EU\A\0\3.jpg
T:\wygenrowane_do_EU\A\0\4.jpg
T:\wygenrowane_do_EU\A\0\5.jpg
T:\wygenrowane_do_EU\A\0\6.jpg
T:\wygenrowane_do_EU\A\0\miniatura1.jpg
";99;23;0;10532;1000;;;
14158;"Ceramiczne SZKŁO HARTOWANE NA MOTOROLA MOTO E22I";;"MOTO E22I";MOTOROLA;"11323|3|11323_1|
224017|0|Szkło hartowane na MOTOROLA MOTO E22I|
219781|0|MOTOROLA MOTO E22I|
207854|3|207854_234034|
249950|3|249950_1786046|
207862|1|3|
249055|3|249055_1019864|
207866|2|0,50|
207874|3|207874_1[rn]207874_2|
207878|3|207878_234050|
17448|2|0,50|
225693|0|5905573060282|
229205|3|229205_340245|
249828|3||
";29.99;"T:\wygenrowane_do_EU\A\0\miniatura_t_1.jpg
T:\wygenrowane_do_EU\KOLEKCJA\mockup.png
T:\wygenrowane_do_EU\KOLEKCJA\mockup2.png
T:\wygenrowane_do_EU\A\0\1.jpg
T:\wygenrowane_do_EU\A\0\2.jpg
T:\wygenrowane_do_EU\A\0\3.jpg
T:\wygenrowane_do_EU\A\0\4.jpg
T:\wygenrowane_do_EU\A\0\5.jpg
T:\wygenrowane_do_EU\A\0\6.jpg
T:\wygenrowane_do_EU\A\0\miniatura1.jpg
";99;23;0;10532;1000;;;
14158;"Ceramiczne SZKŁO HARTOWANE NA REALME C30";;C30;REALME;"11323|3|11323_1|
224017|0|Szkło hartowane na REALME C30|
219781|0|REALME C30|
207854|3|207854_234034|
249950|3|249950_1786046|
207862|1|3|
249055|3|249055_1019864|
207866|2|0,50|
207874|3|207874_1[rn]207874_2|
207878|3|207878_234050|
17448|2|0,50|
225693|0|5905573060282|
229205|3|229205_340245|
249828|3||
";29.99;"T:\wygenrowane_do_EU\A\0\miniatura_t_1.jpg
T:\wygenrowane_do_EU\KOLEKCJA\mockup.png
T:\wygenrowane_do_EU\KOLEKCJA\mockup2.png
T:\wygenrowane_do_EU\A\0\1.jpg
T:\wygenrowane_do_EU\A\0\2.jpg
T:\wygenrowane_do_EU\A\0\3.jpg
T:\wygenrowane_do_EU\A\0\4.jpg
T:\wygenrowane_do_EU\A\0\5.jpg
T:\wygenrowane_do_EU\A\0\6.jpg
T:\wygenrowane_do_EU\A\0\miniatura1.jpg
";99;23;0;10532;1000;;;
14158;"Ceramiczne SZKŁO HARTOWANE NA HUAWEI NOVA Y61";;"NOVA Y61";HUAWEI;"11323|3|11323_1|
224017|0|Szkło hartowane na HUAWEI NOVA Y61|
219781|0|HUAWEI NOVA Y61|
207854|3|207854_234034|
249950|3|249950_1786046|
207862|1|3|
249055|3|249055_1019864|
207866|2|0,50|
207874|3|207874_1[rn]207874_2|
207878|3|207878_234050|
17448|2|0,50|
225693|0|5905573060282|
229205|3|229205_340245|
249828|3||
";29.99;"T:\wygenrowane_do_EU\A\0\miniatura_t_1.jpg
T:\wygenrowane_do_EU\KOLEKCJA\mockup.png
T:\wygenrowane_do_EU\KOLEKCJA\mockup2.png
T:\wygenrowane_do_EU\A\0\1.jpg
T:\wygenrowane_do_EU\A\0\2.jpg
T:\wygenrowane_do_EU\A\0\3.jpg
T:\wygenrowane_do_EU\A\0\4.jpg
T:\wygenrowane_do_EU\A\0\5.jpg
T:\wygenrowane_do_EU\A\0\6.jpg
T:\wygenrowane_do_EU\A\0\miniatura1.jpg
";99;23;0;10532;1000;;;
14159;"Ceramiczne SZKŁO HARTOWANE NA SAMSUNG GALAXY A40";;"GALAXY A40";SAMSUNG;"11323|3|11323_1|
224017|0|Szkło hartowane na SAMSUNG GALAXY A40|
219781|0|SAMSUNG GALAXY A40|
207854|3|207854_234034|
249950|3|249950_1786046|
207862|1|3|
249055|3|249055_1019864|
207866|2|0,50|
207874|3|207874_1[rn]207874_2|
207878|3|207878_234050|
17448|2|0,50|
225693|0|5905573060275|
229205|3|229205_340245|
249828|3||
";29.99;"T:\wygenrowane_do_EU\A\0\miniatura_t_1.jpg
T:\wygenrowane_do_EU\KOLEKCJA\mockup.png
T:\wygenrowane_do_EU\KOLEKCJA\mockup2.png
T:\wygenrowane_do_EU\A\0\1.jpg
T:\wygenrowane_do_EU\A\0\2.jpg
T:\wygenrowane_do_EU\A\0\3.jpg
T:\wygenrowane_do_EU\A\0\4.jpg
T:\wygenrowane_do_EU\A\0\5.jpg
T:\wygenrowane_do_EU\A\0\6.jpg
T:\wygenrowane_do_EU\A\0\miniatura1.jpg
";99;23;0;10532;1000;;;
14208;"Ceramiczne SZKŁO HARTOWANE NA SAMSUNG GALAXY A10";;"GALAXY A10";SAMSUNG;"11323|3|11323_1|
224017|0|Szkło hartowane na SAMSUNG GALAXY A10|
219781|0|SAMSUNG GALAXY A10|
207854|3|207854_234034|
249950|3|249950_1786046|
207862|1|3|
249055|3|249055_1019864|
207866|2|0,50|
207874|3|207874_1[rn]207874_2|
207878|3|207878_234050|
17448|2|0,50|
225693|0|5905573060268|
229205|3|229205_340245|
249828|3||
";29.99;"T:\wygenrowane_do_EU\A\0\miniatura_t_1.jpg
T:\wygenrowane_do_EU\KOLEKCJA\mockup.png
T:\wygenrowane_do_EU\KOLEKCJA\mockup2.png
T:\wygenrowane_do_EU\A\0\1.jpg
T:\wygenrowane_do_EU\A\0\2.jpg
T:\wygenrowane_do_EU\A\0\3.jpg
T:\wygenrowane_do_EU\A\0\4.jpg
T:\wygenrowane_do_EU\A\0\5.jpg
T:\wygenrowane_do_EU\A\0\6.jpg
T:\wygenrowane_do_EU\A\0\miniatura1.jpg
";99;23;0;10532;1000;;;
14208;"Ceramiczne SZKŁO HARTOWANE NA SAMSUNG GALAXY A10S";;"GALAXY A10S";SAMSUNG;"11323|3|11323_1|
224017|0|Szkło hartowane na SAMSUNG GALAXY A10S|
219781|0|SAMSUNG GALAXY A10S|
207854|3|207854_234034|
249950|3|249950_1786046|
207862|1|3|
249055|3|249055_1019864|
207866|2|0,50|
207874|3|207874_1[rn]207874_2|
207878|3|207878_234050|
17448|2|0,50|
225693|0|5905573060268|
229205|3|229205_340245|
249828|3||
";29.99;"T:\wygenrowane_do_EU\A\0\miniatura_t_1.jpg
T:\wygenrowane_do_EU\KOLEKCJA\mockup.png
T:\wygenrowane_do_EU\KOLEKCJA\mockup2.png
T:\wygenrowane_do_EU\A\0\1.jpg
T:\wygenrowane_do_EU\A\0\2.jpg
T:\wygenrowane_do_EU\A\0\3.jpg
T:\wygenrowane_do_EU\A\0\4.jpg
T:\wygenrowane_do_EU\A\0\5.jpg
T:\wygenrowane_do_EU\A\0\6.jpg
T:\wygenrowane_do_EU\A\0\miniatura1.jpg
";99;23;0;10532;1000;;;
14229;"Ceramiczne SZKŁO HARTOWANE NA XIAOMI REDMI NOTE 9 PRO";;"REDMI NOTE 9 PRO";XIAOMI;"11323|3|11323_1|
224017|0|Szkło hartowane na XIAOMI REDMI NOTE 9 PRO|
219781|0|XIAOMI REDMI NOTE 9 PRO|
207854|3|207854_234034|
249950|3|249950_1786046|
207862|1|3|
249055|3|249055_1019864|
207866|2|0,50|
207874|3|207874_1[rn]207874_2|
207878|3|207878_234050|
17448|2|0,50|
225693|0|5905573060251|
229205|3|229205_340245|
249828|3||
";29.99;"T:\wygenrowane_do_EU\A\0\miniatura_t_1.jpg
T:\wygenrowane_do_EU\KOLEKCJA\mockup.png
T:\wygenrowane_do_EU\KOLEKCJA\mockup2.png
T:\wygenrowane_do_EU\A\0\1.jpg
T:\wygenrowane_do_EU\A\0\2.jpg
T:\wygenrowane_do_EU\A\0\3.jpg
T:\wygenrowane_do_EU\A\0\4.jpg
T:\wygenrowane_do_EU\A\0\5.jpg
T:\wygenrowane_do_EU\A\0\6.jpg
T:\wygenrowane_do_EU\A\0\miniatura1.jpg
";99;23;0;10532;1000;;;
14229;"Ceramiczne SZKŁO HARTOWANE NA XIAOMI REDMI NOTE 9 PRO 5G";;"REDMI NOTE 9 PRO 5G";XIAOMI;"11323|3|11323_1|
224017|0|Szkło hartowane na XIAOMI REDMI NOTE 9 PRO 5G|
219781|0|XIAOMI REDMI NOTE 9 PRO 5G|
207854|3|207854_234034|
249950|3|249950_1786046|
207862|1|3|
249055|3|249055_1019864|
207866|2|0,50|
207874|3|207874_1[rn]207874_2|
207878|3|207878_234050|
17448|2|0,50|
225693|0|5905573060251|
229205|3|229205_340245|
249828|3||
";29.99;"T:\wygenrowane_do_EU\A\0\miniatura_t_1.jpg
T:\wygenrowane_do_EU\KOLEKCJA\mockup.png
T:\wygenrowane_do_EU\KOLEKCJA\mockup2.png
T:\wygenrowane_do_EU\A\0\1.jpg
T:\wygenrowane_do_EU\A\0\2.jpg
T:\wygenrowane_do_EU\A\0\3.jpg
T:\wygenrowane_do_EU\A\0\4.jpg
T:\wygenrowane_do_EU\A\0\5.jpg
T:\wygenrowane_do_EU\A\0\6.jpg
T:\wygenrowane_do_EU\A\0\miniatura1.jpg
";99;23;0;10532;1000;;;
14229;"Ceramiczne SZKŁO HARTOWANE NA XIAOMI REDMI NOTE 9 PRO MAX";;"REDMI NOTE 9 PRO MAX";XIAOMI;"11323|3|11323_1|
224017|0|Szkło hartowane na XIAOMI REDMI NOTE 9 PRO MAX|
219781|0|XIAOMI REDMI NOTE 9 PRO MAX|
207854|3|207854_234034|
249950|3|249950_1786046|
207862|1|3|
249055|3|249055_1019864|
207866|2|0,50|
207874|3|207874_1[rn]207874_2|
207878|3|207878_234050|
17448|2|0,50|
225693|0|5905573060251|
229205|3|229205_340245|
249828|3||
";29.99;"T:\wygenrowane_do_EU\A\0\miniatura_t_1.jpg
T:\wygenrowane_do_EU\KOLEKCJA\mockup.png
T:\wygenrowane_do_EU\KOLEKCJA\mockup2.png
T:\wygenrowane_do_EU\A\0\1.jpg
T:\wygenrowane_do_EU\A\0\2.jpg
T:\wygenrowane_do_EU\A\0\3.jpg
T:\wygenrowane_do_EU\A\0\4.jpg
T:\wygenrowane_do_EU\A\0\5.jpg
T:\wygenrowane_do_EU\A\0\6.jpg
T:\wygenrowane_do_EU\A\0\miniatura1.jpg
";99;23;0;10532;1000;;;
14229;"Ceramiczne SZKŁO HARTOWANE NA XIAOMI REDMI NOTE 9S";;"REDMI NOTE 9S";XIAOMI;"11323|3|11323_1|
224017|0|Szkło hartowane na XIAOMI REDMI NOTE 9S|
219781|0|XIAOMI REDMI NOTE 9S|
207854|3|207854_234034|
249950|3|249950_1786046|
207862|1|3|
249055|3|249055_1019864|
207866|2|0,50|
207874|3|207874_1[rn]207874_2|
207878|3|207878_234050|
17448|2|0,50|
225693|0|5905573060251|
229205|3|229205_340245|
249828|3||
";29.99;"T:\wygenrowane_do_EU\A\0\miniatura_t_1.jpg
T:\wygenrowane_do_EU\KOLEKCJA\mockup.png
T:\wygenrowane_do_EU\KOLEKCJA\mockup2.png
T:\wygenrowane_do_EU\A\0\1.jpg
T:\wygenrowane_do_EU\A\0\2.jpg
T:\wygenrowane_do_EU\A\0\3.jpg
T:\wygenrowane_do_EU\A\0\4.jpg
T:\wygenrowane_do_EU\A\0\5.jpg
T:\wygenrowane_do_EU\A\0\6.jpg
T:\wygenrowane_do_EU\A\0\miniatura1.jpg
";99;23;0;10532;1000;;;
14229;"Ceramiczne SZKŁO HARTOWANE NA XIAOMI REDMI NOTE 9S";;"REDMI NOTE 9S";XIAOMI;"11323|3|11323_1|
224017|0|Szkło hartowane na XIAOMI REDMI NOTE 9S|
219781|0|XIAOMI REDMI NOTE 9S|
207854|3|207854_234034|
249950|3|249950_1786046|
207862|1|3|
249055|3|249055_1019864|
207866|2|0,50|
207874|3|207874_1[rn]207874_2|
207878|3|207878_234050|
17448|2|0,50|
225693|0|5905573060251|
229205|3|229205_340245|
249828|3||
";29.99;"T:\wygenrowane_do_EU\A\0\miniatura_t_1.jpg
T:\wygenrowane_do_EU\KOLEKCJA\mockup.png
T:\wygenrowane_do_EU\KOLEKCJA\mockup2.png
T:\wygenrowane_do_EU\A\0\1.jpg
T:\wygenrowane_do_EU\A\0\2.jpg
T:\wygenrowane_do_EU\A\0\3.jpg
T:\wygenrowane_do_EU\A\0\4.jpg
T:\wygenrowane_do_EU\A\0\5.jpg
T:\wygenrowane_do_EU\A\0\6.jpg
T:\wygenrowane_do_EU\A\0\miniatura1.jpg
";99;23;0;10532;1000;;;
14229;"Ceramiczne SZKŁO HARTOWANE NA XIAOMI POCO F2 PRO";;"POCO F2 PRO";XIAOMI;"11323|3|11323_1|
224017|0|Szkło hartowane na XIAOMI POCO F2 PRO|
219781|0|XIAOMI POCO F2 PRO|
207854|3|207854_234034|
249950|3|249950_1786046|
207862|1|3|
249055|3|249055_1019864|
207866|2|0,50|
207874|3|207874_1[rn]207874_2|
207878|3|207878_234050|
17448|2|0,50|
225693|0|5905573060251|
229205|3|229205_340245|
249828|3||
";29.99;"T:\wygenrowane_do_EU\A\0\miniatura_t_1.jpg
T:\wygenrowane_do_EU\KOLEKCJA\mockup.png
T:\wygenrowane_do_EU\KOLEKCJA\mockup2.png
T:\wygenrowane_do_EU\A\0\1.jpg
T:\wygenrowane_do_EU\A\0\2.jpg
T:\wygenrowane_do_EU\A\0\3.jpg
T:\wygenrowane_do_EU\A\0\4.jpg
T:\wygenrowane_do_EU\A\0\5.jpg
T:\wygenrowane_do_EU\A\0\6.jpg
T:\wygenrowane_do_EU\A\0\miniatura1.jpg
";99;23;0;10532;1000;;;
14229;"Ceramiczne SZKŁO HARTOWANE NA XIAOMI MI 10i";;"MI 10i";XIAOMI;"11323|3|11323_1|
224017|0|Szkło hartowane na XIAOMI MI 10i|
219781|0|XIAOMI MI 10i|
207854|3|207854_234034|
249950|3|249950_1786046|
207862|1|3|
249055|3|249055_1019864|
207866|2|0,50|
207874|3|207874_1[rn]207874_2|
207878|3|207878_234050|
17448|2|0,50|
225693|0|5905573060251|
229205|3|229205_340245|
249828|3||
";29.99;"T:\wygenrowane_do_EU\A\0\miniatura_t_1.jpg
T:\wygenrowane_do_EU\KOLEKCJA\mockup.png
T:\wygenrowane_do_EU\KOLEKCJA\mockup2.png
T:\wygenrowane_do_EU\A\0\1.jpg
T:\wygenrowane_do_EU\A\0\2.jpg
T:\wygenrowane_do_EU\A\0\3.jpg
T:\wygenrowane_do_EU\A\0\4.jpg
T:\wygenrowane_do_EU\A\0\5.jpg
T:\wygenrowane_do_EU\A\0\6.jpg
T:\wygenrowane_do_EU\A\0\miniatura1.jpg
";99;23;0;10532;1000;;;
14230;"Ceramiczne SZKŁO HARTOWANE NA XIAOMI REDMI NOTE 8T";;"REDMI NOTE 8T";XIAOMI;"11323|3|11323_1|
224017|0|Szkło hartowane na XIAOMI REDMI NOTE 8T|
219781|0|XIAOMI REDMI NOTE 8T|
207854|3|207854_234034|
249950|3|249950_1786046|
207862|1|3|
249055|3|249055_1019864|
207866|2|0,50|
207874|3|207874_1[rn]207874_2|
207878|3|207878_234050|
17448|2|0,50|
225693|0|5905573060244|
229205|3|229205_340245|
249828|3||
";29.99;"T:\wygenrowane_do_EU\A\0\miniatura_t_1.jpg
T:\wygenrowane_do_EU\KOLEKCJA\mockup.png
T:\wygenrowane_do_EU\KOLEKCJA\mockup2.png
T:\wygenrowane_do_EU\A\0\1.jpg
T:\wygenrowane_do_EU\A\0\2.jpg
T:\wygenrowane_do_EU\A\0\3.jpg
T:\wygenrowane_do_EU\A\0\4.jpg
T:\wygenrowane_do_EU\A\0\5.jpg
T:\wygenrowane_do_EU\A\0\6.jpg
T:\wygenrowane_do_EU\A\0\miniatura1.jpg
";99;23;0;10532;1000;;;
14241;"Ceramiczne SZKŁO HARTOWANE NA XIAOMI POCO F4";;"POCO F4";XIAOMI;"11323|3|11323_1|
224017|0|Szkło hartowane na XIAOMI POCO F4|
219781|0|XIAOMI POCO F4|
207854|3|207854_234034|
249950|3|249950_1786046|
207862|1|3|
249055|3|249055_1019864|
207866|2|0,50|
207874|3|207874_1[rn]207874_2|
207878|3|207878_234050|
17448|2|0,50|
225693|0|5905573060237|
229205|3|229205_340245|
249828|3||
";29.99;"T:\wygenrowane_do_EU\A\0\miniatura_t_1.jpg
T:\wygenrowane_do_EU\KOLEKCJA\mockup.png
T:\wygenrowane_do_EU\KOLEKCJA\mockup2.png
T:\wygenrowane_do_EU\A\0\1.jpg
T:\wygenrowane_do_EU\A\0\2.jpg
T:\wygenrowane_do_EU\A\0\3.jpg
T:\wygenrowane_do_EU\A\0\4.jpg
T:\wygenrowane_do_EU\A\0\5.jpg
T:\wygenrowane_do_EU\A\0\6.jpg
T:\wygenrowane_do_EU\A\0\miniatura1.jpg
";99;23;0;10532;1000;;;
14242;"Ceramiczne SZKŁO HARTOWANE NA HUAWEI NOVA 10 SE";;"NOVA 10 SE";HUAWEI;"11323|3|11323_1|
224017|0|Szkło hartowane na HUAWEI NOVA 10 SE|
219781|0|HUAWEI NOVA 10 SE|
207854|3|207854_234034|
249950|3|249950_1786046|
207862|1|3|
249055|3|249055_1019864|
207866|2|0,50|
207874|3|207874_1[rn]207874_2|
207878|3|207878_234050|
17448|2|0,50|
225693|0|5905573060220|
229205|3|229205_340245|
249828|3||
";29.99;"T:\wygenrowane_do_EU\A\0\miniatura_t_1.jpg
T:\wygenrowane_do_EU\KOLEKCJA\mockup.png
T:\wygenrowane_do_EU\KOLEKCJA\mockup2.png
T:\wygenrowane_do_EU\A\0\1.jpg
T:\wygenrowane_do_EU\A\0\2.jpg
T:\wygenrowane_do_EU\A\0\3.jpg
T:\wygenrowane_do_EU\A\0\4.jpg
T:\wygenrowane_do_EU\A\0\5.jpg
T:\wygenrowane_do_EU\A\0\6.jpg
T:\wygenrowane_do_EU\A\0\miniatura1.jpg
";99;23;0;10532;1000;;;
14242;"Ceramiczne SZKŁO HARTOWANE NA OPPO F11 PRO";;"F11 PRO";OPPO;"11323|3|11323_1|
224017|0|Szkło hartowane na OPPO F11 PRO|
219781|0|OPPO F11 PRO|
207854|3|207854_234034|
249950|3|249950_1786046|
207862|1|3|
249055|3|249055_1019864|
207866|2|0,50|
207874|3|207874_1[rn]207874_2|
207878|3|207878_234050|
17448|2|0,50|
225693|0|5905573060220|
229205|3|229205_340245|
249828|3||
";29.99;"T:\wygenrowane_do_EU\A\0\miniatura_t_1.jpg
T:\wygenrowane_do_EU\KOLEKCJA\mockup.png
T:\wygenrowane_do_EU\KOLEKCJA\mockup2.png
T:\wygenrowane_do_EU\A\0\1.jpg
T:\wygenrowane_do_EU\A\0\2.jpg
T:\wygenrowane_do_EU\A\0\3.jpg
T:\wygenrowane_do_EU\A\0\4.jpg
T:\wygenrowane_do_EU\A\0\5.jpg
T:\wygenrowane_do_EU\A\0\6.jpg
T:\wygenrowane_do_EU\A\0\miniatura1.jpg
";99;23;0;10532;1000;;;
14242;"Ceramiczne SZKŁO HARTOWANE NA MOTOROLA MOTO G52";;"MOTO G52";MOTOROLA;"11323|3|11323_1|
224017|0|Szkło hartowane na MOTOROLA MOTO G52|
219781|0|MOTOROLA MOTO G52|
207854|3|207854_234034|
249950|3|249950_1786046|
207862|1|3|
249055|3|249055_1019864|
207866|2|0,50|
207874|3|207874_1[rn]207874_2|
207878|3|207878_234050|
17448|2|0,50|
225693|0|5905573060220|
229205|3|229205_340245|
249828|3||
";29.99;"T:\wygenrowane_do_EU\A\0\miniatura_t_1.jpg
T:\wygenrowane_do_EU\KOLEKCJA\mockup.png
T:\wygenrowane_do_EU\KOLEKCJA\mockup2.png
T:\wygenrowane_do_EU\A\0\1.jpg
T:\wygenrowane_do_EU\A\0\2.jpg
T:\wygenrowane_do_EU\A\0\3.jpg
T:\wygenrowane_do_EU\A\0\4.jpg
T:\wygenrowane_do_EU\A\0\5.jpg
T:\wygenrowane_do_EU\A\0\6.jpg
T:\wygenrowane_do_EU\A\0\miniatura1.jpg
";99;23;0;10532;1000;;;
14242;"Ceramiczne SZKŁO HARTOWANE NA MOTOROLA MOTO G71S";;"MOTO G71S";MOTOROLA;"11323|3|11323_1|
224017|0|Szkło hartowane na MOTOROLA MOTO G71S|
219781|0|MOTOROLA MOTO G71S|
207854|3|207854_234034|
249950|3|249950_1786046|
207862|1|3|
249055|3|249055_1019864|
207866|2|0,50|
207874|3|207874_1[rn]207874_2|
207878|3|207878_234050|
17448|2|0,50|
225693|0|5905573060220|
229205|3|229205_340245|
249828|3||
";29.99;"T:\wygenrowane_do_EU\A\0\miniatura_t_1.jpg
T:\wygenrowane_do_EU\KOLEKCJA\mockup.png
T:\wygenrowane_do_EU\KOLEKCJA\mockup2.png
T:\wygenrowane_do_EU\A\0\1.jpg
T:\wygenrowane_do_EU\A\0\2.jpg
T:\wygenrowane_do_EU\A\0\3.jpg
T:\wygenrowane_do_EU\A\0\4.jpg
T:\wygenrowane_do_EU\A\0\5.jpg
T:\wygenrowane_do_EU\A\0\6.jpg
T:\wygenrowane_do_EU\A\0\miniatura1.jpg
";99;23;0;10532;1000;;;
14242;"Ceramiczne SZKŁO HARTOWANE NA MOTOROLA MOTO G82";;"MOTO G82";MOTOROLA;"11323|3|11323_1|
224017|0|Szkło hartowane na MOTOROLA MOTO G82|
219781|0|MOTOROLA MOTO G82|
207854|3|207854_234034|
249950|3|249950_1786046|
207862|1|3|
249055|3|249055_1019864|
207866|2|0,50|
207874|3|207874_1[rn]207874_2|
207878|3|207878_234050|
17448|2|0,50|
225693|0|5905573060220|
229205|3|229205_340245|
249828|3||
";29.99;"T:\wygenrowane_do_EU\A\0\miniatura_t_1.jpg
T:\wygenrowane_do_EU\KOLEKCJA\mockup.png
T:\wygenrowane_do_EU\KOLEKCJA\mockup2.png
T:\wygenrowane_do_EU\A\0\1.jpg
T:\wygenrowane_do_EU\A\0\2.jpg
T:\wygenrowane_do_EU\A\0\3.jpg
T:\wygenrowane_do_EU\A\0\4.jpg
T:\wygenrowane_do_EU\A\0\5.jpg
T:\wygenrowane_do_EU\A\0\6.jpg
T:\wygenrowane_do_EU\A\0\miniatura1.jpg
";99;23;0;10532;1000;;;
14242;"Ceramiczne SZKŁO HARTOWANE NA XIAOMI 12 LITE";;"12 LITE";XIAOMI;"11323|3|11323_1|
224017|0|Szkło hartowane na XIAOMI 12 LITE|
219781|0|XIAOMI 12 LITE|
207854|3|207854_234034|
249950|3|249950_1786046|
207862|1|3|
249055|3|249055_1019864|
207866|2|0,50|
207874|3|207874_1[rn]207874_2|
207878|3|207878_234050|
17448|2|0,50|
225693|0|5905573060220|
229205|3|229205_340245|
249828|3||
";29.99;"T:\wygenrowane_do_EU\A\0\miniatura_t_1.jpg
T:\wygenrowane_do_EU\KOLEKCJA\mockup.png
T:\wygenrowane_do_EU\KOLEKCJA\mockup2.png
T:\wygenrowane_do_EU\A\0\1.jpg
T:\wygenrowane_do_EU\A\0\2.jpg
T:\wygenrowane_do_EU\A\0\3.jpg
T:\wygenrowane_do_EU\A\0\4.jpg
T:\wygenrowane_do_EU\A\0\5.jpg
T:\wygenrowane_do_EU\A\0\6.jpg
T:\wygenrowane_do_EU\A\0\miniatura1.jpg
";99;23;0;10532;1000;;;
14242;"Ceramiczne SZKŁO HARTOWANE NA XIAOMI POCO M4 PRO";;"POCO M4 PRO";XIAOMI;"11323|3|11323_1|
224017|0|Szkło hartowane na XIAOMI POCO M4 PRO|
219781|0|XIAOMI POCO M4 PRO|
207854|3|207854_234034|
249950|3|249950_1786046|
207862|1|3|
249055|3|249055_1019864|
207866|2|0,50|
207874|3|207874_1[rn]207874_2|
207878|3|207878_234050|
17448|2|0,50|
225693|0|5905573060220|
229205|3|229205_340245|
249828|3||
";29.99;"T:\wygenrowane_do_EU\A\0\miniatura_t_1.jpg
T:\wygenrowane_do_EU\KOLEKCJA\mockup.png
T:\wygenrowane_do_EU\KOLEKCJA\mockup2.png
T:\wygenrowane_do_EU\A\0\1.jpg
T:\wygenrowane_do_EU\A\0\2.jpg
T:\wygenrowane_do_EU\A\0\3.jpg
T:\wygenrowane_do_EU\A\0\4.jpg
T:\wygenrowane_do_EU\A\0\5.jpg
T:\wygenrowane_do_EU\A\0\6.jpg
T:\wygenrowane_do_EU\A\0\miniatura1.jpg
";99;23;0;10532;1000;;;
14243;"Ceramiczne SZKŁO HARTOWANE NA MOTOROLA EDGE 20";;"EDGE 20";MOTOROLA;"11323|3|11323_1|
224017|0|Szkło hartowane na MOTOROLA EDGE 20|
219781|0|MOTOROLA EDGE 20|
207854|3|207854_234034|
249950|3|249950_1786046|
207862|1|3|
249055|3|249055_1019864|
207866|2|0,50|
207874|3|207874_1[rn]207874_2|
207878|3|207878_234050|
17448|2|0,50|
225693|0|5905573060213|
229205|3|229205_340245|
249828|3||
";29.99;"T:\wygenrowane_do_EU\A\0\miniatura_t_1.jpg
T:\wygenrowane_do_EU\KOLEKCJA\mockup.png
T:\wygenrowane_do_EU\KOLEKCJA\mockup2.png
T:\wygenrowane_do_EU\A\0\1.jpg
T:\wygenrowane_do_EU\A\0\2.jpg
T:\wygenrowane_do_EU\A\0\3.jpg
T:\wygenrowane_do_EU\A\0\4.jpg
T:\wygenrowane_do_EU\A\0\5.jpg
T:\wygenrowane_do_EU\A\0\6.jpg
T:\wygenrowane_do_EU\A\0\miniatura1.jpg
";99;23;0;10532;1000;;;
14252;"Ceramiczne SZKŁO HARTOWANE NA APPLE IPHONE 15 PRO";;"IPHONE 15 PRO";APPLE;"11323|3|11323_1|
224017|0|Szkło hartowane na APPLE IPHONE 15 PRO|
219781|0|APPLE IPHONE 15 PRO|
207854|3|207854_234034|
249950|3|249950_1786046|
207862|1|3|
249055|3|249055_1019864|
207866|2|0,50|
207874|3|207874_1[rn]207874_2|
207878|3|207878_234050|
17448|2|0,50|
225693|0|5905573060206|
229205|3|229205_340245|
249828|3||
";29.99;"T:\wygenrowane_do_EU\A\0\miniatura_t_1.jpg
T:\wygenrowane_do_EU\KOLEKCJA\mockup.png
T:\wygenrowane_do_EU\KOLEKCJA\mockup2.png
T:\wygenrowane_do_EU\A\0\1.jpg
T:\wygenrowane_do_EU\A\0\2.jpg
T:\wygenrowane_do_EU\A\0\3.jpg
T:\wygenrowane_do_EU\A\0\4.jpg
T:\wygenrowane_do_EU\A\0\5.jpg
T:\wygenrowane_do_EU\A\0\6.jpg
T:\wygenrowane_do_EU\A\0\miniatura1.jpg
";99;23;0;10532;1000;;;
14253;"Ceramiczne SZKŁO HARTOWANE NA APPLE IPHONE 15 PLUS";;"IPHONE 15 PLUS";APPLE;"11323|3|11323_1|
224017|0|Szkło hartowane na APPLE IPHONE 15 PLUS|
219781|0|APPLE IPHONE 15 PLUS|
207854|3|207854_234034|
249950|3|249950_1786046|
207862|1|3|
249055|3|249055_1019864|
207866|2|0,50|
207874|3|207874_1[rn]207874_2|
207878|3|207878_234050|
17448|2|0,50|
225693|0|5905573060190|
229205|3|229205_340245|
249828|3||
";29.99;"T:\wygenrowane_do_EU\A\0\miniatura_t_1.jpg
T:\wygenrowane_do_EU\KOLEKCJA\mockup.png
T:\wygenrowane_do_EU\KOLEKCJA\mockup2.png
T:\wygenrowane_do_EU\A\0\1.jpg
T:\wygenrowane_do_EU\A\0\2.jpg
T:\wygenrowane_do_EU\A\0\3.jpg
T:\wygenrowane_do_EU\A\0\4.jpg
T:\wygenrowane_do_EU\A\0\5.jpg
T:\wygenrowane_do_EU\A\0\6.jpg
T:\wygenrowane_do_EU\A\0\miniatura1.jpg
";99;23;0;10532;1000;;;
14254;"Ceramiczne SZKŁO HARTOWANE NA APPLE IPHONE 15";;"IPHONE 15";APPLE;"11323|3|11323_1|
224017|0|Szkło hartowane na APPLE IPHONE 15|
219781|0|APPLE IPHONE 15|
207854|3|207854_234034|
249950|3|249950_1786046|
207862|1|3|
249055|3|249055_1019864|
207866|2|0,50|
207874|3|207874_1[rn]207874_2|
207878|3|207878_234050|
17448|2|0,50|
225693|0|5905573060183|
229205|3|229205_340245|
249828|3||
";29.99;"T:\wygenrowane_do_EU\A\0\miniatura_t_1.jpg
T:\wygenrowane_do_EU\KOLEKCJA\mockup.png
T:\wygenrowane_do_EU\KOLEKCJA\mockup2.png
T:\wygenrowane_do_EU\A\0\1.jpg
T:\wygenrowane_do_EU\A\0\2.jpg
T:\wygenrowane_do_EU\A\0\3.jpg
T:\wygenrowane_do_EU\A\0\4.jpg
T:\wygenrowane_do_EU\A\0\5.jpg
T:\wygenrowane_do_EU\A\0\6.jpg
T:\wygenrowane_do_EU\A\0\miniatura1.jpg
";99;23;0;10532;1000;;;
14255;"Ceramiczne SZKŁO HARTOWANE NA APPLE IPHONE 15 PRO MAX";;"IPHONE 15 PRO MAX";APPLE;"11323|3|11323_1|
224017|0|Szkło hartowane na APPLE IPHONE 15 PRO MAX|
219781|0|APPLE IPHONE 15 PRO MAX|
207854|3|207854_234034|
249950|3|249950_1786046|
207862|1|3|
249055|3|249055_1019864|
207866|2|0,50|
207874|3|207874_1[rn]207874_2|
207878|3|207878_234050|
17448|2|0,50|
225693|0|5905573060176|
229205|3|229205_340245|
249828|3||
";29.99;"T:\wygenrowane_do_EU\A\0\miniatura_t_1.jpg
T:\wygenrowane_do_EU\KOLEKCJA\mockup.png
T:\wygenrowane_do_EU\KOLEKCJA\mockup2.png
T:\wygenrowane_do_EU\A\0\1.jpg
T:\wygenrowane_do_EU\A\0\2.jpg
T:\wygenrowane_do_EU\A\0\3.jpg
T:\wygenrowane_do_EU\A\0\4.jpg
T:\wygenrowane_do_EU\A\0\5.jpg
T:\wygenrowane_do_EU\A\0\6.jpg
T:\wygenrowane_do_EU\A\0\miniatura1.jpg
";99;23;0;10532;1000;;;
14262;"Ceramiczne SZKŁO HARTOWANE NA MOTOROLA MOTO G72";;"MOTO G72";MOTOROLA;"11323|3|11323_1|
224017|0|Szkło hartowane na MOTOROLA MOTO G72|
219781|0|MOTOROLA MOTO G72|
207854|3|207854_234034|
249950|3|249950_1786046|
207862|1|3|
249055|3|249055_1019864|
207866|2|0,50|
207874|3|207874_1[rn]207874_2|
207878|3|207878_234050|
17448|2|0,50|
225693|0|5905573060169|
229205|3|229205_340245|
249828|3||
";29.99;"T:\wygenrowane_do_EU\A\0\miniatura_t_1.jpg
T:\wygenrowane_do_EU\KOLEKCJA\mockup.png
T:\wygenrowane_do_EU\KOLEKCJA\mockup2.png
T:\wygenrowane_do_EU\A\0\1.jpg
T:\wygenrowane_do_EU\A\0\2.jpg
T:\wygenrowane_do_EU\A\0\3.jpg
T:\wygenrowane_do_EU\A\0\4.jpg
T:\wygenrowane_do_EU\A\0\5.jpg
T:\wygenrowane_do_EU\A\0\6.jpg
T:\wygenrowane_do_EU\A\0\miniatura1.jpg
";99;23;0;10532;1000;;;
14318;"Ceramiczne SZKŁO HARTOWANE NA GOOGLE PIXEL 8";;"PIXEL 8";GOOGLE;"11323|3|11323_1|
224017|0|Szkło hartowane na GOOGLE PIXEL 8|
219781|0|GOOGLE PIXEL 8|
207854|3|207854_234034|
249950|3|249950_1786046|
207862|1|3|
249055|3|249055_1019864|
207866|2|0,50|
207874|3|207874_1[rn]207874_2|
207878|3|207878_234050|
17448|2|0,50|
225693|0|5905573060152|
229205|3|229205_340245|
249828|3||
";29.99;"T:\wygenrowane_do_EU\A\0\miniatura_t_1.jpg
T:\wygenrowane_do_EU\KOLEKCJA\mockup.png
T:\wygenrowane_do_EU\KOLEKCJA\mockup2.png
T:\wygenrowane_do_EU\A\0\1.jpg
T:\wygenrowane_do_EU\A\0\2.jpg
T:\wygenrowane_do_EU\A\0\3.jpg
T:\wygenrowane_do_EU\A\0\4.jpg
T:\wygenrowane_do_EU\A\0\5.jpg
T:\wygenrowane_do_EU\A\0\6.jpg
T:\wygenrowane_do_EU\A\0\miniatura1.jpg
";99;23;0;10532;1000;;;
14319;"Ceramiczne SZKŁO HARTOWANE NA MOTOROLA MOTO G54";;"MOTO G54";MOTOROLA;"11323|3|11323_1|
224017|0|Szkło hartowane na MOTOROLA MOTO G54|
219781|0|MOTOROLA MOTO G54|
207854|3|207854_234034|
249950|3|249950_1786046|
207862|1|3|
249055|3|249055_1019864|
207866|2|0,50|
207874|3|207874_1[rn]207874_2|
207878|3|207878_234050|
17448|2|0,50|
225693|0|5905573060145|
229205|3|229205_340245|
249828|3||
";29.99;"T:\wygenrowane_do_EU\A\0\miniatura_t_1.jpg
T:\wygenrowane_do_EU\KOLEKCJA\mockup.png
T:\wygenrowane_do_EU\KOLEKCJA\mockup2.png
T:\wygenrowane_do_EU\A\0\1.jpg
T:\wygenrowane_do_EU\A\0\2.jpg
T:\wygenrowane_do_EU\A\0\3.jpg
T:\wygenrowane_do_EU\A\0\4.jpg
T:\wygenrowane_do_EU\A\0\5.jpg
T:\wygenrowane_do_EU\A\0\6.jpg
T:\wygenrowane_do_EU\A\0\miniatura1.jpg
";99;23;0;10532;1000;;;
14321;"Ceramiczne SZKŁO HARTOWANE NA OPPO RENO 8T";;"RENO 8T";OPPO;"11323|3|11323_1|
224017|0|Szkło hartowane na OPPO RENO 8T|
219781|0|OPPO RENO 8T|
207854|3|207854_234034|
249950|3|249950_1786046|
207862|1|3|
249055|3|249055_1019864|
207866|2|0,50|
207874|3|207874_1[rn]207874_2|
207878|3|207878_234050|
17448|2|0,50|
225693|0|5905573060121|
229205|3|229205_340245|
249828|3||
";29.99;"T:\wygenrowane_do_EU\A\0\miniatura_t_1.jpg
T:\wygenrowane_do_EU\KOLEKCJA\mockup.png
T:\wygenrowane_do_EU\KOLEKCJA\mockup2.png
T:\wygenrowane_do_EU\A\0\1.jpg
T:\wygenrowane_do_EU\A\0\2.jpg
T:\wygenrowane_do_EU\A\0\3.jpg
T:\wygenrowane_do_EU\A\0\4.jpg
T:\wygenrowane_do_EU\A\0\5.jpg
T:\wygenrowane_do_EU\A\0\6.jpg
T:\wygenrowane_do_EU\A\0\miniatura1.jpg
";99;23;0;10532;1000;;;
14321;"Ceramiczne SZKŁO HARTOWANE NA OPPO RENO 8";;"RENO 8";OPPO;"11323|3|11323_1|
224017|0|Szkło hartowane na OPPO RENO 8|
219781|0|OPPO RENO 8|
207854|3|207854_234034|
249950|3|249950_1786046|
207862|1|3|
249055|3|249055_1019864|
207866|2|0,50|
207874|3|207874_1[rn]207874_2|
207878|3|207878_234050|
17448|2|0,50|
225693|0|5905573060121|
229205|3|229205_340245|
249828|3||
";29.99;"T:\wygenrowane_do_EU\A\0\miniatura_t_1.jpg
T:\wygenrowane_do_EU\KOLEKCJA\mockup.png
T:\wygenrowane_do_EU\KOLEKCJA\mockup2.png
T:\wygenrowane_do_EU\A\0\1.jpg
T:\wygenrowane_do_EU\A\0\2.jpg
T:\wygenrowane_do_EU\A\0\3.jpg
T:\wygenrowane_do_EU\A\0\4.jpg
T:\wygenrowane_do_EU\A\0\5.jpg
T:\wygenrowane_do_EU\A\0\6.jpg
T:\wygenrowane_do_EU\A\0\miniatura1.jpg
";99;23;0;10532;1000;;;
14321;"Ceramiczne SZKŁO HARTOWANE NA OPPO RENO 8Z";;"RENO 8Z";OPPO;"11323|3|11323_1|
224017|0|Szkło hartowane na OPPO RENO 8Z|
219781|0|OPPO RENO 8Z|
207854|3|207854_234034|
249950|3|249950_1786046|
207862|1|3|
249055|3|249055_1019864|
207866|2|0,50|
207874|3|207874_1[rn]207874_2|
207878|3|207878_234050|
17448|2|0,50|
225693|0|5905573060121|
229205|3|229205_340245|
249828|3||
";29.99;"T:\wygenrowane_do_EU\A\0\miniatura_t_1.jpg
T:\wygenrowane_do_EU\KOLEKCJA\mockup.png
T:\wygenrowane_do_EU\KOLEKCJA\mockup2.png
T:\wygenrowane_do_EU\A\0\1.jpg
T:\wygenrowane_do_EU\A\0\2.jpg
T:\wygenrowane_do_EU\A\0\3.jpg
T:\wygenrowane_do_EU\A\0\4.jpg
T:\wygenrowane_do_EU\A\0\5.jpg
T:\wygenrowane_do_EU\A\0\6.jpg
T:\wygenrowane_do_EU\A\0\miniatura1.jpg
";99;23;0;10532;1000;;;
14323;"Ceramiczne SZKŁO HARTOWANE NA SAMSUNG GALAXY A23";;"GALAXY A23";SAMSUNG;"11323|3|11323_1|
224017|0|Szkło hartowane na SAMSUNG GALAXY A23|
219781|0|SAMSUNG GALAXY A23|
207854|3|207854_234034|
249950|3|249950_1786046|
207862|1|3|
249055|3|249055_1019864|
207866|2|0,50|
207874|3|207874_1[rn]207874_2|
207878|3|207878_234050|
17448|2|0,50|
225693|0|5905573060107|
229205|3|229205_340245|
249828|3||
";29.99;"T:\wygenrowane_do_EU\A\0\miniatura_t_1.jpg
T:\wygenrowane_do_EU\KOLEKCJA\mockup.png
T:\wygenrowane_do_EU\KOLEKCJA\mockup2.png
T:\wygenrowane_do_EU\A\0\1.jpg
T:\wygenrowane_do_EU\A\0\2.jpg
T:\wygenrowane_do_EU\A\0\3.jpg
T:\wygenrowane_do_EU\A\0\4.jpg
T:\wygenrowane_do_EU\A\0\5.jpg
T:\wygenrowane_do_EU\A\0\6.jpg
T:\wygenrowane_do_EU\A\0\miniatura1.jpg
";99;23;0;10532;1000;;;
14323;"Ceramiczne SZKŁO HARTOWANE NA SAMSUNG GALAXY A23 5G";;"GALAXY A23 5G";SAMSUNG;"11323|3|11323_1|
224017|0|Szkło hartowane na SAMSUNG GALAXY A23 5G|
219781|0|SAMSUNG GALAXY A23 5G|
207854|3|207854_234034|
249950|3|249950_1786046|
207862|1|3|
249055|3|249055_1019864|
207866|2|0,50|
207874|3|207874_1[rn]207874_2|
207878|3|207878_234050|
17448|2|0,50|
225693|0|5905573060107|
229205|3|229205_340245|
249828|3||
";29.99;"T:\wygenrowane_do_EU\A\0\miniatura_t_1.jpg
T:\wygenrowane_do_EU\KOLEKCJA\mockup.png
T:\wygenrowane_do_EU\KOLEKCJA\mockup2.png
T:\wygenrowane_do_EU\A\0\1.jpg
T:\wygenrowane_do_EU\A\0\2.jpg
T:\wygenrowane_do_EU\A\0\3.jpg
T:\wygenrowane_do_EU\A\0\4.jpg
T:\wygenrowane_do_EU\A\0\5.jpg
T:\wygenrowane_do_EU\A\0\6.jpg
T:\wygenrowane_do_EU\A\0\miniatura1.jpg
";99;23;0;10532;1000;;;
14323;"Ceramiczne SZKŁO HARTOWANE NA SAMSUNG GALAXY M23 5G";;"GALAXY M23 5G";SAMSUNG;"11323|3|11323_1|
224017|0|Szkło hartowane na SAMSUNG GALAXY M23 5G|
219781|0|SAMSUNG GALAXY M23 5G|
207854|3|207854_234034|
249950|3|249950_1786046|
207862|1|3|
249055|3|249055_1019864|
207866|2|0,50|
207874|3|207874_1[rn]207874_2|
207878|3|207878_234050|
17448|2|0,50|
225693|0|5905573060107|
229205|3|229205_340245|
249828|3||
";29.99;"T:\wygenrowane_do_EU\A\0\miniatura_t_1.jpg
T:\wygenrowane_do_EU\KOLEKCJA\mockup.png
T:\wygenrowane_do_EU\KOLEKCJA\mockup2.png
T:\wygenrowane_do_EU\A\0\1.jpg
T:\wygenrowane_do_EU\A\0\2.jpg
T:\wygenrowane_do_EU\A\0\3.jpg
T:\wygenrowane_do_EU\A\0\4.jpg
T:\wygenrowane_do_EU\A\0\5.jpg
T:\wygenrowane_do_EU\A\0\6.jpg
T:\wygenrowane_do_EU\A\0\miniatura1.jpg
";99;23;0;10532;1000;;;
14324;"Ceramiczne SZKŁO HARTOWANE NA MOTOROLA MOTO G22";;"MOTO G22";MOTOROLA;"11323|3|11323_1|
224017|0|Szkło hartowane na MOTOROLA MOTO G22|
219781|0|MOTOROLA MOTO G22|
207854|3|207854_234034|
249950|3|249950_1786046|
207862|1|3|
249055|3|249055_1019864|
207866|2|0,50|
207874|3|207874_1[rn]207874_2|
207878|3|207878_234050|
17448|2|0,50|
225693|0|5905573060091|
229205|3|229205_340245|
249828|3||
";29.99;"T:\wygenrowane_do_EU\A\0\miniatura_t_1.jpg
T:\wygenrowane_do_EU\KOLEKCJA\mockup.png
T:\wygenrowane_do_EU\KOLEKCJA\mockup2.png
T:\wygenrowane_do_EU\A\0\1.jpg
T:\wygenrowane_do_EU\A\0\2.jpg
T:\wygenrowane_do_EU\A\0\3.jpg
T:\wygenrowane_do_EU\A\0\4.jpg
T:\wygenrowane_do_EU\A\0\5.jpg
T:\wygenrowane_do_EU\A\0\6.jpg
T:\wygenrowane_do_EU\A\0\miniatura1.jpg
";99;23;0;10532;1000;;;
14324;"Ceramiczne SZKŁO HARTOWANE NA SAMSUNG GALAXY A73 5G";;"GALAXY A73 5G";SAMSUNG;"11323|3|11323_1|
224017|0|Szkło hartowane na SAMSUNG GALAXY A73 5G|
219781|0|SAMSUNG GALAXY A73 5G|
207854|3|207854_234034|
249950|3|249950_1786046|
207862|1|3|
249055|3|249055_1019864|
207866|2|0,50|
207874|3|207874_1[rn]207874_2|
207878|3|207878_234050|
17448|2|0,50|
225693|0|5905573060091|
229205|3|229205_340245|
249828|3||
";29.99;"T:\wygenrowane_do_EU\A\0\miniatura_t_1.jpg
T:\wygenrowane_do_EU\KOLEKCJA\mockup.png
T:\wygenrowane_do_EU\KOLEKCJA\mockup2.png
T:\wygenrowane_do_EU\A\0\1.jpg
T:\wygenrowane_do_EU\A\0\2.jpg
T:\wygenrowane_do_EU\A\0\3.jpg
T:\wygenrowane_do_EU\A\0\4.jpg
T:\wygenrowane_do_EU\A\0\5.jpg
T:\wygenrowane_do_EU\A\0\6.jpg
T:\wygenrowane_do_EU\A\0\miniatura1.jpg
";99;23;0;10532;1000;;;
14325;"Ceramiczne SZKŁO HARTOWANE NA SAMSUNG GALAXY M34";;"GALAXY M34";SAMSUNG;"11323|3|11323_1|
224017|0|Szkło hartowane na SAMSUNG GALAXY M34|
219781|0|SAMSUNG GALAXY M34|
207854|3|207854_234034|
249950|3|249950_1786046|
207862|1|3|
249055|3|249055_1019864|
207866|2|0,50|
207874|3|207874_1[rn]207874_2|
207878|3|207878_234050|
17448|2|0,50|
225693|0|5905573060084|
229205|3|229205_340245|
249828|3||
";29.99;"T:\wygenrowane_do_EU\A\0\miniatura_t_1.jpg
T:\wygenrowane_do_EU\KOLEKCJA\mockup.png
T:\wygenrowane_do_EU\KOLEKCJA\mockup2.png
T:\wygenrowane_do_EU\A\0\1.jpg
T:\wygenrowane_do_EU\A\0\2.jpg
T:\wygenrowane_do_EU\A\0\3.jpg
T:\wygenrowane_do_EU\A\0\4.jpg
T:\wygenrowane_do_EU\A\0\5.jpg
T:\wygenrowane_do_EU\A\0\6.jpg
T:\wygenrowane_do_EU\A\0\miniatura1.jpg
";99;23;0;10532;1000;;;
14326;"Ceramiczne SZKŁO HARTOWANE NA XIAOMI 13T";;13T;XIAOMI;"11323|3|11323_1|
224017|0|Szkło hartowane na XIAOMI 13T|
219781|0|XIAOMI 13T|
207854|3|207854_234034|
249950|3|249950_1786046|
207862|1|3|
249055|3|249055_1019864|
207866|2|0,50|
207874|3|207874_1[rn]207874_2|
207878|3|207878_234050|
17448|2|0,50|
225693|0|5905573060077|
229205|3|229205_340245|
249828|3||
";29.99;"T:\wygenrowane_do_EU\A\0\miniatura_t_1.jpg
T:\wygenrowane_do_EU\KOLEKCJA\mockup.png
T:\wygenrowane_do_EU\KOLEKCJA\mockup2.png
T:\wygenrowane_do_EU\A\0\1.jpg
T:\wygenrowane_do_EU\A\0\2.jpg
T:\wygenrowane_do_EU\A\0\3.jpg
T:\wygenrowane_do_EU\A\0\4.jpg
T:\wygenrowane_do_EU\A\0\5.jpg
T:\wygenrowane_do_EU\A\0\6.jpg
T:\wygenrowane_do_EU\A\0\miniatura1.jpg
";99;23;0;10532;1000;;;
14327;"Ceramiczne SZKŁO HARTOWANE NA XIAOMI REDMI NOTE 12S";;"REDMI NOTE 12S";XIAOMI;"11323|3|11323_1|
224017|0|Szkło hartowane na XIAOMI REDMI NOTE 12S|
219781|0|XIAOMI REDMI NOTE 12S|
207854|3|207854_234034|
249950|3|249950_1786046|
207862|1|3|
249055|3|249055_1019864|
207866|2|0,50|
207874|3|207874_1[rn]207874_2|
207878|3|207878_234050|
17448|2|0,50|
225693|0|5905573060060|
229205|3|229205_340245|
249828|3||
";29.99;"T:\wygenrowane_do_EU\A\0\miniatura_t_1.jpg
T:\wygenrowane_do_EU\KOLEKCJA\mockup.png
T:\wygenrowane_do_EU\KOLEKCJA\mockup2.png
T:\wygenrowane_do_EU\A\0\1.jpg
T:\wygenrowane_do_EU\A\0\2.jpg
T:\wygenrowane_do_EU\A\0\3.jpg
T:\wygenrowane_do_EU\A\0\4.jpg
T:\wygenrowane_do_EU\A\0\5.jpg
T:\wygenrowane_do_EU\A\0\6.jpg
T:\wygenrowane_do_EU\A\0\miniatura1.jpg
";99;23;0;10532;1000;;;
14328;"Ceramiczne SZKŁO HARTOWANE NA SAMSUNG GALAXY S24";;"GALAXY S24";SAMSUNG;"11323|3|11323_1|
224017|0|Szkło hartowane na SAMSUNG GALAXY S24|
219781|0|SAMSUNG GALAXY S24|
207854|3|207854_234034|
249950|3|249950_1786046|
207862|1|3|
249055|3|249055_1019864|
207866|2|0,50|
207874|3|207874_1[rn]207874_2|
207878|3|207878_234050|
17448|2|0,50|
225693|0|5905573060053|
229205|3|229205_340245|
249828|3||
";29.99;"T:\wygenrowane_do_EU\A\0\miniatura_t_1.jpg
T:\wygenrowane_do_EU\KOLEKCJA\mockup.png
T:\wygenrowane_do_EU\KOLEKCJA\mockup2.png
T:\wygenrowane_do_EU\A\0\1.jpg
T:\wygenrowane_do_EU\A\0\2.jpg
T:\wygenrowane_do_EU\A\0\3.jpg
T:\wygenrowane_do_EU\A\0\4.jpg
T:\wygenrowane_do_EU\A\0\5.jpg
T:\wygenrowane_do_EU\A\0\6.jpg
T:\wygenrowane_do_EU\A\0\miniatura1.jpg
";99;23;0;10532;1000;;;
14750;"Ceramiczne SZKŁO HARTOWANE NA SAMSUNG S24 PLUS";;"S24 PLUS";SAMSUNG;"249828|3||
";29.99;"T:\wygenrowane_do_EU\A\0\miniatura_t_1.jpg
T:\wygenrowane_do_EU\KOLEKCJA\mockup.png
T:\wygenrowane_do_EU\KOLEKCJA\mockup2.png
T:\wygenrowane_do_EU\A\0\1.jpg
T:\wygenrowane_do_EU\A\0\2.jpg
T:\wygenrowane_do_EU\A\0\3.jpg
T:\wygenrowane_do_EU\A\0\4.jpg
T:\wygenrowane_do_EU\A\0\5.jpg
T:\wygenrowane_do_EU\A\0\6.jpg
T:\wygenrowane_do_EU\A\0\miniatura1.jpg
";99;23;0;10532;1000;;;
14768;"Ceramiczne SZKŁO HARTOWANE NA GOOGLE PIXEL 7";;"PIXEL 7";GOOGLE;"249828|3||
";29.99;"T:\wygenrowane_do_EU\A\0\miniatura_t_1.jpg
T:\wygenrowane_do_EU\KOLEKCJA\mockup.png
T:\wygenrowane_do_EU\KOLEKCJA\mockup2.png
T:\wygenrowane_do_EU\A\0\1.jpg
T:\wygenrowane_do_EU\A\0\2.jpg
T:\wygenrowane_do_EU\A\0\3.jpg
T:\wygenrowane_do_EU\A\0\4.jpg
T:\wygenrowane_do_EU\A\0\5.jpg
T:\wygenrowane_do_EU\A\0\6.jpg
T:\wygenrowane_do_EU\A\0\miniatura1.jpg
";99;23;0;10532;1000;;;
14769;"Ceramiczne SZKŁO HARTOWANE NA APPLE IPHONE 12 MINI";;"IPHONE 12 MINI";APPLE;"249828|3||
";29.99;"T:\wygenrowane_do_EU\A\0\miniatura_t_1.jpg
T:\wygenrowane_do_EU\KOLEKCJA\mockup.png
T:\wygenrowane_do_EU\KOLEKCJA\mockup2.png
T:\wygenrowane_do_EU\A\0\1.jpg
T:\wygenrowane_do_EU\A\0\2.jpg
T:\wygenrowane_do_EU\A\0\3.jpg
T:\wygenrowane_do_EU\A\0\4.jpg
T:\wygenrowane_do_EU\A\0\5.jpg
T:\wygenrowane_do_EU\A\0\6.jpg
T:\wygenrowane_do_EU\A\0\miniatura1.jpg
";99;23;0;10532;1000;;;
14770;"Ceramiczne SZKŁO HARTOWANE NA MOTOROLA E13";;E13;MOTOROLA;"249828|3||
";29.99;"T:\wygenrowane_do_EU\A\0\miniatura_t_1.jpg
T:\wygenrowane_do_EU\KOLEKCJA\mockup.png
T:\wygenrowane_do_EU\KOLEKCJA\mockup2.png
T:\wygenrowane_do_EU\A\0\1.jpg
T:\wygenrowane_do_EU\A\0\2.jpg
T:\wygenrowane_do_EU\A\0\3.jpg
T:\wygenrowane_do_EU\A\0\4.jpg
T:\wygenrowane_do_EU\A\0\5.jpg
T:\wygenrowane_do_EU\A\0\6.jpg
T:\wygenrowane_do_EU\A\0\miniatura1.jpg
";99;23;0;10532;1000;;;
14771;"Ceramiczne SZKŁO HARTOWANE NA MOTOROLA MOTO G13";;"MOTO G13";MOTOROLA;"249828|3||
";29.99;"T:\wygenrowane_do_EU\A\0\miniatura_t_1.jpg
T:\wygenrowane_do_EU\KOLEKCJA\mockup.png
T:\wygenrowane_do_EU\KOLEKCJA\mockup2.png
T:\wygenrowane_do_EU\A\0\1.jpg
T:\wygenrowane_do_EU\A\0\2.jpg
T:\wygenrowane_do_EU\A\0\3.jpg
T:\wygenrowane_do_EU\A\0\4.jpg
T:\wygenrowane_do_EU\A\0\5.jpg
T:\wygenrowane_do_EU\A\0\6.jpg
T:\wygenrowane_do_EU\A\0\miniatura1.jpg
";99;23;0;10532;1000;;;
14771;"Ceramiczne SZKŁO HARTOWANE NA MOTOROLA MOTO G23";;"MOTO G23";MOTOROLA;"249828|3||
";29.99;"T:\wygenrowane_do_EU\A\0\miniatura_t_1.jpg
T:\wygenrowane_do_EU\KOLEKCJA\mockup.png
T:\wygenrowane_do_EU\KOLEKCJA\mockup2.png
T:\wygenrowane_do_EU\A\0\1.jpg
T:\wygenrowane_do_EU\A\0\2.jpg
T:\wygenrowane_do_EU\A\0\3.jpg
T:\wygenrowane_do_EU\A\0\4.jpg
T:\wygenrowane_do_EU\A\0\5.jpg
T:\wygenrowane_do_EU\A\0\6.jpg
T:\wygenrowane_do_EU\A\0\miniatura1.jpg
";99;23;0;10532;1000;;;
14771;"Ceramiczne SZKŁO HARTOWANE NA MOTOROLA MOTO G53";;"MOTO G53";MOTOROLA;"249828|3||
";29.99;"T:\wygenrowane_do_EU\A\0\miniatura_t_1.jpg
T:\wygenrowane_do_EU\KOLEKCJA\mockup.png
T:\wygenrowane_do_EU\KOLEKCJA\mockup2.png
T:\wygenrowane_do_EU\A\0\1.jpg
T:\wygenrowane_do_EU\A\0\2.jpg
T:\wygenrowane_do_EU\A\0\3.jpg
T:\wygenrowane_do_EU\A\0\4.jpg
T:\wygenrowane_do_EU\A\0\5.jpg
T:\wygenrowane_do_EU\A\0\6.jpg
T:\wygenrowane_do_EU\A\0\miniatura1.jpg
";99;23;0;10532;1000;;;
14771;"Ceramiczne SZKŁO HARTOWANE NA MOTOROLA MOTO G73";;"MOTO G73";MOTOROLA;"249828|3||
";29.99;"T:\wygenrowane_do_EU\A\0\miniatura_t_1.jpg
T:\wygenrowane_do_EU\KOLEKCJA\mockup.png
T:\wygenrowane_do_EU\KOLEKCJA\mockup2.png
T:\wygenrowane_do_EU\A\0\1.jpg
T:\wygenrowane_do_EU\A\0\2.jpg
T:\wygenrowane_do_EU\A\0\3.jpg
T:\wygenrowane_do_EU\A\0\4.jpg
T:\wygenrowane_do_EU\A\0\5.jpg
T:\wygenrowane_do_EU\A\0\6.jpg
T:\wygenrowane_do_EU\A\0\miniatura1.jpg
";99;23;0;10532;1000;;;
14771;"Ceramiczne SZKŁO HARTOWANE NA MOTOROLA HONOR 30S";;"HONOR 30S";MOTOROLA;"249828|3||
";29.99;"T:\wygenrowane_do_EU\A\0\miniatura_t_1.jpg
T:\wygenrowane_do_EU\KOLEKCJA\mockup.png
T:\wygenrowane_do_EU\KOLEKCJA\mockup2.png
T:\wygenrowane_do_EU\A\0\1.jpg
T:\wygenrowane_do_EU\A\0\2.jpg
T:\wygenrowane_do_EU\A\0\3.jpg
T:\wygenrowane_do_EU\A\0\4.jpg
T:\wygenrowane_do_EU\A\0\5.jpg
T:\wygenrowane_do_EU\A\0\6.jpg
T:\wygenrowane_do_EU\A\0\miniatura1.jpg
";99;23;0;10532;1000;;;
14772;"Ceramiczne SZKŁO HARTOWANE NA OPPO A79 5G";;"A79 5G";OPPO;"249828|3||
";29.99;"T:\wygenrowane_do_EU\A\0\miniatura_t_1.jpg
T:\wygenrowane_do_EU\KOLEKCJA\mockup.png
T:\wygenrowane_do_EU\KOLEKCJA\mockup2.png
T:\wygenrowane_do_EU\A\0\1.jpg
T:\wygenrowane_do_EU\A\0\2.jpg
T:\wygenrowane_do_EU\A\0\3.jpg
T:\wygenrowane_do_EU\A\0\4.jpg
T:\wygenrowane_do_EU\A\0\5.jpg
T:\wygenrowane_do_EU\A\0\6.jpg
T:\wygenrowane_do_EU\A\0\miniatura1.jpg
";99;23;0;10532;1000;;;
14773;"Ceramiczne SZKŁO HARTOWANE NA SAMSUNG GALAXY A05S";;"GALAXY A05S";SAMSUNG;"249828|3||
";29.99;"T:\wygenrowane_do_EU\A\0\miniatura_t_1.jpg
T:\wygenrowane_do_EU\KOLEKCJA\mockup.png
T:\wygenrowane_do_EU\KOLEKCJA\mockup2.png
T:\wygenrowane_do_EU\A\0\1.jpg
T:\wygenrowane_do_EU\A\0\2.jpg
T:\wygenrowane_do_EU\A\0\3.jpg
T:\wygenrowane_do_EU\A\0\4.jpg
T:\wygenrowane_do_EU\A\0\5.jpg
T:\wygenrowane_do_EU\A\0\6.jpg
T:\wygenrowane_do_EU\A\0\miniatura1.jpg
";99;23;0;10532;1000;;;
14774;"Ceramiczne SZKŁO HARTOWANE NA SAMSUNG A25 5G";;"A25 5G";SAMSUNG;"249828|3||
";29.99;"T:\wygenrowane_do_EU\A\0\miniatura_t_1.jpg
T:\wygenrowane_do_EU\KOLEKCJA\mockup.png
T:\wygenrowane_do_EU\KOLEKCJA\mockup2.png
T:\wygenrowane_do_EU\A\0\1.jpg
T:\wygenrowane_do_EU\A\0\2.jpg
T:\wygenrowane_do_EU\A\0\3.jpg
T:\wygenrowane_do_EU\A\0\4.jpg
T:\wygenrowane_do_EU\A\0\5.jpg
T:\wygenrowane_do_EU\A\0\6.jpg
T:\wygenrowane_do_EU\A\0\miniatura1.jpg
";99;23;0;10532;1000;;;
14775;"Ceramiczne SZKŁO HARTOWANE NA SAMSUNG A34 5G";;"A34 5G";SAMSUNG;"249828|3||
";29.99;"T:\wygenrowane_do_EU\A\0\miniatura_t_1.jpg
T:\wygenrowane_do_EU\KOLEKCJA\mockup.png
T:\wygenrowane_do_EU\KOLEKCJA\mockup2.png
T:\wygenrowane_do_EU\A\0\1.jpg
T:\wygenrowane_do_EU\A\0\2.jpg
T:\wygenrowane_do_EU\A\0\3.jpg
T:\wygenrowane_do_EU\A\0\4.jpg
T:\wygenrowane_do_EU\A\0\5.jpg
T:\wygenrowane_do_EU\A\0\6.jpg
T:\wygenrowane_do_EU\A\0\miniatura1.jpg
";99;23;0;10532;1000;;;
14776;"Ceramiczne SZKŁO HARTOWANE NA SAMSUNG GALAXY A35 5G";;"GALAXY A35 5G";SAMSUNG;"249828|3||
";29.99;"T:\wygenrowane_do_EU\A\0\miniatura_t_1.jpg
T:\wygenrowane_do_EU\KOLEKCJA\mockup.png
T:\wygenrowane_do_EU\KOLEKCJA\mockup2.png
T:\wygenrowane_do_EU\A\0\1.jpg
T:\wygenrowane_do_EU\A\0\2.jpg
T:\wygenrowane_do_EU\A\0\3.jpg
T:\wygenrowane_do_EU\A\0\4.jpg
T:\wygenrowane_do_EU\A\0\5.jpg
T:\wygenrowane_do_EU\A\0\6.jpg
T:\wygenrowane_do_EU\A\0\miniatura1.jpg
";99;23;0;10532;1000;;;
14777;"Ceramiczne SZKŁO HARTOWANE NA SAMSUNG A55 5G";;"A55 5G";SAMSUNG;"249828|3||
";29.99;"T:\wygenrowane_do_EU\A\0\miniatura_t_1.jpg
T:\wygenrowane_do_EU\KOLEKCJA\mockup.png
T:\wygenrowane_do_EU\KOLEKCJA\mockup2.png
T:\wygenrowane_do_EU\A\0\1.jpg
T:\wygenrowane_do_EU\A\0\2.jpg
T:\wygenrowane_do_EU\A\0\3.jpg
T:\wygenrowane_do_EU\A\0\4.jpg
T:\wygenrowane_do_EU\A\0\5.jpg
T:\wygenrowane_do_EU\A\0\6.jpg
T:\wygenrowane_do_EU\A\0\miniatura1.jpg
";99;23;0;10532;1000;;;
14778;"Ceramiczne SZKŁO HARTOWANE NA SAMSUNG M15 5G";;"M15 5G";SAMSUNG;"249828|3||
";29.99;"T:\wygenrowane_do_EU\A\0\miniatura_t_1.jpg
T:\wygenrowane_do_EU\KOLEKCJA\mockup.png
T:\wygenrowane_do_EU\KOLEKCJA\mockup2.png
T:\wygenrowane_do_EU\A\0\1.jpg
T:\wygenrowane_do_EU\A\0\2.jpg
T:\wygenrowane_do_EU\A\0\3.jpg
T:\wygenrowane_do_EU\A\0\4.jpg
T:\wygenrowane_do_EU\A\0\5.jpg
T:\wygenrowane_do_EU\A\0\6.jpg
T:\wygenrowane_do_EU\A\0\miniatura1.jpg
";99;23;0;10532;1000;;;
14779;"Ceramiczne SZKŁO HARTOWANE NA SAMSUNG S24 ULTRA";;"S24 ULTRA";SAMSUNG;"249828|3||
";29.99;"T:\wygenrowane_do_EU\A\0\miniatura_t_1.jpg
T:\wygenrowane_do_EU\KOLEKCJA\mockup.png
T:\wygenrowane_do_EU\KOLEKCJA\mockup2.png
T:\wygenrowane_do_EU\A\0\1.jpg
T:\wygenrowane_do_EU\A\0\2.jpg
T:\wygenrowane_do_EU\A\0\3.jpg
T:\wygenrowane_do_EU\A\0\4.jpg
T:\wygenrowane_do_EU\A\0\5.jpg
T:\wygenrowane_do_EU\A\0\6.jpg
T:\wygenrowane_do_EU\A\0\miniatura1.jpg
";99;23;0;10532;1000;;;
14780;"Ceramiczne SZKŁO HARTOWANE NA XIAOMI REDMI 10C";;"REDMI 10C";XIAOMI;"249828|3||
";29.99;"T:\wygenrowane_do_EU\A\0\miniatura_t_1.jpg
T:\wygenrowane_do_EU\KOLEKCJA\mockup.png
T:\wygenrowane_do_EU\KOLEKCJA\mockup2.png
T:\wygenrowane_do_EU\A\0\1.jpg
T:\wygenrowane_do_EU\A\0\2.jpg
T:\wygenrowane_do_EU\A\0\3.jpg
T:\wygenrowane_do_EU\A\0\4.jpg
T:\wygenrowane_do_EU\A\0\5.jpg
T:\wygenrowane_do_EU\A\0\6.jpg
T:\wygenrowane_do_EU\A\0\miniatura1.jpg
";99;23;0;10532;1000;;;
14780;"Ceramiczne SZKŁO HARTOWANE NA XIAOMI REDMI 12C";;"REDMI 12C";XIAOMI;"249828|3||
";29.99;"T:\wygenrowane_do_EU\A\0\miniatura_t_1.jpg
T:\wygenrowane_do_EU\KOLEKCJA\mockup.png
T:\wygenrowane_do_EU\KOLEKCJA\mockup2.png
T:\wygenrowane_do_EU\A\0\1.jpg
T:\wygenrowane_do_EU\A\0\2.jpg
T:\wygenrowane_do_EU\A\0\3.jpg
T:\wygenrowane_do_EU\A\0\4.jpg
T:\wygenrowane_do_EU\A\0\5.jpg
T:\wygenrowane_do_EU\A\0\6.jpg
T:\wygenrowane_do_EU\A\0\miniatura1.jpg
";99;23;0;10532;1000;;;
14780;"Ceramiczne SZKŁO HARTOWANE NA XIAOMI POCO C40";;"POCO C40";XIAOMI;"249828|3||
";29.99;"T:\wygenrowane_do_EU\A\0\miniatura_t_1.jpg
T:\wygenrowane_do_EU\KOLEKCJA\mockup.png
T:\wygenrowane_do_EU\KOLEKCJA\mockup2.png
T:\wygenrowane_do_EU\A\0\1.jpg
T:\wygenrowane_do_EU\A\0\2.jpg
T:\wygenrowane_do_EU\A\0\3.jpg
T:\wygenrowane_do_EU\A\0\4.jpg
T:\wygenrowane_do_EU\A\0\5.jpg
T:\wygenrowane_do_EU\A\0\6.jpg
T:\wygenrowane_do_EU\A\0\miniatura1.jpg
";99;23;0;10532;1000;;;
14781;"Ceramiczne SZKŁO HARTOWANE NA OPPO A78 5G";;"A78 5G";OPPO;"249828|3||
";29.99;"T:\wygenrowane_do_EU\A\0\miniatura_t_1.jpg
T:\wygenrowane_do_EU\KOLEKCJA\mockup.png
T:\wygenrowane_do_EU\KOLEKCJA\mockup2.png
T:\wygenrowane_do_EU\A\0\1.jpg
T:\wygenrowane_do_EU\A\0\2.jpg
T:\wygenrowane_do_EU\A\0\3.jpg
T:\wygenrowane_do_EU\A\0\4.jpg
T:\wygenrowane_do_EU\A\0\5.jpg
T:\wygenrowane_do_EU\A\0\6.jpg
T:\wygenrowane_do_EU\A\0\miniatura1.jpg
";99;23;0;10532;1000;;;
14781;"Ceramiczne SZKŁO HARTOWANE NA OPPO A58 5G";;"A58 5G";OPPO;"249828|3||
";29.99;"T:\wygenrowane_do_EU\A\0\miniatura_t_1.jpg
T:\wygenrowane_do_EU\KOLEKCJA\mockup.png
T:\wygenrowane_do_EU\KOLEKCJA\mockup2.png
T:\wygenrowane_do_EU\A\0\1.jpg
T:\wygenrowane_do_EU\A\0\2.jpg
T:\wygenrowane_do_EU\A\0\3.jpg
T:\wygenrowane_do_EU\A\0\4.jpg
T:\wygenrowane_do_EU\A\0\5.jpg
T:\wygenrowane_do_EU\A\0\6.jpg
T:\wygenrowane_do_EU\A\0\miniatura1.jpg
";99;23;0;10532;1000;;;
14781;"Ceramiczne SZKŁO HARTOWANE NA OPPO A58X";;A58X;OPPO;"249828|3||
";29.99;"T:\wygenrowane_do_EU\A\0\miniatura_t_1.jpg
T:\wygenrowane_do_EU\KOLEKCJA\mockup.png
T:\wygenrowane_do_EU\KOLEKCJA\mockup2.png
T:\wygenrowane_do_EU\A\0\1.jpg
T:\wygenrowane_do_EU\A\0\2.jpg
T:\wygenrowane_do_EU\A\0\3.jpg
T:\wygenrowane_do_EU\A\0\4.jpg
T:\wygenrowane_do_EU\A\0\5.jpg
T:\wygenrowane_do_EU\A\0\6.jpg
T:\wygenrowane_do_EU\A\0\miniatura1.jpg
";99;23;0;10532;1000;;;
14786;"Ceramiczne SZKŁO HARTOWANE NA SAMSUNG A54 5G";;"A54 5G";SAMSUNG;"249828|3||
";29.99;"T:\wygenrowane_do_EU\A\0\miniatura_t_1.jpg
T:\wygenrowane_do_EU\KOLEKCJA\mockup.png
T:\wygenrowane_do_EU\KOLEKCJA\mockup2.png
T:\wygenrowane_do_EU\A\0\1.jpg
T:\wygenrowane_do_EU\A\0\2.jpg
T:\wygenrowane_do_EU\A\0\3.jpg
T:\wygenrowane_do_EU\A\0\4.jpg
T:\wygenrowane_do_EU\A\0\5.jpg
T:\wygenrowane_do_EU\A\0\6.jpg
T:\wygenrowane_do_EU\A\0\miniatura1.jpg
";99;23;0;10532;1000;;;
14810;"Ceramiczne SZKŁO HARTOWANE NA APPLE IPHONE 16 PLUS";;"IPHONE 16 PLUS";APPLE;"249828|3||
";29.99;"T:\wygenrowane_do_EU\A\0\miniatura_t_1.jpg
T:\wygenrowane_do_EU\KOLEKCJA\mockup.png
T:\wygenrowane_do_EU\KOLEKCJA\mockup2.png
T:\wygenrowane_do_EU\A\0\1.jpg
T:\wygenrowane_do_EU\A\0\2.jpg
T:\wygenrowane_do_EU\A\0\3.jpg
T:\wygenrowane_do_EU\A\0\4.jpg
T:\wygenrowane_do_EU\A\0\5.jpg
T:\wygenrowane_do_EU\A\0\6.jpg
T:\wygenrowane_do_EU\A\0\miniatura1.jpg
";99;23;0;10532;1000;;;
14811;"Ceramiczne SZKŁO HARTOWANE NA APPLE IPHONE 16 PRO";;"IPHONE 16 PRO";APPLE;"249828|3||
";29.99;"T:\wygenrowane_do_EU\A\0\miniatura_t_1.jpg
T:\wygenrowane_do_EU\KOLEKCJA\mockup.png
T:\wygenrowane_do_EU\KOLEKCJA\mockup2.png
T:\wygenrowane_do_EU\A\0\1.jpg
T:\wygenrowane_do_EU\A\0\2.jpg
T:\wygenrowane_do_EU\A\0\3.jpg
T:\wygenrowane_do_EU\A\0\4.jpg
T:\wygenrowane_do_EU\A\0\5.jpg
T:\wygenrowane_do_EU\A\0\6.jpg
T:\wygenrowane_do_EU\A\0\miniatura1.jpg
";99;23;0;10532;1000;;;
14812;"Ceramiczne SZKŁO HARTOWANE NA APPLE IPHONE 16 PRO MAX";;"IPHONE 16 PRO MAX";APPLE;"249828|3||
";29.99;"T:\wygenrowane_do_EU\A\0\miniatura_t_1.jpg
T:\wygenrowane_do_EU\KOLEKCJA\mockup.png
T:\wygenrowane_do_EU\KOLEKCJA\mockup2.png
T:\wygenrowane_do_EU\A\0\1.jpg
T:\wygenrowane_do_EU\A\0\2.jpg
T:\wygenrowane_do_EU\A\0\3.jpg
T:\wygenrowane_do_EU\A\0\4.jpg
T:\wygenrowane_do_EU\A\0\5.jpg
T:\wygenrowane_do_EU\A\0\6.jpg
T:\wygenrowane_do_EU\A\0\miniatura1.jpg
";99;23;0;10532;1000;;;
14813;"Ceramiczne SZKŁO HARTOWANE NA XIAOMI REDMI A3 4G";;"REDMI A3 4G";XIAOMI;"249828|3||
";29.99;"T:\wygenrowane_do_EU\A\0\miniatura_t_1.jpg
T:\wygenrowane_do_EU\KOLEKCJA\mockup.png
T:\wygenrowane_do_EU\KOLEKCJA\mockup2.png
T:\wygenrowane_do_EU\A\0\1.jpg
T:\wygenrowane_do_EU\A\0\2.jpg
T:\wygenrowane_do_EU\A\0\3.jpg
T:\wygenrowane_do_EU\A\0\4.jpg
T:\wygenrowane_do_EU\A\0\5.jpg
T:\wygenrowane_do_EU\A\0\6.jpg
T:\wygenrowane_do_EU\A\0\miniatura1.jpg
";99;23;0;10532;1000;;;
14835;"Ceramiczne SZKŁO HARTOWANE NA SAMSUNG GALAXY A52 4G";;"GALAXY A52 4G";SAMSUNG;"249828|3||
";29.99;"T:\wygenrowane_do_EU\A\0\miniatura_t_1.jpg
T:\wygenrowane_do_EU\KOLEKCJA\mockup.png
T:\wygenrowane_do_EU\KOLEKCJA\mockup2.png
T:\wygenrowane_do_EU\A\0\1.jpg
T:\wygenrowane_do_EU\A\0\2.jpg
T:\wygenrowane_do_EU\A\0\3.jpg
T:\wygenrowane_do_EU\A\0\4.jpg
T:\wygenrowane_do_EU\A\0\5.jpg
T:\wygenrowane_do_EU\A\0\6.jpg
T:\wygenrowane_do_EU\A\0\miniatura1.jpg
";99;23;0;10532;1000;;;
14835;"Ceramiczne SZKŁO HARTOWANE NA SAMSUNG GALAXY A52 5G";;"GALAXY A52 5G";SAMSUNG;"249828|3||
";29.99;"T:\wygenrowane_do_EU\A\0\miniatura_t_1.jpg
T:\wygenrowane_do_EU\KOLEKCJA\mockup.png
T:\wygenrowane_do_EU\KOLEKCJA\mockup2.png
T:\wygenrowane_do_EU\A\0\1.jpg
T:\wygenrowane_do_EU\A\0\2.jpg
T:\wygenrowane_do_EU\A\0\3.jpg
T:\wygenrowane_do_EU\A\0\4.jpg
T:\wygenrowane_do_EU\A\0\5.jpg
T:\wygenrowane_do_EU\A\0\6.jpg
T:\wygenrowane_do_EU\A\0\miniatura1.jpg
";99;23;0;10532;1000;;;
14835;"Ceramiczne SZKŁO HARTOWANE NA SAMSUNG GALAXY A52S 5G";;"GALAXY A52S 5G";SAMSUNG;"249828|3||
";29.99;"T:\wygenrowane_do_EU\A\0\miniatura_t_1.jpg
T:\wygenrowane_do_EU\KOLEKCJA\mockup.png
T:\wygenrowane_do_EU\KOLEKCJA\mockup2.png
T:\wygenrowane_do_EU\A\0\1.jpg
T:\wygenrowane_do_EU\A\0\2.jpg
T:\wygenrowane_do_EU\A\0\3.jpg
T:\wygenrowane_do_EU\A\0\4.jpg
T:\wygenrowane_do_EU\A\0\5.jpg
T:\wygenrowane_do_EU\A\0\6.jpg
T:\wygenrowane_do_EU\A\0\miniatura1.jpg
";99;23;0;10532;1000;;;
14835;"Ceramiczne SZKŁO HARTOWANE NA SAMSUNG GALAXY A53 5G";;"GALAXY A53 5G";SAMSUNG;"249828|3||
";29.99;"T:\wygenrowane_do_EU\A\0\miniatura_t_1.jpg
T:\wygenrowane_do_EU\KOLEKCJA\mockup.png
T:\wygenrowane_do_EU\KOLEKCJA\mockup2.png
T:\wygenrowane_do_EU\A\0\1.jpg
T:\wygenrowane_do_EU\A\0\2.jpg
T:\wygenrowane_do_EU\A\0\3.jpg
T:\wygenrowane_do_EU\A\0\4.jpg
T:\wygenrowane_do_EU\A\0\5.jpg
T:\wygenrowane_do_EU\A\0\6.jpg
T:\wygenrowane_do_EU\A\0\miniatura1.jpg
";99;23;0;10532;1000;;;
14967;"Ceramiczne SZKŁO HARTOWANE NA XIAOMI REDMI NOTE 12 4G";;"REDMI NOTE 12 4G";XIAOMI;"249828|3||
";29.99;"T:\wygenrowane_do_EU\A\0\miniatura_t_1.jpg
T:\wygenrowane_do_EU\KOLEKCJA\mockup.png
T:\wygenrowane_do_EU\KOLEKCJA\mockup2.png
T:\wygenrowane_do_EU\A\0\1.jpg
T:\wygenrowane_do_EU\A\0\2.jpg
T:\wygenrowane_do_EU\A\0\3.jpg
T:\wygenrowane_do_EU\A\0\4.jpg
T:\wygenrowane_do_EU\A\0\5.jpg
T:\wygenrowane_do_EU\A\0\6.jpg
T:\wygenrowane_do_EU\A\0\miniatura1.jpg
";99;23;0;10532;1000;;;
14967;"Ceramiczne SZKŁO HARTOWANE NA XIAOMI REDMI NOTE 12 5G";;"REDMI NOTE 12 5G";XIAOMI;"249828|3||
";29.99;"T:\wygenrowane_do_EU\A\0\miniatura_t_1.jpg
T:\wygenrowane_do_EU\KOLEKCJA\mockup.png
T:\wygenrowane_do_EU\KOLEKCJA\mockup2.png
T:\wygenrowane_do_EU\A\0\1.jpg
T:\wygenrowane_do_EU\A\0\2.jpg
T:\wygenrowane_do_EU\A\0\3.jpg
T:\wygenrowane_do_EU\A\0\4.jpg
T:\wygenrowane_do_EU\A\0\5.jpg
T:\wygenrowane_do_EU\A\0\6.jpg
T:\wygenrowane_do_EU\A\0\miniatura1.jpg
";99;23;0;10532;1000;;;
14967;"Ceramiczne SZKŁO HARTOWANE NA XIAOMI MI 10T";;"MI 10T";XIAOMI;"249828|3||
";29.99;"T:\wygenrowane_do_EU\A\0\miniatura_t_1.jpg
T:\wygenrowane_do_EU\KOLEKCJA\mockup.png
T:\wygenrowane_do_EU\KOLEKCJA\mockup2.png
T:\wygenrowane_do_EU\A\0\1.jpg
T:\wygenrowane_do_EU\A\0\2.jpg
T:\wygenrowane_do_EU\A\0\3.jpg
T:\wygenrowane_do_EU\A\0\4.jpg
T:\wygenrowane_do_EU\A\0\5.jpg
T:\wygenrowane_do_EU\A\0\6.jpg
T:\wygenrowane_do_EU\A\0\miniatura1.jpg
";99;23;0;10532;1000;;;
14991;"Ceramiczne SZKŁO HARTOWANE NA XIAOMI REDMI NOTE 9";;"REDMI NOTE 9";XIAOMI;"249828|3||
";29.99;"T:\wygenrowane_do_EU\A\0\miniatura_t_1.jpg
T:\wygenrowane_do_EU\KOLEKCJA\mockup.png
T:\wygenrowane_do_EU\KOLEKCJA\mockup2.png
T:\wygenrowane_do_EU\A\0\1.jpg
T:\wygenrowane_do_EU\A\0\2.jpg
T:\wygenrowane_do_EU\A\0\3.jpg
T:\wygenrowane_do_EU\A\0\4.jpg
T:\wygenrowane_do_EU\A\0\5.jpg
T:\wygenrowane_do_EU\A\0\6.jpg
T:\wygenrowane_do_EU\A\0\miniatura1.jpg
";99;23;0;10532;1000;;;
14991;"Ceramiczne SZKŁO HARTOWANE NA XIAOMI REDMI NOTE 9 5G";;"REDMI NOTE 9 5G";XIAOMI;"249828|3||
";29.99;"T:\wygenrowane_do_EU\A\0\miniatura_t_1.jpg
T:\wygenrowane_do_EU\KOLEKCJA\mockup.png
T:\wygenrowane_do_EU\KOLEKCJA\mockup2.png
T:\wygenrowane_do_EU\A\0\1.jpg
T:\wygenrowane_do_EU\A\0\2.jpg
T:\wygenrowane_do_EU\A\0\3.jpg
T:\wygenrowane_do_EU\A\0\4.jpg
T:\wygenrowane_do_EU\A\0\5.jpg
T:\wygenrowane_do_EU\A\0\6.jpg
T:\wygenrowane_do_EU\A\0\miniatura1.jpg
";99;23;0;10532;1000;;;
14991;"Ceramiczne SZKŁO HARTOWANE NA XIAOMI 10X 4G";;"10X 4G";XIAOMI;"249828|3||
";29.99;"T:\wygenrowane_do_EU\A\0\miniatura_t_1.jpg
T:\wygenrowane_do_EU\KOLEKCJA\mockup.png
T:\wygenrowane_do_EU\KOLEKCJA\mockup2.png
T:\wygenrowane_do_EU\A\0\1.jpg
T:\wygenrowane_do_EU\A\0\2.jpg
T:\wygenrowane_do_EU\A\0\3.jpg
T:\wygenrowane_do_EU\A\0\4.jpg
T:\wygenrowane_do_EU\A\0\5.jpg
T:\wygenrowane_do_EU\A\0\6.jpg
T:\wygenrowane_do_EU\A\0\miniatura1.jpg
";99;23;0;10532;1000;;;
14994;"Ceramiczne SZKŁO HARTOWANE NA REALME C67 4G";;"C67 4G";REALME;"249828|3||
";29.99;"T:\wygenrowane_do_EU\A\0\miniatura_t_1.jpg
T:\wygenrowane_do_EU\KOLEKCJA\mockup.png
T:\wygenrowane_do_EU\KOLEKCJA\mockup2.png
T:\wygenrowane_do_EU\A\0\1.jpg
T:\wygenrowane_do_EU\A\0\2.jpg
T:\wygenrowane_do_EU\A\0\3.jpg
T:\wygenrowane_do_EU\A\0\4.jpg
T:\wygenrowane_do_EU\A\0\5.jpg
T:\wygenrowane_do_EU\A\0\6.jpg
T:\wygenrowane_do_EU\A\0\miniatura1.jpg
";99;23;0;10532;1000;;;
15088;"Ceramiczne SZKŁO HARTOWANE NA GOOGLE PIXEL 9";;"PIXEL 9";GOOGLE;"249828|3||
";29.99;"T:\wygenrowane_do_EU\A\0\miniatura_t_1.jpg
T:\wygenrowane_do_EU\KOLEKCJA\mockup.png
T:\wygenrowane_do_EU\KOLEKCJA\mockup2.png
T:\wygenrowane_do_EU\A\0\1.jpg
T:\wygenrowane_do_EU\A\0\2.jpg
T:\wygenrowane_do_EU\A\0\3.jpg
T:\wygenrowane_do_EU\A\0\4.jpg
T:\wygenrowane_do_EU\A\0\5.jpg
T:\wygenrowane_do_EU\A\0\6.jpg
T:\wygenrowane_do_EU\A\0\miniatura1.jpg
";99;23;0;10532;1000;;;
15088;"Ceramiczne SZKŁO HARTOWANE NA GOOGLE PIXEL 9 PRO";;"PIXEL 9 PRO";GOOGLE;"249828|3||
";29.99;"T:\wygenrowane_do_EU\A\0\miniatura_t_1.jpg
T:\wygenrowane_do_EU\KOLEKCJA\mockup.png
T:\wygenrowane_do_EU\KOLEKCJA\mockup2.png
T:\wygenrowane_do_EU\A\0\1.jpg
T:\wygenrowane_do_EU\A\0\2.jpg
T:\wygenrowane_do_EU\A\0\3.jpg
T:\wygenrowane_do_EU\A\0\4.jpg
T:\wygenrowane_do_EU\A\0\5.jpg
T:\wygenrowane_do_EU\A\0\6.jpg
T:\wygenrowane_do_EU\A\0\miniatura1.jpg
";99;23;0;10532;1000;;;
15089;"Ceramiczne SZKŁO HARTOWANE NA GOOGLE PIXEL 9A";;"PIXEL 9A";GOOGLE;"249828|3||
";29.99;"T:\wygenrowane_do_EU\A\0\miniatura_t_1.jpg
T:\wygenrowane_do_EU\KOLEKCJA\mockup.png
T:\wygenrowane_do_EU\KOLEKCJA\mockup2.png
T:\wygenrowane_do_EU\A\0\1.jpg
T:\wygenrowane_do_EU\A\0\2.jpg
T:\wygenrowane_do_EU\A\0\3.jpg
T:\wygenrowane_do_EU\A\0\4.jpg
T:\wygenrowane_do_EU\A\0\5.jpg
T:\wygenrowane_do_EU\A\0\6.jpg
T:\wygenrowane_do_EU\A\0\miniatura1.jpg
";99;23;0;10532;1000;;;
15090;"Ceramiczne SZKŁO HARTOWANE NA MOTOROLA MOTO G15";;"MOTO G15";MOTOROLA;"249828|3||
";29.99;"T:\wygenrowane_do_EU\A\0\miniatura_t_1.jpg
T:\wygenrowane_do_EU\KOLEKCJA\mockup.png
T:\wygenrowane_do_EU\KOLEKCJA\mockup2.png
T:\wygenrowane_do_EU\A\0\1.jpg
T:\wygenrowane_do_EU\A\0\2.jpg
T:\wygenrowane_do_EU\A\0\3.jpg
T:\wygenrowane_do_EU\A\0\4.jpg
T:\wygenrowane_do_EU\A\0\5.jpg
T:\wygenrowane_do_EU\A\0\6.jpg
T:\wygenrowane_do_EU\A\0\miniatura1.jpg
";99;23;0;10532;1000;;;
15091;"Ceramiczne SZKŁO HARTOWANE NA MOTOROLA MOTO G24";;"MOTO G24";MOTOROLA;"249828|3||
";29.99;"T:\wygenrowane_do_EU\A\0\miniatura_t_1.jpg
T:\wygenrowane_do_EU\KOLEKCJA\mockup.png
T:\wygenrowane_do_EU\KOLEKCJA\mockup2.png
T:\wygenrowane_do_EU\A\0\1.jpg
T:\wygenrowane_do_EU\A\0\2.jpg
T:\wygenrowane_do_EU\A\0\3.jpg
T:\wygenrowane_do_EU\A\0\4.jpg
T:\wygenrowane_do_EU\A\0\5.jpg
T:\wygenrowane_do_EU\A\0\6.jpg
T:\wygenrowane_do_EU\A\0\miniatura1.jpg
";99;23;0;10532;1000;;;
15091;"Ceramiczne SZKŁO HARTOWANE NA MOTOROLA MOTO G04";;"MOTO G04";MOTOROLA;"249828|3||
";29.99;"T:\wygenrowane_do_EU\A\0\miniatura_t_1.jpg
T:\wygenrowane_do_EU\KOLEKCJA\mockup.png
T:\wygenrowane_do_EU\KOLEKCJA\mockup2.png
T:\wygenrowane_do_EU\A\0\1.jpg
T:\wygenrowane_do_EU\A\0\2.jpg
T:\wygenrowane_do_EU\A\0\3.jpg
T:\wygenrowane_do_EU\A\0\4.jpg
T:\wygenrowane_do_EU\A\0\5.jpg
T:\wygenrowane_do_EU\A\0\6.jpg
T:\wygenrowane_do_EU\A\0\miniatura1.jpg
";99;23;0;10532;1000;;;
15092;"Ceramiczne SZKŁO HARTOWANE NA MOTOROLA MOTO G55 5G";;"MOTO G55 5G";MOTOROLA;"249828|3||
";29.99;"T:\wygenrowane_do_EU\A\0\miniatura_t_1.jpg
T:\wygenrowane_do_EU\KOLEKCJA\mockup.png
T:\wygenrowane_do_EU\KOLEKCJA\mockup2.png
T:\wygenrowane_do_EU\A\0\1.jpg
T:\wygenrowane_do_EU\A\0\2.jpg
T:\wygenrowane_do_EU\A\0\3.jpg
T:\wygenrowane_do_EU\A\0\4.jpg
T:\wygenrowane_do_EU\A\0\5.jpg
T:\wygenrowane_do_EU\A\0\6.jpg
T:\wygenrowane_do_EU\A\0\miniatura1.jpg
";99;23;0;10532;1000;;;
15093;"Ceramiczne SZKŁO HARTOWANE NA MOTOROLA MOTO G75";;"MOTO G75";MOTOROLA;"249828|3||
";29.99;"T:\wygenrowane_do_EU\A\0\miniatura_t_1.jpg
T:\wygenrowane_do_EU\KOLEKCJA\mockup.png
T:\wygenrowane_do_EU\KOLEKCJA\mockup2.png
T:\wygenrowane_do_EU\A\0\1.jpg
T:\wygenrowane_do_EU\A\0\2.jpg
T:\wygenrowane_do_EU\A\0\3.jpg
T:\wygenrowane_do_EU\A\0\4.jpg
T:\wygenrowane_do_EU\A\0\5.jpg
T:\wygenrowane_do_EU\A\0\6.jpg
T:\wygenrowane_do_EU\A\0\miniatura1.jpg
";99;23;0;10532;1000;;;
15094;"Ceramiczne SZKŁO HARTOWANE NA OPPO A60 4G";;"A60 4G";OPPO;"249828|3||
";29.99;"T:\wygenrowane_do_EU\A\0\miniatura_t_1.jpg
T:\wygenrowane_do_EU\KOLEKCJA\mockup.png
T:\wygenrowane_do_EU\KOLEKCJA\mockup2.png
T:\wygenrowane_do_EU\A\0\1.jpg
T:\wygenrowane_do_EU\A\0\2.jpg
T:\wygenrowane_do_EU\A\0\3.jpg
T:\wygenrowane_do_EU\A\0\4.jpg
T:\wygenrowane_do_EU\A\0\5.jpg
T:\wygenrowane_do_EU\A\0\6.jpg
T:\wygenrowane_do_EU\A\0\miniatura1.jpg
";99;23;0;10532;1000;;;
15095;"Ceramiczne SZKŁO HARTOWANE NA REALME C61";;C61;REALME;"249828|3||
";29.99;"T:\wygenrowane_do_EU\A\0\miniatura_t_1.jpg
T:\wygenrowane_do_EU\KOLEKCJA\mockup.png
T:\wygenrowane_do_EU\KOLEKCJA\mockup2.png
T:\wygenrowane_do_EU\A\0\1.jpg
T:\wygenrowane_do_EU\A\0\2.jpg
T:\wygenrowane_do_EU\A\0\3.jpg
T:\wygenrowane_do_EU\A\0\4.jpg
T:\wygenrowane_do_EU\A\0\5.jpg
T:\wygenrowane_do_EU\A\0\6.jpg
T:\wygenrowane_do_EU\A\0\miniatura1.jpg
";99;23;0;10532;1000;;;
15096;"Ceramiczne SZKŁO HARTOWANE NA REALME NOTE 60";;"NOTE 60";REALME;"249828|3||
";29.99;"T:\wygenrowane_do_EU\A\0\miniatura_t_1.jpg
T:\wygenrowane_do_EU\KOLEKCJA\mockup.png
T:\wygenrowane_do_EU\KOLEKCJA\mockup2.png
T:\wygenrowane_do_EU\A\0\1.jpg
T:\wygenrowane_do_EU\A\0\2.jpg
T:\wygenrowane_do_EU\A\0\3.jpg
T:\wygenrowane_do_EU\A\0\4.jpg
T:\wygenrowane_do_EU\A\0\5.jpg
T:\wygenrowane_do_EU\A\0\6.jpg
T:\wygenrowane_do_EU\A\0\miniatura1.jpg
";99;23;0;10532;1000;;;
15097;"Ceramiczne SZKŁO HARTOWANE NA SAMSUNG GALAXY A06 4G";;"GALAXY A06 4G";SAMSUNG;"249828|3||
";29.99;"T:\wygenrowane_do_EU\A\0\miniatura_t_1.jpg
T:\wygenrowane_do_EU\KOLEKCJA\mockup.png
T:\wygenrowane_do_EU\KOLEKCJA\mockup2.png
T:\wygenrowane_do_EU\A\0\1.jpg
T:\wygenrowane_do_EU\A\0\2.jpg
T:\wygenrowane_do_EU\A\0\3.jpg
T:\wygenrowane_do_EU\A\0\4.jpg
T:\wygenrowane_do_EU\A\0\5.jpg
T:\wygenrowane_do_EU\A\0\6.jpg
T:\wygenrowane_do_EU\A\0\miniatura1.jpg
";99;23;0;10532;1000;;;
15097;"Ceramiczne SZKŁO HARTOWANE NA SAMSUNG GALAXY A06 5G";;"GALAXY A06 5G";SAMSUNG;"249828|3||
";29.99;"T:\wygenrowane_do_EU\A\0\miniatura_t_1.jpg
T:\wygenrowane_do_EU\KOLEKCJA\mockup.png
T:\wygenrowane_do_EU\KOLEKCJA\mockup2.png
T:\wygenrowane_do_EU\A\0\1.jpg
T:\wygenrowane_do_EU\A\0\2.jpg
T:\wygenrowane_do_EU\A\0\3.jpg
T:\wygenrowane_do_EU\A\0\4.jpg
T:\wygenrowane_do_EU\A\0\5.jpg
T:\wygenrowane_do_EU\A\0\6.jpg
T:\wygenrowane_do_EU\A\0\miniatura1.jpg
";99;23;0;10532;1000;;;
15098;"Ceramiczne SZKŁO HARTOWANE NA SAMSUNG GALAXY A16 4G";;"GALAXY A16 4G";SAMSUNG;"249828|3||
";29.99;"T:\wygenrowane_do_EU\A\0\miniatura_t_1.jpg
T:\wygenrowane_do_EU\KOLEKCJA\mockup.png
T:\wygenrowane_do_EU\KOLEKCJA\mockup2.png
T:\wygenrowane_do_EU\A\0\1.jpg
T:\wygenrowane_do_EU\A\0\2.jpg
T:\wygenrowane_do_EU\A\0\3.jpg
T:\wygenrowane_do_EU\A\0\4.jpg
T:\wygenrowane_do_EU\A\0\5.jpg
T:\wygenrowane_do_EU\A\0\6.jpg
T:\wygenrowane_do_EU\A\0\miniatura1.jpg
";99;23;0;10532;1000;;;
15098;"Ceramiczne SZKŁO HARTOWANE NA SAMSUNG GALAXY A16 5G";;"GALAXY A16 5G";SAMSUNG;"249828|3||
";29.99;"T:\wygenrowane_do_EU\A\0\miniatura_t_1.jpg
T:\wygenrowane_do_EU\KOLEKCJA\mockup.png
T:\wygenrowane_do_EU\KOLEKCJA\mockup2.png
T:\wygenrowane_do_EU\A\0\1.jpg
T:\wygenrowane_do_EU\A\0\2.jpg
T:\wygenrowane_do_EU\A\0\3.jpg
T:\wygenrowane_do_EU\A\0\4.jpg
T:\wygenrowane_do_EU\A\0\5.jpg
T:\wygenrowane_do_EU\A\0\6.jpg
T:\wygenrowane_do_EU\A\0\miniatura1.jpg
";99;23;0;10532;1000;;;
15099;"Ceramiczne SZKŁO HARTOWANE NA SAMSUNG GALAXY A26 5G";;"GALAXY A26 5G";SAMSUNG;"249828|3||
";29.99;"T:\wygenrowane_do_EU\A\0\miniatura_t_1.jpg
T:\wygenrowane_do_EU\KOLEKCJA\mockup.png
T:\wygenrowane_do_EU\KOLEKCJA\mockup2.png
T:\wygenrowane_do_EU\A\0\1.jpg
T:\wygenrowane_do_EU\A\0\2.jpg
T:\wygenrowane_do_EU\A\0\3.jpg
T:\wygenrowane_do_EU\A\0\4.jpg
T:\wygenrowane_do_EU\A\0\5.jpg
T:\wygenrowane_do_EU\A\0\6.jpg
T:\wygenrowane_do_EU\A\0\miniatura1.jpg
";99;23;0;10532;1000;;;
15100;"Ceramiczne SZKŁO HARTOWANE NA SAMSUNG GALAXY M16 5G";;"GALAXY M16 5G";SAMSUNG;"249828|3||
";29.99;"T:\wygenrowane_do_EU\A\0\miniatura_t_1.jpg
T:\wygenrowane_do_EU\KOLEKCJA\mockup.png
T:\wygenrowane_do_EU\KOLEKCJA\mockup2.png
T:\wygenrowane_do_EU\A\0\1.jpg
T:\wygenrowane_do_EU\A\0\2.jpg
T:\wygenrowane_do_EU\A\0\3.jpg
T:\wygenrowane_do_EU\A\0\4.jpg
T:\wygenrowane_do_EU\A\0\5.jpg
T:\wygenrowane_do_EU\A\0\6.jpg
T:\wygenrowane_do_EU\A\0\miniatura1.jpg
";99;23;0;10532;1000;;;
15101;"Ceramiczne SZKŁO HARTOWANE NA SAMSUNG GALAXY XCOVER 7";;"GALAXY XCOVER 7";SAMSUNG;"249828|3||
";29.99;"T:\wygenrowane_do_EU\A\0\miniatura_t_1.jpg
T:\wygenrowane_do_EU\KOLEKCJA\mockup.png
T:\wygenrowane_do_EU\KOLEKCJA\mockup2.png
T:\wygenrowane_do_EU\A\0\1.jpg
T:\wygenrowane_do_EU\A\0\2.jpg
T:\wygenrowane_do_EU\A\0\3.jpg
T:\wygenrowane_do_EU\A\0\4.jpg
T:\wygenrowane_do_EU\A\0\5.jpg
T:\wygenrowane_do_EU\A\0\6.jpg
T:\wygenrowane_do_EU\A\0\miniatura1.jpg
";99;23;0;10532;1000;;;
15102;"Ceramiczne SZKŁO HARTOWANE NA XIAOMI REDMI 13 4G";;"REDMI 13 4G";XIAOMI;"249828|3||
";29.99;"T:\wygenrowane_do_EU\A\0\miniatura_t_1.jpg
T:\wygenrowane_do_EU\KOLEKCJA\mockup.png
T:\wygenrowane_do_EU\KOLEKCJA\mockup2.png
T:\wygenrowane_do_EU\A\0\1.jpg
T:\wygenrowane_do_EU\A\0\2.jpg
T:\wygenrowane_do_EU\A\0\3.jpg
T:\wygenrowane_do_EU\A\0\4.jpg
T:\wygenrowane_do_EU\A\0\5.jpg
T:\wygenrowane_do_EU\A\0\6.jpg
T:\wygenrowane_do_EU\A\0\miniatura1.jpg
";99;23;0;10532;1000;;;
15102;"Ceramiczne SZKŁO HARTOWANE NA XIAOMI REDMI 13 5G";;"REDMI 13 5G";XIAOMI;"249828|3||
";29.99;"T:\wygenrowane_do_EU\A\0\miniatura_t_1.jpg
T:\wygenrowane_do_EU\KOLEKCJA\mockup.png
T:\wygenrowane_do_EU\KOLEKCJA\mockup2.png
T:\wygenrowane_do_EU\A\0\1.jpg
T:\wygenrowane_do_EU\A\0\2.jpg
T:\wygenrowane_do_EU\A\0\3.jpg
T:\wygenrowane_do_EU\A\0\4.jpg
T:\wygenrowane_do_EU\A\0\5.jpg
T:\wygenrowane_do_EU\A\0\6.jpg
T:\wygenrowane_do_EU\A\0\miniatura1.jpg
";99;23;0;10532;1000;;;
15103;"Ceramiczne SZKŁO HARTOWANE NA XIAOMI REDMI 14C 4G";;"REDMI 14C 4G";XIAOMI;"249828|3||
";29.99;"T:\wygenrowane_do_EU\A\0\miniatura_t_1.jpg
T:\wygenrowane_do_EU\KOLEKCJA\mockup.png
T:\wygenrowane_do_EU\KOLEKCJA\mockup2.png
T:\wygenrowane_do_EU\A\0\1.jpg
T:\wygenrowane_do_EU\A\0\2.jpg
T:\wygenrowane_do_EU\A\0\3.jpg
T:\wygenrowane_do_EU\A\0\4.jpg
T:\wygenrowane_do_EU\A\0\5.jpg
T:\wygenrowane_do_EU\A\0\6.jpg
T:\wygenrowane_do_EU\A\0\miniatura1.jpg
";99;23;0;10532;1000;;;
15104;"Ceramiczne SZKŁO HARTOWANE NA XIAOMI REDMI NOTE 13 4G";;"REDMI NOTE 13 4G";XIAOMI;"249828|3||
";29.99;"T:\wygenrowane_do_EU\A\0\miniatura_t_1.jpg
T:\wygenrowane_do_EU\KOLEKCJA\mockup.png
T:\wygenrowane_do_EU\KOLEKCJA\mockup2.png
T:\wygenrowane_do_EU\A\0\1.jpg
T:\wygenrowane_do_EU\A\0\2.jpg
T:\wygenrowane_do_EU\A\0\3.jpg
T:\wygenrowane_do_EU\A\0\4.jpg
T:\wygenrowane_do_EU\A\0\5.jpg
T:\wygenrowane_do_EU\A\0\6.jpg
T:\wygenrowane_do_EU\A\0\miniatura1.jpg
";99;23;0;10532;1000;;;
15104;"Ceramiczne SZKŁO HARTOWANE NA XIAOMI REDMI NOTE 13 5G";;"REDMI NOTE 13 5G";XIAOMI;"249828|3||
";29.99;"T:\wygenrowane_do_EU\A\0\miniatura_t_1.jpg
T:\wygenrowane_do_EU\KOLEKCJA\mockup.png
T:\wygenrowane_do_EU\KOLEKCJA\mockup2.png
T:\wygenrowane_do_EU\A\0\1.jpg
T:\wygenrowane_do_EU\A\0\2.jpg
T:\wygenrowane_do_EU\A\0\3.jpg
T:\wygenrowane_do_EU\A\0\4.jpg
T:\wygenrowane_do_EU\A\0\5.jpg
T:\wygenrowane_do_EU\A\0\6.jpg
T:\wygenrowane_do_EU\A\0\miniatura1.jpg
";99;23;0;10532;1000;;;
15105;"Ceramiczne SZKŁO HARTOWANE NA XIAOMI REDMI NOTE 14 4G";;"REDMI NOTE 14 4G";XIAOMI;"249828|3||
";29.99;"T:\wygenrowane_do_EU\A\0\miniatura_t_1.jpg
T:\wygenrowane_do_EU\KOLEKCJA\mockup.png
T:\wygenrowane_do_EU\KOLEKCJA\mockup2.png
T:\wygenrowane_do_EU\A\0\1.jpg
T:\wygenrowane_do_EU\A\0\2.jpg
T:\wygenrowane_do_EU\A\0\3.jpg
T:\wygenrowane_do_EU\A\0\4.jpg
T:\wygenrowane_do_EU\A\0\5.jpg
T:\wygenrowane_do_EU\A\0\6.jpg
T:\wygenrowane_do_EU\A\0\miniatura1.jpg
";99;23;0;10532;1000;;;
15105;"Ceramiczne SZKŁO HARTOWANE NA XIAOMI REDMI NOTE 14 5G";;"REDMI NOTE 14 5G";XIAOMI;"249828|3||
";29.99;"T:\wygenrowane_do_EU\A\0\miniatura_t_1.jpg
T:\wygenrowane_do_EU\KOLEKCJA\mockup.png
T:\wygenrowane_do_EU\KOLEKCJA\mockup2.png
T:\wygenrowane_do_EU\A\0\1.jpg
T:\wygenrowane_do_EU\A\0\2.jpg
T:\wygenrowane_do_EU\A\0\3.jpg
T:\wygenrowane_do_EU\A\0\4.jpg
T:\wygenrowane_do_EU\A\0\5.jpg
T:\wygenrowane_do_EU\A\0\6.jpg
T:\wygenrowane_do_EU\A\0\miniatura1.jpg
";99;23;0;10532;1000;;;
15106;"Ceramiczne SZKŁO HARTOWANE NA REALME 14 PRO 5G";;"14 PRO 5G";REALME;"249828|3||
";29.99;"T:\wygenrowane_do_EU\A\0\miniatura_t_1.jpg
T:\wygenrowane_do_EU\KOLEKCJA\mockup.png
T:\wygenrowane_do_EU\KOLEKCJA\mockup2.png
T:\wygenrowane_do_EU\A\0\1.jpg
T:\wygenrowane_do_EU\A\0\2.jpg
T:\wygenrowane_do_EU\A\0\3.jpg
T:\wygenrowane_do_EU\A\0\4.jpg
T:\wygenrowane_do_EU\A\0\5.jpg
T:\wygenrowane_do_EU\A\0\6.jpg
T:\wygenrowane_do_EU\A\0\miniatura1.jpg
";99;23;0;10532;1000;;;
15340;"Ceramiczne SZKŁO HARTOWANE NA  ";;;;"249828|3||
";29.99;"T:\wygenrowane_do_EU\A\\miniatura_t_1.jpg
T:\wygenrowane_do_EU\KOLEKCJA\mockup.png
T:\wygenrowane_do_EU\KOLEKCJA\mockup2.png
T:\wygenrowane_do_EU\A\\1.jpg
T:\wygenrowane_do_EU\A\\2.jpg
T:\wygenrowane_do_EU\A\\3.jpg
T:\wygenrowane_do_EU\A\\4.jpg
T:\wygenrowane_do_EU\A\\5.jpg
T:\wygenrowane_do_EU\A\\6.jpg
T:\wygenrowane_do_EU\A\\miniatura1.jpg
";99;23;0;10532;1000;;;
15341;"Ceramiczne SZKŁO HARTOWANE NA APPLE IPHONE 12 ";"Apple iPhone 12 (id: 2a553d288c57ef88c967d7be44e1ddb50e99c13f4aa384135e305d5c29176238)
Apple iPhone 12 Pro (id: 45e87403bab98c0963147f846a1bab12ee046aeaeee3a5bd09ba9d4f28b4cea5)
";"IPHONE 12 ";APPLE;"11323|3|11323_1|
224017|0|Szkło hartowane na APPLE IPHONE 12 |
219781|0|APPLE IPHONE 12 |
207854|3|207854_234034|
249950|3|249950_1786046|
207862|1|3|
249055|3|249055_1019864|
207866|2|0,50|
207874|3|207874_1[rn]207874_2|
207878|3|207878_234050|
17448|2|0,50|
225693|0|5905573721442|
229205|3|229205_340245|
249828|3|249828_1748611|
";29.99;"T:\wygenrowane_do_EU\A\0\miniatura_t_1.jpg
T:\wygenrowane_do_EU\KOLEKCJA\mockup.png
T:\wygenrowane_do_EU\KOLEKCJA\mockup2.png
T:\wygenrowane_do_EU\A\0\1.jpg
T:\wygenrowane_do_EU\A\0\2.jpg
T:\wygenrowane_do_EU\A\0\3.jpg
T:\wygenrowane_do_EU\A\0\4.jpg
T:\wygenrowane_do_EU\A\0\5.jpg
T:\wygenrowane_do_EU\A\0\6.jpg
T:\wygenrowane_do_EU\A\0\miniatura1.jpg
";99;23;0;10532;1000;;;
15341;"Ceramiczne SZKŁO HARTOWANE NA APPLE IPHONE 12 PRO";"Apple iPhone 12 (id: 2a553d288c57ef88c967d7be44e1ddb50e99c13f4aa384135e305d5c29176238)
Apple iPhone 12 Pro (id: 45e87403bab98c0963147f846a1bab12ee046aeaeee3a5bd09ba9d4f28b4cea5)
";"IPHONE 12 PRO";APPLE;"11323|3|11323_1|
224017|0|Szkło hartowane na APPLE IPHONE 12 PRO|
219781|0|APPLE IPHONE 12 PRO|
207854|3|207854_234034|
249950|3|249950_1786046|
207862|1|3|
249055|3|249055_1019864|
207866|2|0,50|
207874|3|207874_1[rn]207874_2|
207878|3|207878_234050|
17448|2|0,50|
225693|0|5905573721459|
229205|3|229205_340245|
249828|3|249828_1748620|
";29.99;"T:\wygenrowane_do_EU\A\0\miniatura_t_1.jpg
T:\wygenrowane_do_EU\KOLEKCJA\mockup.png
T:\wygenrowane_do_EU\KOLEKCJA\mockup2.png
T:\wygenrowane_do_EU\A\0\1.jpg
T:\wygenrowane_do_EU\A\0\2.jpg
T:\wygenrowane_do_EU\A\0\3.jpg
T:\wygenrowane_do_EU\A\0\4.jpg
T:\wygenrowane_do_EU\A\0\5.jpg
T:\wygenrowane_do_EU\A\0\6.jpg
T:\wygenrowane_do_EU\A\0\miniatura1.jpg
";99;23;0;10532;1000;;;
15342;"Ceramiczne SZKŁO HARTOWANE NA APPLE IPHONE 13";"Apple iPhone 13 (id: 153eb7712a24c7e6da7ba294a7f847ae10a80a62330d5434ad4d31ab918efe81)
Apple iPhone 13 Pro (id: a32be2f481170853c23bce92a85327fd6d0e9527a519edc60ebb0da9aedfd3a8)
Apple iPhone 14 (id: e5dafab2455f7293bfdf8a316d0571f2150e71e7ab6200e6e59b0fe2755f874a)
";"IPHONE 13";APPLE;"249828|3|249828_1748625|
";29.99;"T:\wygenrowane_do_EU\A\0\miniatura_t_1.jpg
T:\wygenrowane_do_EU\KOLEKCJA\mockup.png
T:\wygenrowane_do_EU\KOLEKCJA\mockup2.png
T:\wygenrowane_do_EU\A\0\1.jpg
T:\wygenrowane_do_EU\A\0\2.jpg
T:\wygenrowane_do_EU\A\0\3.jpg
T:\wygenrowane_do_EU\A\0\4.jpg
T:\wygenrowane_do_EU\A\0\5.jpg
T:\wygenrowane_do_EU\A\0\6.jpg
T:\wygenrowane_do_EU\A\0\miniatura1.jpg
";99;23;0;10532;1000;;;
15342;"Ceramiczne SZKŁO HARTOWANE NA APPLE IPHONE 13 PRO";"Apple iPhone 13 (id: 153eb7712a24c7e6da7ba294a7f847ae10a80a62330d5434ad4d31ab918efe81)
Apple iPhone 13 Pro (id: a32be2f481170853c23bce92a85327fd6d0e9527a519edc60ebb0da9aedfd3a8)
Apple iPhone 14 (id: e5dafab2455f7293bfdf8a316d0571f2150e71e7ab6200e6e59b0fe2755f874a)
";"IPHONE 13 PRO";APPLE;"249828|3|249828_1748631|
";29.99;"T:\wygenrowane_do_EU\A\0\miniatura_t_1.jpg
T:\wygenrowane_do_EU\KOLEKCJA\mockup.png
T:\wygenrowane_do_EU\KOLEKCJA\mockup2.png
T:\wygenrowane_do_EU\A\0\1.jpg
T:\wygenrowane_do_EU\A\0\2.jpg
T:\wygenrowane_do_EU\A\0\3.jpg
T:\wygenrowane_do_EU\A\0\4.jpg
T:\wygenrowane_do_EU\A\0\5.jpg
T:\wygenrowane_do_EU\A\0\6.jpg
T:\wygenrowane_do_EU\A\0\miniatura1.jpg
";99;23;0;10532;1000;;;
15342;"Ceramiczne SZKŁO HARTOWANE NA APPLE IPHONE 14";"Apple iPhone 13 (id: 153eb7712a24c7e6da7ba294a7f847ae10a80a62330d5434ad4d31ab918efe81)
Apple iPhone 13 Pro (id: a32be2f481170853c23bce92a85327fd6d0e9527a519edc60ebb0da9aedfd3a8)
Apple iPhone 14 (id: e5dafab2455f7293bfdf8a316d0571f2150e71e7ab6200e6e59b0fe2755f874a)
";"IPHONE 14";APPLE;"249828|3|249828_1748636|
";29.99;"T:\wygenrowane_do_EU\A\0\miniatura_t_1.jpg
T:\wygenrowane_do_EU\KOLEKCJA\mockup.png
T:\wygenrowane_do_EU\KOLEKCJA\mockup2.png
T:\wygenrowane_do_EU\A\0\1.jpg
T:\wygenrowane_do_EU\A\0\2.jpg
T:\wygenrowane_do_EU\A\0\3.jpg
T:\wygenrowane_do_EU\A\0\4.jpg
T:\wygenrowane_do_EU\A\0\5.jpg
T:\wygenrowane_do_EU\A\0\6.jpg
T:\wygenrowane_do_EU\A\0\miniatura1.jpg
";99;23;0;10532;1000;;;
15343;"Ceramiczne SZKŁO HARTOWANE NA APPLE IPHONE 13 PRO MAX";"Apple iPhone 13 Pro Max (id: ae0023695a5a7c9698c8b6e39390352bf5ad343eedc8df697a8de4dbd899fe24)
Apple iPhone 14 Plus (id: a1a31276c664173a1fbe658188e1ffeb464296f4b2d60eadc7e2d44e3e166c3b)
";"IPHONE 13 PRO MAX";APPLE;"249828|3|249828_1748634|
";29.99;"T:\wygenrowane_do_EU\A\0\miniatura_t_1.jpg
T:\wygenrowane_do_EU\KOLEKCJA\mockup.png
T:\wygenrowane_do_EU\KOLEKCJA\mockup2.png
T:\wygenrowane_do_EU\A\0\1.jpg
T:\wygenrowane_do_EU\A\0\2.jpg
T:\wygenrowane_do_EU\A\0\3.jpg
T:\wygenrowane_do_EU\A\0\4.jpg
T:\wygenrowane_do_EU\A\0\5.jpg
T:\wygenrowane_do_EU\A\0\6.jpg
T:\wygenrowane_do_EU\A\0\miniatura1.jpg
";99;23;0;10532;1000;;;
15343;"Ceramiczne SZKŁO HARTOWANE NA APPLE IPHONE 14 PLUS";"Apple iPhone 13 Pro Max (id: ae0023695a5a7c9698c8b6e39390352bf5ad343eedc8df697a8de4dbd899fe24)
Apple iPhone 14 Plus (id: a1a31276c664173a1fbe658188e1ffeb464296f4b2d60eadc7e2d44e3e166c3b)
";"IPHONE 14 PLUS";APPLE;"249828|3|249828_1748639|
";29.99;"T:\wygenrowane_do_EU\A\0\miniatura_t_1.jpg
T:\wygenrowane_do_EU\KOLEKCJA\mockup.png
T:\wygenrowane_do_EU\KOLEKCJA\mockup2.png
T:\wygenrowane_do_EU\A\0\1.jpg
T:\wygenrowane_do_EU\A\0\2.jpg
T:\wygenrowane_do_EU\A\0\3.jpg
T:\wygenrowane_do_EU\A\0\4.jpg
T:\wygenrowane_do_EU\A\0\5.jpg
T:\wygenrowane_do_EU\A\0\6.jpg
T:\wygenrowane_do_EU\A\0\miniatura1.jpg
";99;23;0;10532;1000;;;
15344;"Ceramiczne SZKŁO HARTOWANE NA APPLE IPHONE 14 PRO";"Apple iPhone 14 Pro (id: e422ddc0f33fdfc1ae6f45d049c08c665f31c0769bde2012041f44f0ea922955)
";"IPHONE 14 PRO";APPLE;"249828|3|249828_1748642|
";29.99;"T:\wygenrowane_do_EU\A\0\miniatura_t_1.jpg
T:\wygenrowane_do_EU\KOLEKCJA\mockup.png
T:\wygenrowane_do_EU\KOLEKCJA\mockup2.png
T:\wygenrowane_do_EU\A\0\1.jpg
T:\wygenrowane_do_EU\A\0\2.jpg
T:\wygenrowane_do_EU\A\0\3.jpg
T:\wygenrowane_do_EU\A\0\4.jpg
T:\wygenrowane_do_EU\A\0\5.jpg
T:\wygenrowane_do_EU\A\0\6.jpg
T:\wygenrowane_do_EU\A\0\miniatura1.jpg
";99;23;0;10532;1000;;;
15345;"Ceramiczne SZKŁO HARTOWANE NA APPLE IPHONE 15";"Apple iPhone 15 (id: c1a3ca2918bc60fc9ef83b816fa8a1988e197f4e451920c552f53cf6869b2631)
Apple iPhone 16 (id: 115a80ff7f2afba79d877e301518864c20f97121bb7c463d996c685697a6c884)
";"IPHONE 15";APPLE;"249828|3|249828_1782167|
";29.99;"T:\wygenrowane_do_EU\A\0\miniatura_t_1.jpg
T:\wygenrowane_do_EU\KOLEKCJA\mockup.png
T:\wygenrowane_do_EU\KOLEKCJA\mockup2.png
T:\wygenrowane_do_EU\A\0\1.jpg
T:\wygenrowane_do_EU\A\0\2.jpg
T:\wygenrowane_do_EU\A\0\3.jpg
T:\wygenrowane_do_EU\A\0\4.jpg
T:\wygenrowane_do_EU\A\0\5.jpg
T:\wygenrowane_do_EU\A\0\6.jpg
T:\wygenrowane_do_EU\A\0\miniatura1.jpg
";99;23;0;10532;1000;;;
15345;"Ceramiczne SZKŁO HARTOWANE NA APPLE IPHONE 16";"Apple iPhone 15 (id: c1a3ca2918bc60fc9ef83b816fa8a1988e197f4e451920c552f53cf6869b2631)
Apple iPhone 16 (id: 115a80ff7f2afba79d877e301518864c20f97121bb7c463d996c685697a6c884)
";"IPHONE 16";APPLE;"249828|3|249828_1921807|
";29.99;"T:\wygenrowane_do_EU\A\0\miniatura_t_1.jpg
T:\wygenrowane_do_EU\KOLEKCJA\mockup.png
T:\wygenrowane_do_EU\KOLEKCJA\mockup2.png
T:\wygenrowane_do_EU\A\0\1.jpg
T:\wygenrowane_do_EU\A\0\2.jpg
T:\wygenrowane_do_EU\A\0\3.jpg
T:\wygenrowane_do_EU\A\0\4.jpg
T:\wygenrowane_do_EU\A\0\5.jpg
T:\wygenrowane_do_EU\A\0\6.jpg
T:\wygenrowane_do_EU\A\0\miniatura1.jpg
";99;23;0;10532;1000;;;
15346;"Ceramiczne SZKŁO HARTOWANE NA APPLE IPHONE 15 PRO";"Apple iPhone 15 Pro (id: 81eb977cb87c0b92e1803c199b7ab3581d8cc36ae2f488b66c1378f3d2a2e55d)
";"IPHONE 15 PRO";APPLE;"249828|3|249828_1782169|
";29.99;"T:\wygenrowane_do_EU\A\0\miniatura_t_1.jpg
T:\wygenrowane_do_EU\KOLEKCJA\mockup.png
T:\wygenrowane_do_EU\KOLEKCJA\mockup2.png
T:\wygenrowane_do_EU\A\0\1.jpg
T:\wygenrowane_do_EU\A\0\2.jpg
T:\wygenrowane_do_EU\A\0\3.jpg
T:\wygenrowane_do_EU\A\0\4.jpg
T:\wygenrowane_do_EU\A\0\5.jpg
T:\wygenrowane_do_EU\A\0\6.jpg
T:\wygenrowane_do_EU\A\0\miniatura1.jpg
";99;23;0;10532;1000;;;
15347;"Ceramiczne SZKŁO HARTOWANE NA APPLE IPHONE 16 PRO";"Apple iPhone 16 Pro (id: a8c626e3bc0683522643e7c1713b3ce7304c89b766d23d96eff9f08a430c3a05)
";"IPHONE 16 PRO";APPLE;"249828|3|249828_1921809|
";29.99;"T:\wygenrowane_do_EU\A\0\miniatura_t_1.jpg
T:\wygenrowane_do_EU\KOLEKCJA\mockup.png
T:\wygenrowane_do_EU\KOLEKCJA\mockup2.png
T:\wygenrowane_do_EU\A\0\1.jpg
T:\wygenrowane_do_EU\A\0\2.jpg
T:\wygenrowane_do_EU\A\0\3.jpg
T:\wygenrowane_do_EU\A\0\4.jpg
T:\wygenrowane_do_EU\A\0\5.jpg
T:\wygenrowane_do_EU\A\0\6.jpg
T:\wygenrowane_do_EU\A\0\miniatura1.jpg
";99;23;0;10532;1000;;;
15347;"Ceramiczne SZKŁO HARTOWANE NA APPLE IPHONE 17";"Apple iPhone 16 Pro (id: a8c626e3bc0683522643e7c1713b3ce7304c89b766d23d96eff9f08a430c3a05)
";"IPHONE 17";APPLE;"249828|3||
";29.99;"T:\wygenrowane_do_EU\A\0\miniatura_t_1.jpg
T:\wygenrowane_do_EU\KOLEKCJA\mockup.png
T:\wygenrowane_do_EU\KOLEKCJA\mockup2.png
T:\wygenrowane_do_EU\A\0\1.jpg
T:\wygenrowane_do_EU\A\0\2.jpg
T:\wygenrowane_do_EU\A\0\3.jpg
T:\wygenrowane_do_EU\A\0\4.jpg
T:\wygenrowane_do_EU\A\0\5.jpg
T:\wygenrowane_do_EU\A\0\6.jpg
T:\wygenrowane_do_EU\A\0\miniatura1.jpg
";99;23;0;10532;1000;;;
15347;"Ceramiczne SZKŁO HARTOWANE NA APPLE IPHONE 17 PRO";"Apple iPhone 16 Pro (id: a8c626e3bc0683522643e7c1713b3ce7304c89b766d23d96eff9f08a430c3a05)
";"IPHONE 17 PRO";APPLE;"249828|3||
";29.99;"T:\wygenrowane_do_EU\A\0\miniatura_t_1.jpg
T:\wygenrowane_do_EU\KOLEKCJA\mockup.png
T:\wygenrowane_do_EU\KOLEKCJA\mockup2.png
T:\wygenrowane_do_EU\A\0\1.jpg
T:\wygenrowane_do_EU\A\0\2.jpg
T:\wygenrowane_do_EU\A\0\3.jpg
T:\wygenrowane_do_EU\A\0\4.jpg
T:\wygenrowane_do_EU\A\0\5.jpg
T:\wygenrowane_do_EU\A\0\6.jpg
T:\wygenrowane_do_EU\A\0\miniatura1.jpg
";99;23;0;10532;1000;;;
15348;"Ceramiczne SZKŁO HARTOWANE NA APPLE IPHONE 16 PRO MAX";"Apple iPhone 16 Pro Max (id: 47b18cca4292a835fec202b54987274e51ae0d9d86bf8735275b37a5093c162e)
";"IPHONE 16 PRO MAX";APPLE;"249828|3|249828_1921810|
";29.99;"T:\wygenrowane_do_EU\A\0\miniatura_t_1.jpg
T:\wygenrowane_do_EU\KOLEKCJA\mockup.png
T:\wygenrowane_do_EU\KOLEKCJA\mockup2.png
T:\wygenrowane_do_EU\A\0\1.jpg
T:\wygenrowane_do_EU\A\0\2.jpg
T:\wygenrowane_do_EU\A\0\3.jpg
T:\wygenrowane_do_EU\A\0\4.jpg
T:\wygenrowane_do_EU\A\0\5.jpg
T:\wygenrowane_do_EU\A\0\6.jpg
T:\wygenrowane_do_EU\A\0\miniatura1.jpg
";99;23;0;10532;1000;;;
15348;"Ceramiczne SZKŁO HARTOWANE NA APPLE IPHONE 17 PRO MAX";"Apple iPhone 16 Pro Max (id: 47b18cca4292a835fec202b54987274e51ae0d9d86bf8735275b37a5093c162e)
";"IPHONE 17 PRO MAX";APPLE;"249828|3||
";29.99;"T:\wygenrowane_do_EU\A\0\miniatura_t_1.jpg
T:\wygenrowane_do_EU\KOLEKCJA\mockup.png
T:\wygenrowane_do_EU\KOLEKCJA\mockup2.png
T:\wygenrowane_do_EU\A\0\1.jpg
T:\wygenrowane_do_EU\A\0\2.jpg
T:\wygenrowane_do_EU\A\0\3.jpg
T:\wygenrowane_do_EU\A\0\4.jpg
T:\wygenrowane_do_EU\A\0\5.jpg
T:\wygenrowane_do_EU\A\0\6.jpg
T:\wygenrowane_do_EU\A\0\miniatura1.jpg
";99;23;0;10532;1000;;;
15349;"Ceramiczne SZKŁO HARTOWANE NA APPLE IPHONE 16E";"Apple iPhone 16e (id: aa6900160567dc5e01b5b90345ba7b5c4b147e86ebacf9e30660c369867c6e78)
";"IPHONE 16E";APPLE;"249828|3|249828_1943042|
";29.99;"T:\wygenrowane_do_EU\A\0\miniatura_t_1.jpg
T:\wygenrowane_do_EU\KOLEKCJA\mockup.png
T:\wygenrowane_do_EU\KOLEKCJA\mockup2.png
T:\wygenrowane_do_EU\A\0\1.jpg
T:\wygenrowane_do_EU\A\0\2.jpg
T:\wygenrowane_do_EU\A\0\3.jpg
T:\wygenrowane_do_EU\A\0\4.jpg
T:\wygenrowane_do_EU\A\0\5.jpg
T:\wygenrowane_do_EU\A\0\6.jpg
T:\wygenrowane_do_EU\A\0\miniatura1.jpg
";99;23;0;10532;1000;;;
15350;"Ceramiczne SZKŁO HARTOWANE NA MOTOROLA MOTO G24";"Motorola Moto G24 (id: 7fe44bc5c51f10cddd2d27ffdd370abab318788d0ba473374816471bee59ee43)
Motorola Moto G04 (id: 1acf52d6bbb1e736ed7f21c4482f019fe98e39700c04e073acae6b49b83dedca)
";"MOTO G24";MOTOROLA;"249828|3|249828_1884555|
";29.99;"T:\wygenrowane_do_EU\A\0\miniatura_t_1.jpg
T:\wygenrowane_do_EU\KOLEKCJA\mockup.png
T:\wygenrowane_do_EU\KOLEKCJA\mockup2.png
T:\wygenrowane_do_EU\A\0\1.jpg
T:\wygenrowane_do_EU\A\0\2.jpg
T:\wygenrowane_do_EU\A\0\3.jpg
T:\wygenrowane_do_EU\A\0\4.jpg
T:\wygenrowane_do_EU\A\0\5.jpg
T:\wygenrowane_do_EU\A\0\6.jpg
T:\wygenrowane_do_EU\A\0\miniatura1.jpg
";99;23;0;10532;1000;;;
15350;"Ceramiczne SZKŁO HARTOWANE NA MOTOROLA MOTO G04";"Motorola Moto G24 (id: 7fe44bc5c51f10cddd2d27ffdd370abab318788d0ba473374816471bee59ee43)
Motorola Moto G04 (id: 1acf52d6bbb1e736ed7f21c4482f019fe98e39700c04e073acae6b49b83dedca)
";"MOTO G04";MOTOROLA;"249828|3|249828_1884553|
";29.99;"T:\wygenrowane_do_EU\A\0\miniatura_t_1.jpg
T:\wygenrowane_do_EU\KOLEKCJA\mockup.png
T:\wygenrowane_do_EU\KOLEKCJA\mockup2.png
T:\wygenrowane_do_EU\A\0\1.jpg
T:\wygenrowane_do_EU\A\0\2.jpg
T:\wygenrowane_do_EU\A\0\3.jpg
T:\wygenrowane_do_EU\A\0\4.jpg
T:\wygenrowane_do_EU\A\0\5.jpg
T:\wygenrowane_do_EU\A\0\6.jpg
T:\wygenrowane_do_EU\A\0\miniatura1.jpg
";99;23;0;10532;1000;;;
15351;"Ceramiczne SZKŁO HARTOWANE NA SAMSUNG GALAXY A04";"Samsung Galaxy A04 (id: ef2e816994a6f72b58683b5d692523fd617214acc7a421b3ec93a9ce709085a5)
Samsung Galaxy A12 (id: b35f8e3e13fcdb0df3b118dfebd9bf85d709362adae736392f117fcadd17674e)
Samsung Galaxy A32 5G (id: 2dcd7374e7abd3b362418c5c4086cf79f33e926c8bf3ea760e7a2107a56c4711)
Samsung Galaxy M12 (id: e024e1821b213a83b646bedd1c430b4e3fa0bebf50061bb6c78464f258f090ad)
Samsung Galaxy M32 5G (id: cb985de7b686f0a65e76ed4aae28b5c884853c8461252bfc1d16dde8fbc3f61d)
Samsung Galaxy M33 (id: 49171592b6bc85b880b739d05fe4af78931a05f0b5b06b8c5d0c30cdf2c5cd12)
";"GALAXY A04";SAMSUNG;"249828|3|249828_1746969|
";29.99;"T:\wygenrowane_do_EU\A\0\miniatura_t_1.jpg
T:\wygenrowane_do_EU\KOLEKCJA\mockup.png
T:\wygenrowane_do_EU\KOLEKCJA\mockup2.png
T:\wygenrowane_do_EU\A\0\1.jpg
T:\wygenrowane_do_EU\A\0\2.jpg
T:\wygenrowane_do_EU\A\0\3.jpg
T:\wygenrowane_do_EU\A\0\4.jpg
T:\wygenrowane_do_EU\A\0\5.jpg
T:\wygenrowane_do_EU\A\0\6.jpg
T:\wygenrowane_do_EU\A\0\miniatura1.jpg
";99;23;0;10532;1000;;;
15351;"Ceramiczne SZKŁO HARTOWANE NA SAMSUNG GALAXY A12";"Samsung Galaxy A04 (id: ef2e816994a6f72b58683b5d692523fd617214acc7a421b3ec93a9ce709085a5)
Samsung Galaxy A12 (id: b35f8e3e13fcdb0df3b118dfebd9bf85d709362adae736392f117fcadd17674e)
Samsung Galaxy A32 5G (id: 2dcd7374e7abd3b362418c5c4086cf79f33e926c8bf3ea760e7a2107a56c4711)
Samsung Galaxy M12 (id: e024e1821b213a83b646bedd1c430b4e3fa0bebf50061bb6c78464f258f090ad)
Samsung Galaxy M32 5G (id: cb985de7b686f0a65e76ed4aae28b5c884853c8461252bfc1d16dde8fbc3f61d)
Samsung Galaxy M33 (id: 49171592b6bc85b880b739d05fe4af78931a05f0b5b06b8c5d0c30cdf2c5cd12)
";"GALAXY A12";SAMSUNG;"249828|3|249828_1746990|
";29.99;"T:\wygenrowane_do_EU\A\0\miniatura_t_1.jpg
T:\wygenrowane_do_EU\KOLEKCJA\mockup.png
T:\wygenrowane_do_EU\KOLEKCJA\mockup2.png
T:\wygenrowane_do_EU\A\0\1.jpg
T:\wygenrowane_do_EU\A\0\2.jpg
T:\wygenrowane_do_EU\A\0\3.jpg
T:\wygenrowane_do_EU\A\0\4.jpg
T:\wygenrowane_do_EU\A\0\5.jpg
T:\wygenrowane_do_EU\A\0\6.jpg
T:\wygenrowane_do_EU\A\0\miniatura1.jpg
";99;23;0;10532;1000;;;
15351;"Ceramiczne SZKŁO HARTOWANE NA SAMSUNG GALAXY A32 5G";"Samsung Galaxy A04 (id: ef2e816994a6f72b58683b5d692523fd617214acc7a421b3ec93a9ce709085a5)
Samsung Galaxy A12 (id: b35f8e3e13fcdb0df3b118dfebd9bf85d709362adae736392f117fcadd17674e)
Samsung Galaxy A32 5G (id: 2dcd7374e7abd3b362418c5c4086cf79f33e926c8bf3ea760e7a2107a56c4711)
Samsung Galaxy M12 (id: e024e1821b213a83b646bedd1c430b4e3fa0bebf50061bb6c78464f258f090ad)
Samsung Galaxy M32 5G (id: cb985de7b686f0a65e76ed4aae28b5c884853c8461252bfc1d16dde8fbc3f61d)
Samsung Galaxy M33 (id: 49171592b6bc85b880b739d05fe4af78931a05f0b5b06b8c5d0c30cdf2c5cd12)
";"GALAXY A32 5G";SAMSUNG;"249828|3|249828_1747054|
";29.99;"T:\wygenrowane_do_EU\A\0\miniatura_t_1.jpg
T:\wygenrowane_do_EU\KOLEKCJA\mockup.png
T:\wygenrowane_do_EU\KOLEKCJA\mockup2.png
T:\wygenrowane_do_EU\A\0\1.jpg
T:\wygenrowane_do_EU\A\0\2.jpg
T:\wygenrowane_do_EU\A\0\3.jpg
T:\wygenrowane_do_EU\A\0\4.jpg
T:\wygenrowane_do_EU\A\0\5.jpg
T:\wygenrowane_do_EU\A\0\6.jpg
T:\wygenrowane_do_EU\A\0\miniatura1.jpg
";99;23;0;10532;1000;;;
15351;"Ceramiczne SZKŁO HARTOWANE NA SAMSUNG GALAXY M12";"Samsung Galaxy A04 (id: ef2e816994a6f72b58683b5d692523fd617214acc7a421b3ec93a9ce709085a5)
Samsung Galaxy A12 (id: b35f8e3e13fcdb0df3b118dfebd9bf85d709362adae736392f117fcadd17674e)
Samsung Galaxy A32 5G (id: 2dcd7374e7abd3b362418c5c4086cf79f33e926c8bf3ea760e7a2107a56c4711)
Samsung Galaxy M12 (id: e024e1821b213a83b646bedd1c430b4e3fa0bebf50061bb6c78464f258f090ad)
Samsung Galaxy M32 5G (id: cb985de7b686f0a65e76ed4aae28b5c884853c8461252bfc1d16dde8fbc3f61d)
Samsung Galaxy M33 (id: 49171592b6bc85b880b739d05fe4af78931a05f0b5b06b8c5d0c30cdf2c5cd12)
";"GALAXY M12";SAMSUNG;"249828|3|249828_1747491|
";29.99;"T:\wygenrowane_do_EU\A\0\miniatura_t_1.jpg
T:\wygenrowane_do_EU\KOLEKCJA\mockup.png
T:\wygenrowane_do_EU\KOLEKCJA\mockup2.png
T:\wygenrowane_do_EU\A\0\1.jpg
T:\wygenrowane_do_EU\A\0\2.jpg
T:\wygenrowane_do_EU\A\0\3.jpg
T:\wygenrowane_do_EU\A\0\4.jpg
T:\wygenrowane_do_EU\A\0\5.jpg
T:\wygenrowane_do_EU\A\0\6.jpg
T:\wygenrowane_do_EU\A\0\miniatura1.jpg
";99;23;0;10532;1000;;;
15351;"Ceramiczne SZKŁO HARTOWANE NA SAMSUNG GALAXY M32 5G";"Samsung Galaxy A04 (id: ef2e816994a6f72b58683b5d692523fd617214acc7a421b3ec93a9ce709085a5)
Samsung Galaxy A12 (id: b35f8e3e13fcdb0df3b118dfebd9bf85d709362adae736392f117fcadd17674e)
Samsung Galaxy A32 5G (id: 2dcd7374e7abd3b362418c5c4086cf79f33e926c8bf3ea760e7a2107a56c4711)
Samsung Galaxy M12 (id: e024e1821b213a83b646bedd1c430b4e3fa0bebf50061bb6c78464f258f090ad)
Samsung Galaxy M32 5G (id: cb985de7b686f0a65e76ed4aae28b5c884853c8461252bfc1d16dde8fbc3f61d)
Samsung Galaxy M33 (id: 49171592b6bc85b880b739d05fe4af78931a05f0b5b06b8c5d0c30cdf2c5cd12)
";"GALAXY M32 5G";SAMSUNG;"249828|3|249828_1747533|
";29.99;"T:\wygenrowane_do_EU\A\0\miniatura_t_1.jpg
T:\wygenrowane_do_EU\KOLEKCJA\mockup.png
T:\wygenrowane_do_EU\KOLEKCJA\mockup2.png
T:\wygenrowane_do_EU\A\0\1.jpg
T:\wygenrowane_do_EU\A\0\2.jpg
T:\wygenrowane_do_EU\A\0\3.jpg
T:\wygenrowane_do_EU\A\0\4.jpg
T:\wygenrowane_do_EU\A\0\5.jpg
T:\wygenrowane_do_EU\A\0\6.jpg
T:\wygenrowane_do_EU\A\0\miniatura1.jpg
";99;23;0;10532;1000;;;
15351;"Ceramiczne SZKŁO HARTOWANE NA SAMSUNG GALAXY M33";"Samsung Galaxy A04 (id: ef2e816994a6f72b58683b5d692523fd617214acc7a421b3ec93a9ce709085a5)
Samsung Galaxy A12 (id: b35f8e3e13fcdb0df3b118dfebd9bf85d709362adae736392f117fcadd17674e)
Samsung Galaxy A32 5G (id: 2dcd7374e7abd3b362418c5c4086cf79f33e926c8bf3ea760e7a2107a56c4711)
Samsung Galaxy M12 (id: e024e1821b213a83b646bedd1c430b4e3fa0bebf50061bb6c78464f258f090ad)
Samsung Galaxy M32 5G (id: cb985de7b686f0a65e76ed4aae28b5c884853c8461252bfc1d16dde8fbc3f61d)
Samsung Galaxy M33 (id: 49171592b6bc85b880b739d05fe4af78931a05f0b5b06b8c5d0c30cdf2c5cd12)
";"GALAXY M33";SAMSUNG;"249828|3|249828_1747536|
";29.99;"T:\wygenrowane_do_EU\A\0\miniatura_t_1.jpg
T:\wygenrowane_do_EU\KOLEKCJA\mockup.png
T:\wygenrowane_do_EU\KOLEKCJA\mockup2.png
T:\wygenrowane_do_EU\A\0\1.jpg
T:\wygenrowane_do_EU\A\0\2.jpg
T:\wygenrowane_do_EU\A\0\3.jpg
T:\wygenrowane_do_EU\A\0\4.jpg
T:\wygenrowane_do_EU\A\0\5.jpg
T:\wygenrowane_do_EU\A\0\6.jpg
T:\wygenrowane_do_EU\A\0\miniatura1.jpg
";99;23;0;10532;1000;;;
15352;"Ceramiczne SZKŁO HARTOWANE NA SAMSUNG GALAXY A04S";"Samsung Galaxy A04s (id: 9b9572eebac007f47f456a6cd203bae4a5248f1a1e17d206452d1953dd0b968e)
Samsung Galaxy A02 (id: c8a78adba05ddcbe8c66cd37ebca62c58cc6838522dbe4632c7434eb43a2b518)
";"GALAXY A04S";SAMSUNG;"249828|3|249828_1746975|
";29.99;"T:\wygenrowane_do_EU\A\0\miniatura_t_1.jpg
T:\wygenrowane_do_EU\KOLEKCJA\mockup.png
T:\wygenrowane_do_EU\KOLEKCJA\mockup2.png
T:\wygenrowane_do_EU\A\0\1.jpg
T:\wygenrowane_do_EU\A\0\2.jpg
T:\wygenrowane_do_EU\A\0\3.jpg
T:\wygenrowane_do_EU\A\0\4.jpg
T:\wygenrowane_do_EU\A\0\5.jpg
T:\wygenrowane_do_EU\A\0\6.jpg
T:\wygenrowane_do_EU\A\0\miniatura1.jpg
";99;23;0;10532;1000;;;
15352;"Ceramiczne SZKŁO HARTOWANE NA SAMSUNG GALAXY A02";"Samsung Galaxy A04s (id: 9b9572eebac007f47f456a6cd203bae4a5248f1a1e17d206452d1953dd0b968e)
Samsung Galaxy A02 (id: c8a78adba05ddcbe8c66cd37ebca62c58cc6838522dbe4632c7434eb43a2b518)
";"GALAXY A02";SAMSUNG;"249828|3|249828_1746956|
";29.99;"T:\wygenrowane_do_EU\A\0\miniatura_t_1.jpg
T:\wygenrowane_do_EU\KOLEKCJA\mockup.png
T:\wygenrowane_do_EU\KOLEKCJA\mockup2.png
T:\wygenrowane_do_EU\A\0\1.jpg
T:\wygenrowane_do_EU\A\0\2.jpg
T:\wygenrowane_do_EU\A\0\3.jpg
T:\wygenrowane_do_EU\A\0\4.jpg
T:\wygenrowane_do_EU\A\0\5.jpg
T:\wygenrowane_do_EU\A\0\6.jpg
T:\wygenrowane_do_EU\A\0\miniatura1.jpg
";99;23;0;10532;1000;;;
15353;"Ceramiczne SZKŁO HARTOWANE NA SAMSUNG GALAXY A05S";"Samsung Galaxy A05s (id: 1e0874975c766af51de2c741a55caa899c7691669b74a7be015a7cf5b20a9144)
";"GALAXY A05S";SAMSUNG;"249828|3|249828_1884464|
";29.99;"T:\wygenrowane_do_EU\A\0\miniatura_t_1.jpg
T:\wygenrowane_do_EU\KOLEKCJA\mockup.png
T:\wygenrowane_do_EU\KOLEKCJA\mockup2.png
T:\wygenrowane_do_EU\A\0\1.jpg
T:\wygenrowane_do_EU\A\0\2.jpg
T:\wygenrowane_do_EU\A\0\3.jpg
T:\wygenrowane_do_EU\A\0\4.jpg
T:\wygenrowane_do_EU\A\0\5.jpg
T:\wygenrowane_do_EU\A\0\6.jpg
T:\wygenrowane_do_EU\A\0\miniatura1.jpg
";99;23;0;10532;1000;;;
15354;"Ceramiczne SZKŁO HARTOWANE NA SAMSUNG GALAXY A13 ";"Samsung Galaxy A13 (id: e3a0eeb1429e0c6938eb20c7f130e85263d584c11ebcc4884966eeda784d2851)
Samsung Galaxy A13 5G (id: cccbd97311d1a1db64bca0cce36b96a255497bc8a0f8a9b5214e339230b95b06)
";"GALAXY A13 ";SAMSUNG;"249828|3|249828_1746992|
";29.99;"T:\wygenrowane_do_EU\A\0\miniatura_t_1.jpg
T:\wygenrowane_do_EU\KOLEKCJA\mockup.png
T:\wygenrowane_do_EU\KOLEKCJA\mockup2.png
T:\wygenrowane_do_EU\A\0\1.jpg
T:\wygenrowane_do_EU\A\0\2.jpg
T:\wygenrowane_do_EU\A\0\3.jpg
T:\wygenrowane_do_EU\A\0\4.jpg
T:\wygenrowane_do_EU\A\0\5.jpg
T:\wygenrowane_do_EU\A\0\6.jpg
T:\wygenrowane_do_EU\A\0\miniatura1.jpg
";99;23;0;10532;1000;;;
15354;"Ceramiczne SZKŁO HARTOWANE NA SAMSUNG GALAXY A13 5G";"Samsung Galaxy A13 (id: e3a0eeb1429e0c6938eb20c7f130e85263d584c11ebcc4884966eeda784d2851)
Samsung Galaxy A13 5G (id: cccbd97311d1a1db64bca0cce36b96a255497bc8a0f8a9b5214e339230b95b06)
";"GALAXY A13 5G";SAMSUNG;"249828|3|249828_1746995|
";29.99;"T:\wygenrowane_do_EU\A\0\miniatura_t_1.jpg
T:\wygenrowane_do_EU\KOLEKCJA\mockup.png
T:\wygenrowane_do_EU\KOLEKCJA\mockup2.png
T:\wygenrowane_do_EU\A\0\1.jpg
T:\wygenrowane_do_EU\A\0\2.jpg
T:\wygenrowane_do_EU\A\0\3.jpg
T:\wygenrowane_do_EU\A\0\4.jpg
T:\wygenrowane_do_EU\A\0\5.jpg
T:\wygenrowane_do_EU\A\0\6.jpg
T:\wygenrowane_do_EU\A\0\miniatura1.jpg
";99;23;0;10532;1000;;;
15355;"Ceramiczne SZKŁO HARTOWANE NA SAMSUNG GALAXY A15 ";"Samsung Galaxy A15 (id: 920454a414dce44d3f857c8f9d5a68e5cab935234f916c96fe412fe234860f3c)
Samsung Galaxy A15 5G (id: 9a41979a38bc85eae65f426fb523faf153273c614d0dd3b7da7c2eaaeec4fb23)
";"GALAXY A15 ";SAMSUNG;"249828|3|249828_1884466|
";29.99;"T:\wygenrowane_do_EU\A\0\miniatura_t_1.jpg
T:\wygenrowane_do_EU\KOLEKCJA\mockup.png
T:\wygenrowane_do_EU\KOLEKCJA\mockup2.png
T:\wygenrowane_do_EU\A\0\1.jpg
T:\wygenrowane_do_EU\A\0\2.jpg
T:\wygenrowane_do_EU\A\0\3.jpg
T:\wygenrowane_do_EU\A\0\4.jpg
T:\wygenrowane_do_EU\A\0\5.jpg
T:\wygenrowane_do_EU\A\0\6.jpg
T:\wygenrowane_do_EU\A\0\miniatura1.jpg
";99;23;0;10532;1000;;;
15355;"Ceramiczne SZKŁO HARTOWANE NA SAMSUNG GALAXY A15 5G";"Samsung Galaxy A15 (id: 920454a414dce44d3f857c8f9d5a68e5cab935234f916c96fe412fe234860f3c)
Samsung Galaxy A15 5G (id: 9a41979a38bc85eae65f426fb523faf153273c614d0dd3b7da7c2eaaeec4fb23)
";"GALAXY A15 5G";SAMSUNG;"249828|3|249828_1884467|
";29.99;"T:\wygenrowane_do_EU\A\0\miniatura_t_1.jpg
T:\wygenrowane_do_EU\KOLEKCJA\mockup.png
T:\wygenrowane_do_EU\KOLEKCJA\mockup2.png
T:\wygenrowane_do_EU\A\0\1.jpg
T:\wygenrowane_do_EU\A\0\2.jpg
T:\wygenrowane_do_EU\A\0\3.jpg
T:\wygenrowane_do_EU\A\0\4.jpg
T:\wygenrowane_do_EU\A\0\5.jpg
T:\wygenrowane_do_EU\A\0\6.jpg
T:\wygenrowane_do_EU\A\0\miniatura1.jpg
";99;23;0;10532;1000;;;
15356;"Ceramiczne SZKŁO HARTOWANE NA SAMSUNG GALAXY A24";"Samsung Galaxy A24 (id: 862a0773a002ffa6c05215e3ea520123a2922e5df89ecdca8cccd5d6db9dc921)
";"GALAXY A24";SAMSUNG;"249828|3|249828_1884469|
";29.99;"T:\wygenrowane_do_EU\A\0\miniatura_t_1.jpg
T:\wygenrowane_do_EU\KOLEKCJA\mockup.png
T:\wygenrowane_do_EU\KOLEKCJA\mockup2.png
T:\wygenrowane_do_EU\A\0\1.jpg
T:\wygenrowane_do_EU\A\0\2.jpg
T:\wygenrowane_do_EU\A\0\3.jpg
T:\wygenrowane_do_EU\A\0\4.jpg
T:\wygenrowane_do_EU\A\0\5.jpg
T:\wygenrowane_do_EU\A\0\6.jpg
T:\wygenrowane_do_EU\A\0\miniatura1.jpg
";99;23;0;10532;1000;;;
15356;"Ceramiczne SZKŁO HARTOWANE NA SAMSUNG GALAXY A25 5G";"Samsung Galaxy A24 (id: 862a0773a002ffa6c05215e3ea520123a2922e5df89ecdca8cccd5d6db9dc921)
";"GALAXY A25 5G";SAMSUNG;"249828|3|249828_1926333|
";29.99;"T:\wygenrowane_do_EU\A\0\miniatura_t_1.jpg
T:\wygenrowane_do_EU\KOLEKCJA\mockup.png
T:\wygenrowane_do_EU\KOLEKCJA\mockup2.png
T:\wygenrowane_do_EU\A\0\1.jpg
T:\wygenrowane_do_EU\A\0\2.jpg
T:\wygenrowane_do_EU\A\0\3.jpg
T:\wygenrowane_do_EU\A\0\4.jpg
T:\wygenrowane_do_EU\A\0\5.jpg
T:\wygenrowane_do_EU\A\0\6.jpg
T:\wygenrowane_do_EU\A\0\miniatura1.jpg
";99;23;0;10532;1000;;;
15357;"Ceramiczne SZKŁO HARTOWANE NA SAMSUNG GALAXY A26 5G";"Samsung Galaxy A26 (id: 1c9b42d8121f413a2c45eca10b6399f5a97700e2ea380b33d9ec171ff7808f5a)
";"GALAXY A26 5G";SAMSUNG;"11323|3|11323_1|
224017|0|Szkło hartowane na SAMSUNG GALAXY A26 5G|
219781|0|SAMSUNG GALAXY A26 5G|
207854|3|207854_234034|
249950|3|249950_1786046|
207862|1|3|
249055|3|249055_1019864|
207866|2|0,50|
207874|3|207874_1[rn]207874_2|
207878|3|207878_234050|
17448|2|0,50|
225693|0||
229205|3|229205_340245|
249828|3|249828_2005818|
";29.99;"T:\wygenrowane_do_EU\A\0\miniatura_t_1.jpg
T:\wygenrowane_do_EU\KOLEKCJA\mockup.png
T:\wygenrowane_do_EU\KOLEKCJA\mockup2.png
T:\wygenrowane_do_EU\A\0\1.jpg
T:\wygenrowane_do_EU\A\0\2.jpg
T:\wygenrowane_do_EU\A\0\3.jpg
T:\wygenrowane_do_EU\A\0\4.jpg
T:\wygenrowane_do_EU\A\0\5.jpg
T:\wygenrowane_do_EU\A\0\6.jpg
T:\wygenrowane_do_EU\A\0\miniatura1.jpg
";99;23;0;10532;1000;;;
15358;"Ceramiczne SZKŁO HARTOWANE NA SAMSUNG GALAXY A34 5G";"Samsung Galaxy A34 5G (id: 68c135b337b937dd6e16e725dc75c3bf94283dcf0166c1b8b6ece7c8a9b75987)
";"GALAXY A34 5G";SAMSUNG;"249828|3|249828_1780055|
";29.99;"T:\wygenrowane_do_EU\A\0\miniatura_t_1.jpg
T:\wygenrowane_do_EU\KOLEKCJA\mockup.png
T:\wygenrowane_do_EU\KOLEKCJA\mockup2.png
T:\wygenrowane_do_EU\A\0\1.jpg
T:\wygenrowane_do_EU\A\0\2.jpg
T:\wygenrowane_do_EU\A\0\3.jpg
T:\wygenrowane_do_EU\A\0\4.jpg
T:\wygenrowane_do_EU\A\0\5.jpg
T:\wygenrowane_do_EU\A\0\6.jpg
T:\wygenrowane_do_EU\A\0\miniatura1.jpg
";99;23;0;10532;1000;;;
15359;"Ceramiczne SZKŁO HARTOWANE NA SAMSUNG GALAXY A35 ";"Samsung Galaxy A35 (id: 46fb08e3de508dd4c60f9d04a6222a96b5b887c4f90340ed8b0a3a2cf1538fe2)
";"GALAXY A35 ";SAMSUNG;"249828|3|249828_1884471|
";29.99;"T:\wygenrowane_do_EU\A\0\miniatura_t_1.jpg
T:\wygenrowane_do_EU\KOLEKCJA\mockup.png
T:\wygenrowane_do_EU\KOLEKCJA\mockup2.png
T:\wygenrowane_do_EU\A\0\1.jpg
T:\wygenrowane_do_EU\A\0\2.jpg
T:\wygenrowane_do_EU\A\0\3.jpg
T:\wygenrowane_do_EU\A\0\4.jpg
T:\wygenrowane_do_EU\A\0\5.jpg
T:\wygenrowane_do_EU\A\0\6.jpg
T:\wygenrowane_do_EU\A\0\miniatura1.jpg
";99;23;0;10532;1000;;;
15360;"Ceramiczne SZKŁO HARTOWANE NA SAMSUNG GALAXY A50";"Samsung Galaxy A50 (id: 8b10551a10a83bdcf518282e1e81a8dd4878409714dab005b7b0707a1c2dec80)
Samsung Galaxy A30s (id: 8071a4a071b89f240bd6509657a56e2146ab1b6075f626c5efa6452d250e6fe3)
Samsung Galaxy A50s (id: d7f6ccfbdd000c09b9984f2662fb7a0ed1ae5ca2458aebb4ef8923cdffd48459)
Samsung Galaxy A30 (id: 54fb1d1b3959b7c10c0bab244f0b083a601935a3c15206f0920320291a6f1061)
Samsung Galaxy A20 (id: d8f67fc016ee416a07d9d32ff9daa26de72dd117b04fea8a077878dbc4b35a32)
Samsung Galaxy M21 (id: e4ac5d6245c7c7d4521cb747d0d8a871a3a6bf8db228254089ae901735b34491)
Samsung Galaxy M31s (id: 5dba3d62201e983152cbed0bbe9d0214f228f9fd2e583182a782ced74e16e8ce)
Samsung Galaxy M31 (id: ee3f337c31b5c9fee4957221a03799f3fcc4a85017a6c7adec988a5a1770a263)
Samsung Galaxy M30s (id: 472edf54ea0ddad81830ed75b5d3c17d59927a8c64948e5af87b26ff72998539)
";"GALAXY A50";SAMSUNG;"249828|3|249828_1747077|
";29.99;"T:\wygenrowane_do_EU\A\0\miniatura_t_1.jpg
T:\wygenrowane_do_EU\KOLEKCJA\mockup.png
T:\wygenrowane_do_EU\KOLEKCJA\mockup2.png
T:\wygenrowane_do_EU\A\0\1.jpg
T:\wygenrowane_do_EU\A\0\2.jpg
T:\wygenrowane_do_EU\A\0\3.jpg
T:\wygenrowane_do_EU\A\0\4.jpg
T:\wygenrowane_do_EU\A\0\5.jpg
T:\wygenrowane_do_EU\A\0\6.jpg
T:\wygenrowane_do_EU\A\0\miniatura1.jpg
";99;23;0;10532;1000;;;
15360;"Ceramiczne SZKŁO HARTOWANE NA SAMSUNG GALAXY A30S";"Samsung Galaxy A50 (id: 8b10551a10a83bdcf518282e1e81a8dd4878409714dab005b7b0707a1c2dec80)
Samsung Galaxy A30s (id: 8071a4a071b89f240bd6509657a56e2146ab1b6075f626c5efa6452d250e6fe3)
Samsung Galaxy A50s (id: d7f6ccfbdd000c09b9984f2662fb7a0ed1ae5ca2458aebb4ef8923cdffd48459)
Samsung Galaxy A30 (id: 54fb1d1b3959b7c10c0bab244f0b083a601935a3c15206f0920320291a6f1061)
Samsung Galaxy A20 (id: d8f67fc016ee416a07d9d32ff9daa26de72dd117b04fea8a077878dbc4b35a32)
Samsung Galaxy M21 (id: e4ac5d6245c7c7d4521cb747d0d8a871a3a6bf8db228254089ae901735b34491)
Samsung Galaxy M31s (id: 5dba3d62201e983152cbed0bbe9d0214f228f9fd2e583182a782ced74e16e8ce)
Samsung Galaxy M31 (id: ee3f337c31b5c9fee4957221a03799f3fcc4a85017a6c7adec988a5a1770a263)
Samsung Galaxy M30s (id: 472edf54ea0ddad81830ed75b5d3c17d59927a8c64948e5af87b26ff72998539)
";"GALAXY A30S";SAMSUNG;"249828|3|249828_1747035|
";29.99;"T:\wygenrowane_do_EU\A\0\miniatura_t_1.jpg
T:\wygenrowane_do_EU\KOLEKCJA\mockup.png
T:\wygenrowane_do_EU\KOLEKCJA\mockup2.png
T:\wygenrowane_do_EU\A\0\1.jpg
T:\wygenrowane_do_EU\A\0\2.jpg
T:\wygenrowane_do_EU\A\0\3.jpg
T:\wygenrowane_do_EU\A\0\4.jpg
T:\wygenrowane_do_EU\A\0\5.jpg
T:\wygenrowane_do_EU\A\0\6.jpg
T:\wygenrowane_do_EU\A\0\miniatura1.jpg
";99;23;0;10532;1000;;;
15360;"Ceramiczne SZKŁO HARTOWANE NA SAMSUNG GALAXY A50S";"Samsung Galaxy A50 (id: 8b10551a10a83bdcf518282e1e81a8dd4878409714dab005b7b0707a1c2dec80)
Samsung Galaxy A30s (id: 8071a4a071b89f240bd6509657a56e2146ab1b6075f626c5efa6452d250e6fe3)
Samsung Galaxy A50s (id: d7f6ccfbdd000c09b9984f2662fb7a0ed1ae5ca2458aebb4ef8923cdffd48459)
Samsung Galaxy A30 (id: 54fb1d1b3959b7c10c0bab244f0b083a601935a3c15206f0920320291a6f1061)
Samsung Galaxy A20 (id: d8f67fc016ee416a07d9d32ff9daa26de72dd117b04fea8a077878dbc4b35a32)
Samsung Galaxy M21 (id: e4ac5d6245c7c7d4521cb747d0d8a871a3a6bf8db228254089ae901735b34491)
Samsung Galaxy M31s (id: 5dba3d62201e983152cbed0bbe9d0214f228f9fd2e583182a782ced74e16e8ce)
Samsung Galaxy M31 (id: ee3f337c31b5c9fee4957221a03799f3fcc4a85017a6c7adec988a5a1770a263)
Samsung Galaxy M30s (id: 472edf54ea0ddad81830ed75b5d3c17d59927a8c64948e5af87b26ff72998539)
";"GALAXY A50S";SAMSUNG;"249828|3|249828_1747080|
";29.99;"T:\wygenrowane_do_EU\A\0\miniatura_t_1.jpg
T:\wygenrowane_do_EU\KOLEKCJA\mockup.png
T:\wygenrowane_do_EU\KOLEKCJA\mockup2.png
T:\wygenrowane_do_EU\A\0\1.jpg
T:\wygenrowane_do_EU\A\0\2.jpg
T:\wygenrowane_do_EU\A\0\3.jpg
T:\wygenrowane_do_EU\A\0\4.jpg
T:\wygenrowane_do_EU\A\0\5.jpg
T:\wygenrowane_do_EU\A\0\6.jpg
T:\wygenrowane_do_EU\A\0\miniatura1.jpg
";99;23;0;10532;1000;;;
15360;"Ceramiczne SZKŁO HARTOWANE NA SAMSUNG GALAXY A30";"Samsung Galaxy A50 (id: 8b10551a10a83bdcf518282e1e81a8dd4878409714dab005b7b0707a1c2dec80)
Samsung Galaxy A30s (id: 8071a4a071b89f240bd6509657a56e2146ab1b6075f626c5efa6452d250e6fe3)
Samsung Galaxy A50s (id: d7f6ccfbdd000c09b9984f2662fb7a0ed1ae5ca2458aebb4ef8923cdffd48459)
Samsung Galaxy A30 (id: 54fb1d1b3959b7c10c0bab244f0b083a601935a3c15206f0920320291a6f1061)
Samsung Galaxy A20 (id: d8f67fc016ee416a07d9d32ff9daa26de72dd117b04fea8a077878dbc4b35a32)
Samsung Galaxy M21 (id: e4ac5d6245c7c7d4521cb747d0d8a871a3a6bf8db228254089ae901735b34491)
Samsung Galaxy M31s (id: 5dba3d62201e983152cbed0bbe9d0214f228f9fd2e583182a782ced74e16e8ce)
Samsung Galaxy M31 (id: ee3f337c31b5c9fee4957221a03799f3fcc4a85017a6c7adec988a5a1770a263)
Samsung Galaxy M30s (id: 472edf54ea0ddad81830ed75b5d3c17d59927a8c64948e5af87b26ff72998539)
";"GALAXY A30";SAMSUNG;"249828|3|249828_1747032|
";29.99;"T:\wygenrowane_do_EU\A\0\miniatura_t_1.jpg
T:\wygenrowane_do_EU\KOLEKCJA\mockup.png
T:\wygenrowane_do_EU\KOLEKCJA\mockup2.png
T:\wygenrowane_do_EU\A\0\1.jpg
T:\wygenrowane_do_EU\A\0\2.jpg
T:\wygenrowane_do_EU\A\0\3.jpg
T:\wygenrowane_do_EU\A\0\4.jpg
T:\wygenrowane_do_EU\A\0\5.jpg
T:\wygenrowane_do_EU\A\0\6.jpg
T:\wygenrowane_do_EU\A\0\miniatura1.jpg
";99;23;0;10532;1000;;;
15360;"Ceramiczne SZKŁO HARTOWANE NA SAMSUNG GALAXY A20";"Samsung Galaxy A50 (id: 8b10551a10a83bdcf518282e1e81a8dd4878409714dab005b7b0707a1c2dec80)
Samsung Galaxy A30s (id: 8071a4a071b89f240bd6509657a56e2146ab1b6075f626c5efa6452d250e6fe3)
Samsung Galaxy A50s (id: d7f6ccfbdd000c09b9984f2662fb7a0ed1ae5ca2458aebb4ef8923cdffd48459)
Samsung Galaxy A30 (id: 54fb1d1b3959b7c10c0bab244f0b083a601935a3c15206f0920320291a6f1061)
Samsung Galaxy A20 (id: d8f67fc016ee416a07d9d32ff9daa26de72dd117b04fea8a077878dbc4b35a32)
Samsung Galaxy M21 (id: e4ac5d6245c7c7d4521cb747d0d8a871a3a6bf8db228254089ae901735b34491)
Samsung Galaxy M31s (id: 5dba3d62201e983152cbed0bbe9d0214f228f9fd2e583182a782ced74e16e8ce)
Samsung Galaxy M31 (id: ee3f337c31b5c9fee4957221a03799f3fcc4a85017a6c7adec988a5a1770a263)
Samsung Galaxy M30s (id: 472edf54ea0ddad81830ed75b5d3c17d59927a8c64948e5af87b26ff72998539)
";"GALAXY A20";SAMSUNG;"249828|3|249828_1747001|
";29.99;"T:\wygenrowane_do_EU\A\0\miniatura_t_1.jpg
T:\wygenrowane_do_EU\KOLEKCJA\mockup.png
T:\wygenrowane_do_EU\KOLEKCJA\mockup2.png
T:\wygenrowane_do_EU\A\0\1.jpg
T:\wygenrowane_do_EU\A\0\2.jpg
T:\wygenrowane_do_EU\A\0\3.jpg
T:\wygenrowane_do_EU\A\0\4.jpg
T:\wygenrowane_do_EU\A\0\5.jpg
T:\wygenrowane_do_EU\A\0\6.jpg
T:\wygenrowane_do_EU\A\0\miniatura1.jpg
";99;23;0;10532;1000;;;
15360;"Ceramiczne SZKŁO HARTOWANE NA SAMSUNG GALAXY M21";"Samsung Galaxy A50 (id: 8b10551a10a83bdcf518282e1e81a8dd4878409714dab005b7b0707a1c2dec80)
Samsung Galaxy A30s (id: 8071a4a071b89f240bd6509657a56e2146ab1b6075f626c5efa6452d250e6fe3)
Samsung Galaxy A50s (id: d7f6ccfbdd000c09b9984f2662fb7a0ed1ae5ca2458aebb4ef8923cdffd48459)
Samsung Galaxy A30 (id: 54fb1d1b3959b7c10c0bab244f0b083a601935a3c15206f0920320291a6f1061)
Samsung Galaxy A20 (id: d8f67fc016ee416a07d9d32ff9daa26de72dd117b04fea8a077878dbc4b35a32)
Samsung Galaxy M21 (id: e4ac5d6245c7c7d4521cb747d0d8a871a3a6bf8db228254089ae901735b34491)
Samsung Galaxy M31s (id: 5dba3d62201e983152cbed0bbe9d0214f228f9fd2e583182a782ced74e16e8ce)
Samsung Galaxy M31 (id: ee3f337c31b5c9fee4957221a03799f3fcc4a85017a6c7adec988a5a1770a263)
Samsung Galaxy M30s (id: 472edf54ea0ddad81830ed75b5d3c17d59927a8c64948e5af87b26ff72998539)
";"GALAXY M21";SAMSUNG;"249828|3|249828_1747502|
";29.99;"T:\wygenrowane_do_EU\A\0\miniatura_t_1.jpg
T:\wygenrowane_do_EU\KOLEKCJA\mockup.png
T:\wygenrowane_do_EU\KOLEKCJA\mockup2.png
T:\wygenrowane_do_EU\A\0\1.jpg
T:\wygenrowane_do_EU\A\0\2.jpg
T:\wygenrowane_do_EU\A\0\3.jpg
T:\wygenrowane_do_EU\A\0\4.jpg
T:\wygenrowane_do_EU\A\0\5.jpg
T:\wygenrowane_do_EU\A\0\6.jpg
T:\wygenrowane_do_EU\A\0\miniatura1.jpg
";99;23;0;10532;1000;;;
15360;"Ceramiczne SZKŁO HARTOWANE NA SAMSUNG GALAXY M31S";"Samsung Galaxy A50 (id: 8b10551a10a83bdcf518282e1e81a8dd4878409714dab005b7b0707a1c2dec80)
Samsung Galaxy A30s (id: 8071a4a071b89f240bd6509657a56e2146ab1b6075f626c5efa6452d250e6fe3)
Samsung Galaxy A50s (id: d7f6ccfbdd000c09b9984f2662fb7a0ed1ae5ca2458aebb4ef8923cdffd48459)
Samsung Galaxy A30 (id: 54fb1d1b3959b7c10c0bab244f0b083a601935a3c15206f0920320291a6f1061)
Samsung Galaxy A20 (id: d8f67fc016ee416a07d9d32ff9daa26de72dd117b04fea8a077878dbc4b35a32)
Samsung Galaxy M21 (id: e4ac5d6245c7c7d4521cb747d0d8a871a3a6bf8db228254089ae901735b34491)
Samsung Galaxy M31s (id: 5dba3d62201e983152cbed0bbe9d0214f228f9fd2e583182a782ced74e16e8ce)
Samsung Galaxy M31 (id: ee3f337c31b5c9fee4957221a03799f3fcc4a85017a6c7adec988a5a1770a263)
Samsung Galaxy M30s (id: 472edf54ea0ddad81830ed75b5d3c17d59927a8c64948e5af87b26ff72998539)
";"GALAXY M31S";SAMSUNG;"249828|3|249828_1747528|
";29.99;"T:\wygenrowane_do_EU\A\0\miniatura_t_1.jpg
T:\wygenrowane_do_EU\KOLEKCJA\mockup.png
T:\wygenrowane_do_EU\KOLEKCJA\mockup2.png
T:\wygenrowane_do_EU\A\0\1.jpg
T:\wygenrowane_do_EU\A\0\2.jpg
T:\wygenrowane_do_EU\A\0\3.jpg
T:\wygenrowane_do_EU\A\0\4.jpg
T:\wygenrowane_do_EU\A\0\5.jpg
T:\wygenrowane_do_EU\A\0\6.jpg
T:\wygenrowane_do_EU\A\0\miniatura1.jpg
";99;23;0;10532;1000;;;
15360;"Ceramiczne SZKŁO HARTOWANE NA SAMSUNG GALAXY M31";"Samsung Galaxy A50 (id: 8b10551a10a83bdcf518282e1e81a8dd4878409714dab005b7b0707a1c2dec80)
Samsung Galaxy A30s (id: 8071a4a071b89f240bd6509657a56e2146ab1b6075f626c5efa6452d250e6fe3)
Samsung Galaxy A50s (id: d7f6ccfbdd000c09b9984f2662fb7a0ed1ae5ca2458aebb4ef8923cdffd48459)
Samsung Galaxy A30 (id: 54fb1d1b3959b7c10c0bab244f0b083a601935a3c15206f0920320291a6f1061)
Samsung Galaxy A20 (id: d8f67fc016ee416a07d9d32ff9daa26de72dd117b04fea8a077878dbc4b35a32)
Samsung Galaxy M21 (id: e4ac5d6245c7c7d4521cb747d0d8a871a3a6bf8db228254089ae901735b34491)
Samsung Galaxy M31s (id: 5dba3d62201e983152cbed0bbe9d0214f228f9fd2e583182a782ced74e16e8ce)
Samsung Galaxy M31 (id: ee3f337c31b5c9fee4957221a03799f3fcc4a85017a6c7adec988a5a1770a263)
Samsung Galaxy M30s (id: 472edf54ea0ddad81830ed75b5d3c17d59927a8c64948e5af87b26ff72998539)
";"GALAXY M31";SAMSUNG;"249828|3|249828_1747522|
";29.99;"T:\wygenrowane_do_EU\A\0\miniatura_t_1.jpg
T:\wygenrowane_do_EU\KOLEKCJA\mockup.png
T:\wygenrowane_do_EU\KOLEKCJA\mockup2.png
T:\wygenrowane_do_EU\A\0\1.jpg
T:\wygenrowane_do_EU\A\0\2.jpg
T:\wygenrowane_do_EU\A\0\3.jpg
T:\wygenrowane_do_EU\A\0\4.jpg
T:\wygenrowane_do_EU\A\0\5.jpg
T:\wygenrowane_do_EU\A\0\6.jpg
T:\wygenrowane_do_EU\A\0\miniatura1.jpg
";99;23;0;10532;1000;;;
15360;"Ceramiczne SZKŁO HARTOWANE NA SAMSUNG GALAXY M30S";"Samsung Galaxy A50 (id: 8b10551a10a83bdcf518282e1e81a8dd4878409714dab005b7b0707a1c2dec80)
Samsung Galaxy A30s (id: 8071a4a071b89f240bd6509657a56e2146ab1b6075f626c5efa6452d250e6fe3)
Samsung Galaxy A50s (id: d7f6ccfbdd000c09b9984f2662fb7a0ed1ae5ca2458aebb4ef8923cdffd48459)
Samsung Galaxy A30 (id: 54fb1d1b3959b7c10c0bab244f0b083a601935a3c15206f0920320291a6f1061)
Samsung Galaxy A20 (id: d8f67fc016ee416a07d9d32ff9daa26de72dd117b04fea8a077878dbc4b35a32)
Samsung Galaxy M21 (id: e4ac5d6245c7c7d4521cb747d0d8a871a3a6bf8db228254089ae901735b34491)
Samsung Galaxy M31s (id: 5dba3d62201e983152cbed0bbe9d0214f228f9fd2e583182a782ced74e16e8ce)
Samsung Galaxy M31 (id: ee3f337c31b5c9fee4957221a03799f3fcc4a85017a6c7adec988a5a1770a263)
Samsung Galaxy M30s (id: 472edf54ea0ddad81830ed75b5d3c17d59927a8c64948e5af87b26ff72998539)
";"GALAXY M30S";SAMSUNG;"249828|3|249828_1747519|
";29.99;"T:\wygenrowane_do_EU\A\0\miniatura_t_1.jpg
T:\wygenrowane_do_EU\KOLEKCJA\mockup.png
T:\wygenrowane_do_EU\KOLEKCJA\mockup2.png
T:\wygenrowane_do_EU\A\0\1.jpg
T:\wygenrowane_do_EU\A\0\2.jpg
T:\wygenrowane_do_EU\A\0\3.jpg
T:\wygenrowane_do_EU\A\0\4.jpg
T:\wygenrowane_do_EU\A\0\5.jpg
T:\wygenrowane_do_EU\A\0\6.jpg
T:\wygenrowane_do_EU\A\0\miniatura1.jpg
";99;23;0;10532;1000;;;
15361;"Ceramiczne SZKŁO HARTOWANE NA SAMSUNG GALAXY A51";"Samsung Galaxy A51 (id: a74ceec7713e689b516cf324a1532adf1722d280370bea3f874cd27a15a946d5)
Samsung Galaxy A51 5G (id: c1b7a4467ebe99e87528efe17b182cff32c85d16830bdbbfb4dd956158ffbd67)
";"GALAXY A51";SAMSUNG;"249828|3|249828_1747083|
";29.99;"T:\wygenrowane_do_EU\A\0\miniatura_t_1.jpg
T:\wygenrowane_do_EU\KOLEKCJA\mockup.png
T:\wygenrowane_do_EU\KOLEKCJA\mockup2.png
T:\wygenrowane_do_EU\A\0\1.jpg
T:\wygenrowane_do_EU\A\0\2.jpg
T:\wygenrowane_do_EU\A\0\3.jpg
T:\wygenrowane_do_EU\A\0\4.jpg
T:\wygenrowane_do_EU\A\0\5.jpg
T:\wygenrowane_do_EU\A\0\6.jpg
T:\wygenrowane_do_EU\A\0\miniatura1.jpg
";99;23;0;10532;1000;;;
15361;"Ceramiczne SZKŁO HARTOWANE NA SAMSUNG GALAXY A51 5G";"Samsung Galaxy A51 (id: a74ceec7713e689b516cf324a1532adf1722d280370bea3f874cd27a15a946d5)
Samsung Galaxy A51 5G (id: c1b7a4467ebe99e87528efe17b182cff32c85d16830bdbbfb4dd956158ffbd67)
";"GALAXY A51 5G";SAMSUNG;"249828|3|249828_1747085|
";29.99;"T:\wygenrowane_do_EU\A\0\miniatura_t_1.jpg
T:\wygenrowane_do_EU\KOLEKCJA\mockup.png
T:\wygenrowane_do_EU\KOLEKCJA\mockup2.png
T:\wygenrowane_do_EU\A\0\1.jpg
T:\wygenrowane_do_EU\A\0\2.jpg
T:\wygenrowane_do_EU\A\0\3.jpg
T:\wygenrowane_do_EU\A\0\4.jpg
T:\wygenrowane_do_EU\A\0\5.jpg
T:\wygenrowane_do_EU\A\0\6.jpg
T:\wygenrowane_do_EU\A\0\miniatura1.jpg
";99;23;0;10532;1000;;;
15362;"Ceramiczne SZKŁO HARTOWANE NA SAMSUNG GALAXY A52 ";"Samsung Galaxy A52 (id: 6f9a5d3b2a966311db0b3282ffc443301acaeb6d685a836e53036b8d3f8c6af8)
Samsung Galaxy A52 5G (id: b7b3d08365f052773ac3a825309ab45f00c3652bded6cfb6de5f3d315082c524)
Samsung Galaxy A52s (id: 46c3dc858c13a182aa7abb26cbd6d604f3ea9c045fc5ee71e2bbbef7d6a570dd)
Samsung Galaxy A53 5G (id: 6dae2e1799c96cd578705ad5bbf270361ba473bfea3348519163b4add61471ea)
";"GALAXY A52 ";SAMSUNG;"249828|3|249828_1747094|
";29.99;"T:\wygenrowane_do_EU\A\0\miniatura_t_1.jpg
T:\wygenrowane_do_EU\KOLEKCJA\mockup.png
T:\wygenrowane_do_EU\KOLEKCJA\mockup2.png
T:\wygenrowane_do_EU\A\0\1.jpg
T:\wygenrowane_do_EU\A\0\2.jpg
T:\wygenrowane_do_EU\A\0\3.jpg
T:\wygenrowane_do_EU\A\0\4.jpg
T:\wygenrowane_do_EU\A\0\5.jpg
T:\wygenrowane_do_EU\A\0\6.jpg
T:\wygenrowane_do_EU\A\0\miniatura1.jpg
";99;23;0;10532;1000;;;
15362;"Ceramiczne SZKŁO HARTOWANE NA SAMSUNG GALAXY A52 5G";"Samsung Galaxy A52 (id: 6f9a5d3b2a966311db0b3282ffc443301acaeb6d685a836e53036b8d3f8c6af8)
Samsung Galaxy A52 5G (id: b7b3d08365f052773ac3a825309ab45f00c3652bded6cfb6de5f3d315082c524)
Samsung Galaxy A52s (id: 46c3dc858c13a182aa7abb26cbd6d604f3ea9c045fc5ee71e2bbbef7d6a570dd)
Samsung Galaxy A53 5G (id: 6dae2e1799c96cd578705ad5bbf270361ba473bfea3348519163b4add61471ea)
";"GALAXY A52 5G";SAMSUNG;"249828|3|249828_1747109|
";29.99;"T:\wygenrowane_do_EU\A\0\miniatura_t_1.jpg
T:\wygenrowane_do_EU\KOLEKCJA\mockup.png
T:\wygenrowane_do_EU\KOLEKCJA\mockup2.png
T:\wygenrowane_do_EU\A\0\1.jpg
T:\wygenrowane_do_EU\A\0\2.jpg
T:\wygenrowane_do_EU\A\0\3.jpg
T:\wygenrowane_do_EU\A\0\4.jpg
T:\wygenrowane_do_EU\A\0\5.jpg
T:\wygenrowane_do_EU\A\0\6.jpg
T:\wygenrowane_do_EU\A\0\miniatura1.jpg
";99;23;0;10532;1000;;;
15362;"Ceramiczne SZKŁO HARTOWANE NA SAMSUNG GALAXY A52S ";"Samsung Galaxy A52 (id: 6f9a5d3b2a966311db0b3282ffc443301acaeb6d685a836e53036b8d3f8c6af8)
Samsung Galaxy A52 5G (id: b7b3d08365f052773ac3a825309ab45f00c3652bded6cfb6de5f3d315082c524)
Samsung Galaxy A52s (id: 46c3dc858c13a182aa7abb26cbd6d604f3ea9c045fc5ee71e2bbbef7d6a570dd)
Samsung Galaxy A53 5G (id: 6dae2e1799c96cd578705ad5bbf270361ba473bfea3348519163b4add61471ea)
";"GALAXY A52S ";SAMSUNG;"249828|3|249828_1747112|
";29.99;"T:\wygenrowane_do_EU\A\0\miniatura_t_1.jpg
T:\wygenrowane_do_EU\KOLEKCJA\mockup.png
T:\wygenrowane_do_EU\KOLEKCJA\mockup2.png
T:\wygenrowane_do_EU\A\0\1.jpg
T:\wygenrowane_do_EU\A\0\2.jpg
T:\wygenrowane_do_EU\A\0\3.jpg
T:\wygenrowane_do_EU\A\0\4.jpg
T:\wygenrowane_do_EU\A\0\5.jpg
T:\wygenrowane_do_EU\A\0\6.jpg
T:\wygenrowane_do_EU\A\0\miniatura1.jpg
";99;23;0;10532;1000;;;
15362;"Ceramiczne SZKŁO HARTOWANE NA SAMSUNG GALAXY A53 5G";"Samsung Galaxy A52 (id: 6f9a5d3b2a966311db0b3282ffc443301acaeb6d685a836e53036b8d3f8c6af8)
Samsung Galaxy A52 5G (id: b7b3d08365f052773ac3a825309ab45f00c3652bded6cfb6de5f3d315082c524)
Samsung Galaxy A52s (id: 46c3dc858c13a182aa7abb26cbd6d604f3ea9c045fc5ee71e2bbbef7d6a570dd)
Samsung Galaxy A53 5G (id: 6dae2e1799c96cd578705ad5bbf270361ba473bfea3348519163b4add61471ea)
";"GALAXY A53 5G";SAMSUNG;"249828|3|249828_1780057|
";29.99;"T:\wygenrowane_do_EU\A\0\miniatura_t_1.jpg
T:\wygenrowane_do_EU\KOLEKCJA\mockup.png
T:\wygenrowane_do_EU\KOLEKCJA\mockup2.png
T:\wygenrowane_do_EU\A\0\1.jpg
T:\wygenrowane_do_EU\A\0\2.jpg
T:\wygenrowane_do_EU\A\0\3.jpg
T:\wygenrowane_do_EU\A\0\4.jpg
T:\wygenrowane_do_EU\A\0\5.jpg
T:\wygenrowane_do_EU\A\0\6.jpg
T:\wygenrowane_do_EU\A\0\miniatura1.jpg
";99;23;0;10532;1000;;;
15363;"Ceramiczne SZKŁO HARTOWANE NA SAMSUNG GALAXY A54 5G";"Samsung Galaxy A54 5G (id: 767977630856bcaf9b8e1d06ed809e8f7b71f2c50ff4dbc87f6f6586e8d778a7)
";"GALAXY A54 5G";SAMSUNG;"249828|3|249828_1780058|
";29.99;"T:\wygenrowane_do_EU\A\0\miniatura_t_1.jpg
T:\wygenrowane_do_EU\KOLEKCJA\mockup.png
T:\wygenrowane_do_EU\KOLEKCJA\mockup2.png
T:\wygenrowane_do_EU\A\0\1.jpg
T:\wygenrowane_do_EU\A\0\2.jpg
T:\wygenrowane_do_EU\A\0\3.jpg
T:\wygenrowane_do_EU\A\0\4.jpg
T:\wygenrowane_do_EU\A\0\5.jpg
T:\wygenrowane_do_EU\A\0\6.jpg
T:\wygenrowane_do_EU\A\0\miniatura1.jpg
";99;23;0;10532;1000;;;
15364;"Ceramiczne SZKŁO HARTOWANE NA SAMSUNG GALAXY A55 ";"Samsung Galaxy A55 (id: 33187a6475a048a9d3f53ef49960fdca272b35c59b615bd9b3d1668adcaf8289)
";"GALAXY A55 ";SAMSUNG;"249828|3|249828_1884472|
";29.99;"T:\wygenrowane_do_EU\A\0\miniatura_t_1.jpg
T:\wygenrowane_do_EU\KOLEKCJA\mockup.png
T:\wygenrowane_do_EU\KOLEKCJA\mockup2.png
T:\wygenrowane_do_EU\A\0\1.jpg
T:\wygenrowane_do_EU\A\0\2.jpg
T:\wygenrowane_do_EU\A\0\3.jpg
T:\wygenrowane_do_EU\A\0\4.jpg
T:\wygenrowane_do_EU\A\0\5.jpg
T:\wygenrowane_do_EU\A\0\6.jpg
T:\wygenrowane_do_EU\A\0\miniatura1.jpg
";99;23;0;10532;1000;;;
15365;"Ceramiczne SZKŁO HARTOWANE NA SAMSUNG GALAXY M35 ";"Samsung Galaxy M35 (id: 1e0c7620e986f9302340058acfa97803dfcb53da0a39d33a6174aabb01ec0ca5)
";"GALAXY M35 ";SAMSUNG;"249828|3|249828_2006575|
";29.99;"T:\wygenrowane_do_EU\A\0\miniatura_t_1.jpg
T:\wygenrowane_do_EU\KOLEKCJA\mockup.png
T:\wygenrowane_do_EU\KOLEKCJA\mockup2.png
T:\wygenrowane_do_EU\A\0\1.jpg
T:\wygenrowane_do_EU\A\0\2.jpg
T:\wygenrowane_do_EU\A\0\3.jpg
T:\wygenrowane_do_EU\A\0\4.jpg
T:\wygenrowane_do_EU\A\0\5.jpg
T:\wygenrowane_do_EU\A\0\6.jpg
T:\wygenrowane_do_EU\A\0\miniatura1.jpg
";99;23;0;10532;1000;;;
15366;"Ceramiczne SZKŁO HARTOWANE NA SAMSUNG GALAXY S20 FE";"Samsung Galaxy S20 FE (id: 259e3c12b12d699790cd9592f722b4ca54f2645053a37b957b8d7419cf5fd212)
";"GALAXY S20 FE";SAMSUNG;"249828|3|249828_1747690|
";29.99;"T:\wygenrowane_do_EU\A\0\miniatura_t_1.jpg
T:\wygenrowane_do_EU\KOLEKCJA\mockup.png
T:\wygenrowane_do_EU\KOLEKCJA\mockup2.png
T:\wygenrowane_do_EU\A\0\1.jpg
T:\wygenrowane_do_EU\A\0\2.jpg
T:\wygenrowane_do_EU\A\0\3.jpg
T:\wygenrowane_do_EU\A\0\4.jpg
T:\wygenrowane_do_EU\A\0\5.jpg
T:\wygenrowane_do_EU\A\0\6.jpg
T:\wygenrowane_do_EU\A\0\miniatura1.jpg
";99;23;0;10532;1000;;;
15367;"Ceramiczne SZKŁO HARTOWANE NA SAMSUNG GALAXY S21 FE";"Samsung Galaxy S21 FE (id: 5eb958dd8adbf76478582ae4c67f56920b8075d20cf53d1f9472bbbafa5b60bf)
";"GALAXY S21 FE";SAMSUNG;"249828|3|249828_1747709|
";29.99;"T:\wygenrowane_do_EU\A\0\miniatura_t_1.jpg
T:\wygenrowane_do_EU\KOLEKCJA\mockup.png
T:\wygenrowane_do_EU\KOLEKCJA\mockup2.png
T:\wygenrowane_do_EU\A\0\1.jpg
T:\wygenrowane_do_EU\A\0\2.jpg
T:\wygenrowane_do_EU\A\0\3.jpg
T:\wygenrowane_do_EU\A\0\4.jpg
T:\wygenrowane_do_EU\A\0\5.jpg
T:\wygenrowane_do_EU\A\0\6.jpg
T:\wygenrowane_do_EU\A\0\miniatura1.jpg
";99;23;0;10532;1000;;;
15368;"Ceramiczne SZKŁO HARTOWANE NA SAMSUNG GALAXY S22";"Samsung Galaxy S22 (id: b0d3c3951ec75d6592a41ca46f244c4dda1707734626b1cc2d9663de204d6b0c)
Samsung Galaxy S23 (id: a9f946b0f34fb3ab9147df81f14e38179926b7e3282f0d8fc6246ed289aa5532)
";"GALAXY S22";SAMSUNG;"249828|3|249828_1747718|
";29.99;"T:\wygenrowane_do_EU\A\0\miniatura_t_1.jpg
T:\wygenrowane_do_EU\KOLEKCJA\mockup.png
T:\wygenrowane_do_EU\KOLEKCJA\mockup2.png
T:\wygenrowane_do_EU\A\0\1.jpg
T:\wygenrowane_do_EU\A\0\2.jpg
T:\wygenrowane_do_EU\A\0\3.jpg
T:\wygenrowane_do_EU\A\0\4.jpg
T:\wygenrowane_do_EU\A\0\5.jpg
T:\wygenrowane_do_EU\A\0\6.jpg
T:\wygenrowane_do_EU\A\0\miniatura1.jpg
";99;23;0;10532;1000;;;
15368;"Ceramiczne SZKŁO HARTOWANE NA SAMSUNG GALAXY S23";"Samsung Galaxy S22 (id: b0d3c3951ec75d6592a41ca46f244c4dda1707734626b1cc2d9663de204d6b0c)
Samsung Galaxy S23 (id: a9f946b0f34fb3ab9147df81f14e38179926b7e3282f0d8fc6246ed289aa5532)
";"GALAXY S23";SAMSUNG;"249828|3|249828_1747734|
";29.99;"T:\wygenrowane_do_EU\A\0\miniatura_t_1.jpg
T:\wygenrowane_do_EU\KOLEKCJA\mockup.png
T:\wygenrowane_do_EU\KOLEKCJA\mockup2.png
T:\wygenrowane_do_EU\A\0\1.jpg
T:\wygenrowane_do_EU\A\0\2.jpg
T:\wygenrowane_do_EU\A\0\3.jpg
T:\wygenrowane_do_EU\A\0\4.jpg
T:\wygenrowane_do_EU\A\0\5.jpg
T:\wygenrowane_do_EU\A\0\6.jpg
T:\wygenrowane_do_EU\A\0\miniatura1.jpg
";99;23;0;10532;1000;;;
15369;"Ceramiczne SZKŁO HARTOWANE NA SAMSUNG GALAXY S24";"Samsung Galaxy S24 (id: 2bbf71614077181ff460b3d156f53828ae144dd44a9581224318a08daec55504)
";"GALAXY S24";SAMSUNG;"249828|3|249828_1884483|
";29.99;"T:\wygenrowane_do_EU\A\0\miniatura_t_1.jpg
T:\wygenrowane_do_EU\KOLEKCJA\mockup.png
T:\wygenrowane_do_EU\KOLEKCJA\mockup2.png
T:\wygenrowane_do_EU\A\0\1.jpg
T:\wygenrowane_do_EU\A\0\2.jpg
T:\wygenrowane_do_EU\A\0\3.jpg
T:\wygenrowane_do_EU\A\0\4.jpg
T:\wygenrowane_do_EU\A\0\5.jpg
T:\wygenrowane_do_EU\A\0\6.jpg
T:\wygenrowane_do_EU\A\0\miniatura1.jpg
";99;23;0;10532;1000;;;
15370;"Ceramiczne SZKŁO HARTOWANE NA SAMSUNG GALAXY S25";"Samsung Galaxy S25 (id: 1a09c77bd5edb91c047ec561208b94c7a21fbfd73ac23dde6f323cfc80fd5c5d)
";"GALAXY S25";SAMSUNG;"249828|3|249828_1934723|
";29.99;"T:\wygenrowane_do_EU\A\0\miniatura_t_1.jpg
T:\wygenrowane_do_EU\KOLEKCJA\mockup.png
T:\wygenrowane_do_EU\KOLEKCJA\mockup2.png
T:\wygenrowane_do_EU\A\0\1.jpg
T:\wygenrowane_do_EU\A\0\2.jpg
T:\wygenrowane_do_EU\A\0\3.jpg
T:\wygenrowane_do_EU\A\0\4.jpg
T:\wygenrowane_do_EU\A\0\5.jpg
T:\wygenrowane_do_EU\A\0\6.jpg
T:\wygenrowane_do_EU\A\0\miniatura1.jpg
";99;23;0;10532;1000;;;
15371;"Ceramiczne SZKŁO HARTOWANE NA XIAOMI REDMI 13C";"Xiaomi Redmi 13C (id: 457cccea5ee3a3e4def3121526d2b352fe13af63ad88a4188923f9773cf42741)
Xiaomi Redmi 13C 5G (id: 24eedd20026cc9125f59ef8673aee2f1d60c017f812ab74f7d2885ac34651feb)
";"REDMI 13C";XIAOMI;"249828|3|249828_1884627|
";29.99;"T:\wygenrowane_do_EU\A\0\miniatura_t_1.jpg
T:\wygenrowane_do_EU\KOLEKCJA\mockup.png
T:\wygenrowane_do_EU\KOLEKCJA\mockup2.png
T:\wygenrowane_do_EU\A\0\1.jpg
T:\wygenrowane_do_EU\A\0\2.jpg
T:\wygenrowane_do_EU\A\0\3.jpg
T:\wygenrowane_do_EU\A\0\4.jpg
T:\wygenrowane_do_EU\A\0\5.jpg
T:\wygenrowane_do_EU\A\0\6.jpg
T:\wygenrowane_do_EU\A\0\miniatura1.jpg
";99;23;0;10532;1000;;;
15371;"Ceramiczne SZKŁO HARTOWANE NA XIAOMI REDMI 13C 5G";"Xiaomi Redmi 13C (id: 457cccea5ee3a3e4def3121526d2b352fe13af63ad88a4188923f9773cf42741)
Xiaomi Redmi 13C 5G (id: 24eedd20026cc9125f59ef8673aee2f1d60c017f812ab74f7d2885ac34651feb)
";"REDMI 13C 5G";XIAOMI;"249828|3|249828_1884628|
";29.99;"T:\wygenrowane_do_EU\A\0\miniatura_t_1.jpg
T:\wygenrowane_do_EU\KOLEKCJA\mockup.png
T:\wygenrowane_do_EU\KOLEKCJA\mockup2.png
T:\wygenrowane_do_EU\A\0\1.jpg
T:\wygenrowane_do_EU\A\0\2.jpg
T:\wygenrowane_do_EU\A\0\3.jpg
T:\wygenrowane_do_EU\A\0\4.jpg
T:\wygenrowane_do_EU\A\0\5.jpg
T:\wygenrowane_do_EU\A\0\6.jpg
T:\wygenrowane_do_EU\A\0\miniatura1.jpg
";99;23;0;10532;1000;;;
15372;"Ceramiczne SZKŁO HARTOWANE NA XIAOMI REDMI NOTE 13";"Xiaomi Redmi Note 13 (id: f0da2f7c97f2681309058fcec1c587e037a773ff0b399710e5f42395e31d1937)
Xiaomi Redmi Note 13 5G (id: 4f377b92a3ddf0cc9d90dacd7d8aeed584284be9e8959e9af4239be8a51ff55d)
";"REDMI NOTE 13";XIAOMI;"249828|3|249828_1884636|
";29.99;"T:\wygenrowane_do_EU\A\0\miniatura_t_1.jpg
T:\wygenrowane_do_EU\KOLEKCJA\mockup.png
T:\wygenrowane_do_EU\KOLEKCJA\mockup2.png
T:\wygenrowane_do_EU\A\0\1.jpg
T:\wygenrowane_do_EU\A\0\2.jpg
T:\wygenrowane_do_EU\A\0\3.jpg
T:\wygenrowane_do_EU\A\0\4.jpg
T:\wygenrowane_do_EU\A\0\5.jpg
T:\wygenrowane_do_EU\A\0\6.jpg
T:\wygenrowane_do_EU\A\0\miniatura1.jpg
";99;23;0;10532;1000;;;
15372;"Ceramiczne SZKŁO HARTOWANE NA XIAOMI REDMI NOTE 13 5G";"Xiaomi Redmi Note 13 (id: f0da2f7c97f2681309058fcec1c587e037a773ff0b399710e5f42395e31d1937)
Xiaomi Redmi Note 13 5G (id: 4f377b92a3ddf0cc9d90dacd7d8aeed584284be9e8959e9af4239be8a51ff55d)
";"REDMI NOTE 13 5G";XIAOMI;"249828|3|249828_1884638|
";29.99;"T:\wygenrowane_do_EU\A\0\miniatura_t_1.jpg
T:\wygenrowane_do_EU\KOLEKCJA\mockup.png
T:\wygenrowane_do_EU\KOLEKCJA\mockup2.png
T:\wygenrowane_do_EU\A\0\1.jpg
T:\wygenrowane_do_EU\A\0\2.jpg
T:\wygenrowane_do_EU\A\0\3.jpg
T:\wygenrowane_do_EU\A\0\4.jpg
T:\wygenrowane_do_EU\A\0\5.jpg
T:\wygenrowane_do_EU\A\0\6.jpg
T:\wygenrowane_do_EU\A\0\miniatura1.jpg
";99;23;0;10532;1000;;;
15392;"Ceramiczne SZKŁO HARTOWANE NA SAMSUNG GALAXY S24 ULTRA";"Samsung Galaxy S24 Ultra (id: a4bf172a7a2af89f7cf7767ff72997e6d284893b6f17712a166eb0ddcdae24a6)
";"GALAXY S24 ULTRA";SAMSUNG;"249828|3|249828_1884485|
";29.99;"T:\wygenrowane_do_EU\A\0\miniatura_t_1.jpg
T:\wygenrowane_do_EU\KOLEKCJA\mockup.png
T:\wygenrowane_do_EU\KOLEKCJA\mockup2.png
T:\wygenrowane_do_EU\A\0\1.jpg
T:\wygenrowane_do_EU\A\0\2.jpg
T:\wygenrowane_do_EU\A\0\3.jpg
T:\wygenrowane_do_EU\A\0\4.jpg
T:\wygenrowane_do_EU\A\0\5.jpg
T:\wygenrowane_do_EU\A\0\6.jpg
T:\wygenrowane_do_EU\A\0\miniatura1.jpg
";99;23;0;10532;1000;;;
15407;"Ceramiczne SZKŁO HARTOWANE NA SAMSUNG GALAXY A36";"Samsung Galaxy A36 (id: 7d0fff05179cc8a48fe8f53f1fde2ce44ea6f34c405e11345506d000beabfd32)
";"GALAXY A36";SAMSUNG;"249828|3|249828_2005819|
";29.99;"T:\wygenrowane_do_EU\A\0\miniatura_t_1.jpg
T:\wygenrowane_do_EU\KOLEKCJA\mockup.png
T:\wygenrowane_do_EU\KOLEKCJA\mockup2.png
T:\wygenrowane_do_EU\A\0\1.jpg
T:\wygenrowane_do_EU\A\0\2.jpg
T:\wygenrowane_do_EU\A\0\3.jpg
T:\wygenrowane_do_EU\A\0\4.jpg
T:\wygenrowane_do_EU\A\0\5.jpg
T:\wygenrowane_do_EU\A\0\6.jpg
T:\wygenrowane_do_EU\A\0\miniatura1.jpg
";99;23;0;10532;1000;;;
15408;"Ceramiczne SZKŁO HARTOWANE NA SAMSUNG GALAXY A36";"Samsung Galaxy A36 (id: 7d0fff05179cc8a48fe8f53f1fde2ce44ea6f34c405e11345506d000beabfd32)
";"GALAXY A36";SAMSUNG;"249828|3|249828_2005819|
";29.99;"T:\wygenrowane_do_EU\A\0\miniatura_t_1.jpg
T:\wygenrowane_do_EU\KOLEKCJA\mockup.png
T:\wygenrowane_do_EU\KOLEKCJA\mockup2.png
T:\wygenrowane_do_EU\A\0\1.jpg
T:\wygenrowane_do_EU\A\0\2.jpg
T:\wygenrowane_do_EU\A\0\3.jpg
T:\wygenrowane_do_EU\A\0\4.jpg
T:\wygenrowane_do_EU\A\0\5.jpg
T:\wygenrowane_do_EU\A\0\6.jpg
T:\wygenrowane_do_EU\A\0\miniatura1.jpg
";99;23;0;10532;1000;;;
15447;"Ceramiczne SZKŁO HARTOWANE NA SAMSUNG GALAXY S24 FE";"Samsung Galaxy S24 FE (id: 8c78cb211512e3d5f8cf1a0ea63fa3d45bb58460bb97ac628d84ac1adc756d43)
";"GALAXY S24 FE";SAMSUNG;"249828|3|249828_1923645|
";29.99;"T:\wygenrowane_do_EU\A\0\miniatura_t_1.jpg
T:\wygenrowane_do_EU\KOLEKCJA\mockup.png
T:\wygenrowane_do_EU\KOLEKCJA\mockup2.png
T:\wygenrowane_do_EU\A\0\1.jpg
T:\wygenrowane_do_EU\A\0\2.jpg
T:\wygenrowane_do_EU\A\0\3.jpg
T:\wygenrowane_do_EU\A\0\4.jpg
T:\wygenrowane_do_EU\A\0\5.jpg
T:\wygenrowane_do_EU\A\0\6.jpg
T:\wygenrowane_do_EU\A\0\miniatura1.jpg
";99;23;0;10532;1000;;;
15448;"Ceramiczne SZKŁO HARTOWANE NA SAMSUNG GALAXY S25";"Samsung Galaxy S25 (id: 1a09c77bd5edb91c047ec561208b94c7a21fbfd73ac23dde6f323cfc80fd5c5d)
";"GALAXY S25";SAMSUNG;"249828|3|249828_1934723|
";29.99;"T:\wygenrowane_do_EU\A\0\miniatura_t_1.jpg
T:\wygenrowane_do_EU\KOLEKCJA\mockup.png
T:\wygenrowane_do_EU\KOLEKCJA\mockup2.png
T:\wygenrowane_do_EU\A\0\1.jpg
T:\wygenrowane_do_EU\A\0\2.jpg
T:\wygenrowane_do_EU\A\0\3.jpg
T:\wygenrowane_do_EU\A\0\4.jpg
T:\wygenrowane_do_EU\A\0\5.jpg
T:\wygenrowane_do_EU\A\0\6.jpg
T:\wygenrowane_do_EU\A\0\miniatura1.jpg
";99;23;0;10532;1000;;;
15449;"Ceramiczne SZKŁO HARTOWANE NA SAMSUNG GALAXY S25 EDGE";"Samsung Galaxy S25 Edge (id: 503ce94ff078bf11d46f1ba6adc683c5436c14d822e3dfbdf8c7e1a2be4527fa)
";"GALAXY S25 EDGE";SAMSUNG;"249828|3|249828_2006715|
";29.99;"T:\wygenrowane_do_EU\A\0\miniatura_t_1.jpg
T:\wygenrowane_do_EU\KOLEKCJA\mockup.png
T:\wygenrowane_do_EU\KOLEKCJA\mockup2.png
T:\wygenrowane_do_EU\A\0\1.jpg
T:\wygenrowane_do_EU\A\0\2.jpg
T:\wygenrowane_do_EU\A\0\3.jpg
T:\wygenrowane_do_EU\A\0\4.jpg
T:\wygenrowane_do_EU\A\0\5.jpg
T:\wygenrowane_do_EU\A\0\6.jpg
T:\wygenrowane_do_EU\A\0\miniatura1.jpg
";99;23;0;10532;1000;;;
15450;"Ceramiczne SZKŁO HARTOWANE NA SAMSUNG GALAXY S25 PLUS";"Samsung Galaxy S25+ (id: cea103499a9a4c16a7c1c25bafde72aa10e2fb26a196eb283116443a44f1f597)
";"GALAXY S25 PLUS";SAMSUNG;"249828|3|249828_2006487|
";29.99;"T:\wygenrowane_do_EU\A\0\miniatura_t_1.jpg
T:\wygenrowane_do_EU\KOLEKCJA\mockup.png
T:\wygenrowane_do_EU\KOLEKCJA\mockup2.png
T:\wygenrowane_do_EU\A\0\1.jpg
T:\wygenrowane_do_EU\A\0\2.jpg
T:\wygenrowane_do_EU\A\0\3.jpg
T:\wygenrowane_do_EU\A\0\4.jpg
T:\wygenrowane_do_EU\A\0\5.jpg
T:\wygenrowane_do_EU\A\0\6.jpg
T:\wygenrowane_do_EU\A\0\miniatura1.jpg
";99;23;0;10532;1000;;;
15451;"Ceramiczne SZKŁO HARTOWANE NA SAMSUNG GALAXY S25 ULTRA";"Samsung Galaxy S25 Ultra (id: 28c6f9042cf06d7acfaf6e3bfcdfde950d5312cabdc0e7f88a80216a76d5e5dc)
";"GALAXY S25 ULTRA";SAMSUNG;"249828|3|249828_1934725|
";29.99;"T:\wygenrowane_do_EU\A\0\miniatura_t_1.jpg
T:\wygenrowane_do_EU\KOLEKCJA\mockup.png
T:\wygenrowane_do_EU\KOLEKCJA\mockup2.png
T:\wygenrowane_do_EU\A\0\1.jpg
T:\wygenrowane_do_EU\A\0\2.jpg
T:\wygenrowane_do_EU\A\0\3.jpg
T:\wygenrowane_do_EU\A\0\4.jpg
T:\wygenrowane_do_EU\A\0\5.jpg
T:\wygenrowane_do_EU\A\0\6.jpg
T:\wygenrowane_do_EU\A\0\miniatura1.jpg
";99;23;0;10532;1000;;;
15452;"Ceramiczne SZKŁO HARTOWANE NA XIAOMI REDMI 13C";"Xiaomi Redmi 13C (id: 457cccea5ee3a3e4def3121526d2b352fe13af63ad88a4188923f9773cf42741)
Xiaomi Redmi 13C 5G (id: 24eedd20026cc9125f59ef8673aee2f1d60c017f812ab74f7d2885ac34651feb)
";"REDMI 13C";XIAOMI;"249828|3|249828_1884627|
";29.99;"T:\wygenrowane_do_EU\A\0\miniatura_t_1.jpg
T:\wygenrowane_do_EU\KOLEKCJA\mockup.png
T:\wygenrowane_do_EU\KOLEKCJA\mockup2.png
T:\wygenrowane_do_EU\A\0\1.jpg
T:\wygenrowane_do_EU\A\0\2.jpg
T:\wygenrowane_do_EU\A\0\3.jpg
T:\wygenrowane_do_EU\A\0\4.jpg
T:\wygenrowane_do_EU\A\0\5.jpg
T:\wygenrowane_do_EU\A\0\6.jpg
T:\wygenrowane_do_EU\A\0\miniatura1.jpg
";99;23;0;10532;1000;;;
15452;"Ceramiczne SZKŁO HARTOWANE NA XIAOMI REDMI 13C 5G";"Xiaomi Redmi 13C (id: 457cccea5ee3a3e4def3121526d2b352fe13af63ad88a4188923f9773cf42741)
Xiaomi Redmi 13C 5G (id: 24eedd20026cc9125f59ef8673aee2f1d60c017f812ab74f7d2885ac34651feb)
";"REDMI 13C 5G";XIAOMI;"249828|3|249828_1884628|
";29.99;"T:\wygenrowane_do_EU\A\0\miniatura_t_1.jpg
T:\wygenrowane_do_EU\KOLEKCJA\mockup.png
T:\wygenrowane_do_EU\KOLEKCJA\mockup2.png
T:\wygenrowane_do_EU\A\0\1.jpg
T:\wygenrowane_do_EU\A\0\2.jpg
T:\wygenrowane_do_EU\A\0\3.jpg
T:\wygenrowane_do_EU\A\0\4.jpg
T:\wygenrowane_do_EU\A\0\5.jpg
T:\wygenrowane_do_EU\A\0\6.jpg
T:\wygenrowane_do_EU\A\0\miniatura1.jpg
";99;23;0;10532;1000;;;
15453;"Ceramiczne SZKŁO HARTOWANE NA APPLE AIR";"Apple iPhone Air (id: 4eb6cd83e929621ef54bcf51e557c1cdd57947af83f8d68216b88be19d02f112)
";AIR;APPLE;"249828|3|249828_2041804|
";29.99;"T:\wygenrowane_do_EU\A\0\miniatura_t_1.jpg
T:\wygenrowane_do_EU\KOLEKCJA\mockup.png
T:\wygenrowane_do_EU\KOLEKCJA\mockup2.png
T:\wygenrowane_do_EU\A\0\1.jpg
T:\wygenrowane_do_EU\A\0\2.jpg
T:\wygenrowane_do_EU\A\0\3.jpg
T:\wygenrowane_do_EU\A\0\4.jpg
T:\wygenrowane_do_EU\A\0\5.jpg
T:\wygenrowane_do_EU\A\0\6.jpg
T:\wygenrowane_do_EU\A\0\miniatura1.jpg
";99;23;0;10532;1000;;;
